latitude,longitude,elevation,utc_offset_seconds,timezone,timezone_abbreviation
-5.1669593,119.43022,5,28800,Asia/Indonesia/ Makassar,GMT+8
,,,,,
time,temperature_2m (°C),relative_humidity_2m (%),precipitation (mm),wind_speed_10m (km/h),cloud_cover (%)
2025-01-01T00:00,25,89,0.7,5,100
2025-01-01T01:00,25.1,93,0.2,5.7,100
2025-01-01T02:00,24.7,95,0.7,6,100
2025-01-01T03:00,24.6,95,0.3,4.1,100
2025-01-01T04:00,25,94,0.3,6.6,100
2025-01-01T05:00,24.6,96,0.1,4.4,100
2025-01-01T06:00,24.7,95,0.2,6.6,100
2025-01-01T07:00,25.3,93,0.1,5.4,100
2025-01-01T08:00,26,89,0.1,6,100
2025-01-01T09:00,27.2,82,0.1,4.6,100
2025-01-01T10:00,28.1,78,0.1,2.2,100
2025-01-01T11:00,28.4,76,0.1,4.3,100
2025-01-01T12:00,28.5,76,0.1,4.5,100
2025-01-01T13:00,28.7,75,0.5,3.2,100
2025-01-01T14:00,29,73,0.1,2.4,97
2025-01-01T15:00,29.1,73,0,1.8,100
2025-01-01T16:00,27.7,80,3.8,12.2,100
2025-01-01T17:00,26.7,86,0.1,4.2,100
2025-01-01T18:00,26.6,86,0,1.5,100
2025-01-01T19:00,26.3,89,0,5.8,100
2025-01-01T20:00,25.9,91,0.1,5.4,51
2025-01-01T21:00,26.2,87,0.2,4,100
2025-01-01T22:00,25.9,84,1.5,3.7,93
2025-01-01T23:00,25.5,91,0.1,7.3,81
2025-01-02T00:00,25,94,0,7.5,99
2025-01-02T01:00,25,92,0,6.2,98
2025-01-02T02:00,25,90,0,6.1,100
2025-01-02T03:00,25.1,89,0,7.8,100
2025-01-02T04:00,25,88,0,8.6,100
2025-01-02T05:00,25.3,86,0,7.4,100
2025-01-02T06:00,25.3,86,0.2,2.9,100
2025-01-02T07:00,25,90,2.1,7.9,100
2025-01-02T08:00,25.8,88,0.4,7.8,100
2025-01-02T09:00,25.8,88,2.4,4.5,100
2025-01-02T10:00,26.6,84,0.5,5.4,100
2025-01-02T11:00,27.1,82,0.5,8.8,100
2025-01-02T12:00,27.4,83,0.1,7.3,100
2025-01-02T13:00,27.4,81,0.1,5.5,100
2025-01-02T14:00,27.1,82,0.2,4.8,100
2025-01-02T15:00,26.3,85,3.1,3.7,100
2025-01-02T16:00,26,87,1.3,4,100
2025-01-02T17:00,25.8,90,0.7,4.6,100
2025-01-02T18:00,25.4,95,0.3,5.9,100
2025-01-02T19:00,25.2,96,0.5,3.9,100
2025-01-02T20:00,25.2,95,0.6,5.8,100
2025-01-02T21:00,25.8,93,0.2,0.7,100
2025-01-02T22:00,25.7,90,0.1,1.6,100
2025-01-02T23:00,25.5,93,0,5,100
2025-01-03T00:00,25.2,93,0,6.2,100
2025-01-03T01:00,25.1,91,0.1,5.8,100
2025-01-03T02:00,24.9,91,0,7.1,100
2025-01-03T03:00,24.7,91,0,5.8,100
2025-01-03T04:00,24.5,90,0,5.2,100
2025-01-03T05:00,24.6,88,0,4.7,100
2025-01-03T06:00,24.4,89,0.2,4.3,100
2025-01-03T07:00,24.7,92,3.5,6.3,100
2025-01-03T08:00,25.4,90,0.3,4.2,99
2025-01-03T09:00,27,84,0.1,5,47
2025-01-03T10:00,27.8,80,0.1,6.8,33
2025-01-03T11:00,28.4,78,0,5.9,38
2025-01-03T12:00,28.6,77,0.1,9.7,56
2025-01-03T13:00,28.4,78,0,8.6,82
2025-01-03T14:00,28.2,79,0.1,9.7,92
2025-01-03T15:00,28,80,0,9.3,79
2025-01-03T16:00,28.1,78,0,8,68
2025-01-03T17:00,27.3,82,1.5,5.1,95
2025-01-03T18:00,25.8,88,5.3,7.7,100
2025-01-03T19:00,25.4,93,0.8,6.1,100
2025-01-03T20:00,25.5,91,0.1,5.7,100
2025-01-03T21:00,25.5,93,0.7,7.1,100
2025-01-03T22:00,25.4,94,1.1,6.8,100
2025-01-03T23:00,25.1,90,1.2,7,100
2025-01-04T00:00,24.8,95,0.4,6,100
2025-01-04T01:00,24.6,96,0.5,7.3,100
2025-01-04T02:00,24.7,94,0.2,6.7,100
2025-01-04T03:00,25,94,0.2,6.2,100
2025-01-04T04:00,25,93,0.4,6.5,100
2025-01-04T05:00,24.7,94,0.2,8.4,100
2025-01-04T06:00,24.8,94,0.1,7.9,100
2025-01-04T07:00,25.1,93,0.1,8.6,100
2025-01-04T08:00,25.9,89,0.1,9.3,100
2025-01-04T09:00,27.8,79,0,8.3,31
2025-01-04T10:00,28.2,78,0,8.7,37
2025-01-04T11:00,27.7,81,0.3,9.7,32
2025-01-04T12:00,28.3,78,0,11.2,72
2025-01-04T13:00,28.5,78,0,11.6,68
2025-01-04T14:00,27.7,81,0.2,8.5,82
2025-01-04T15:00,27.4,81,0.3,9,99
2025-01-04T16:00,27.1,85,0.1,6.6,100
2025-01-04T17:00,26.7,84,1,6,99
2025-01-04T18:00,26,85,0.9,6.5,89
2025-01-04T19:00,25.6,91,0,8.3,97
2025-01-04T20:00,25.3,93,0,8.9,99
2025-01-04T21:00,25,94,0.3,5.9,100
2025-01-04T22:00,25.1,93,0.2,7.2,100
2025-01-04T23:00,25.1,92,0.2,8.4,100
2025-01-05T00:00,24.6,94,0.2,8.3,100
2025-01-05T01:00,24.3,94,0.1,8.3,100
2025-01-05T02:00,24.4,92,0.1,6.5,100
2025-01-05T03:00,24.4,93,0.2,8.7,100
2025-01-05T04:00,24.2,92,0.9,8.4,100
2025-01-05T05:00,23.9,94,2.1,5.6,100
2025-01-05T06:00,24.1,95,0.7,4,100
2025-01-05T07:00,24.2,96,1,4.9,100
2025-01-05T08:00,24.8,93,0.5,3.7,100
2025-01-05T09:00,24.9,91,5.6,5.8,100
2025-01-05T10:00,25.7,90,0.5,5.5,100
2025-01-05T11:00,26.2,86,1,9.8,100
2025-01-05T12:00,25.8,85,3.1,14.9,100
2025-01-05T13:00,25.2,92,3.8,7.3,100
2025-01-05T14:00,26.4,86,1.5,6.7,100
2025-01-05T15:00,26.2,86,0.1,6.8,100
2025-01-05T16:00,26.7,82,0,8.9,100
2025-01-05T17:00,26.6,81,0.1,9.8,100
2025-01-05T18:00,26.5,84,0,7.6,100
2025-01-05T19:00,26.3,86,0,8.1,100
2025-01-05T20:00,26.1,87,0,8.8,100
2025-01-05T21:00,26.3,90,0.1,7.6,100
2025-01-05T22:00,25.9,91,0.1,7.1,100
2025-01-05T23:00,26,88,0.2,4.6,92
2025-01-06T00:00,26,87,0.1,4.8,74
2025-01-06T01:00,25.5,89,0.3,4.4,59
2025-01-06T02:00,24.7,93,0,7.6,43
2025-01-06T03:00,24.4,93,0.1,3.8,95
2025-01-06T04:00,24.2,94,0.1,1.4,98
2025-01-06T05:00,24.4,92,0.2,0.2,98
2025-01-06T06:00,24.7,91,0,1,87
2025-01-06T07:00,25.6,91,0,3.1,84
2025-01-06T08:00,26.4,91,0,3.9,27
2025-01-06T09:00,27.7,82,0.1,6,45
2025-01-06T10:00,28.2,79,0.1,7.8,26
2025-01-06T11:00,28.7,79,0,6.9,66
2025-01-06T12:00,29.1,76,0,6.6,46
2025-01-06T13:00,29.2,76,0,7.6,15
2025-01-06T14:00,29.2,75,0,7.6,20
2025-01-06T15:00,28.9,79,0,7.5,12
2025-01-06T16:00,28.6,81,0,5.9,25
2025-01-06T17:00,28.3,81,0,6.1,62
2025-01-06T18:00,28,82,0,4.5,33
2025-01-06T19:00,27.9,83,0,1.3,13
2025-01-06T20:00,27.8,82,0,0.4,33
2025-01-06T21:00,26.8,91,0,7,83
2025-01-06T22:00,26.4,90,0,6.1,91
2025-01-06T23:00,26.2,91,0,3.6,94
2025-01-07T00:00,26.1,92,0.1,2.8,71
2025-01-07T01:00,25.9,94,0,4,78
2025-01-07T02:00,25.4,93,0,7,90
2025-01-07T03:00,25.1,91,0,6,100
2025-01-07T04:00,24.8,91,0,5.1,100
2025-01-07T05:00,24.7,90,0,5.8,100
2025-01-07T06:00,24.6,89,0,6.7,100
2025-01-07T07:00,25.1,88,0,4.9,97
2025-01-07T08:00,26.8,84,0,4,97
2025-01-07T09:00,28.2,80,0,4.1,100
2025-01-07T10:00,29.3,75,0,3.8,100
2025-01-07T11:00,29.9,72,0,3.2,100
2025-01-07T12:00,30.1,70,0,6.3,58
2025-01-07T13:00,30,71,0,6.8,61
2025-01-07T14:00,29.8,73,0,8.4,90
2025-01-07T15:00,29.5,73,0,7.6,100
2025-01-07T16:00,29.2,75,0,6.6,100
2025-01-07T17:00,28.8,78,0,4.7,100
2025-01-07T18:00,28.5,77,0.2,3.7,100
2025-01-07T19:00,28.1,82,0.1,4.6,100
2025-01-07T20:00,27.8,85,0,4.3,99
2025-01-07T21:00,26.7,88,0,7.5,100
2025-01-07T22:00,26.7,87,0,6.2,100
2025-01-07T23:00,26.8,87,0,4.9,100
2025-01-08T00:00,26.6,89,0,4.7,100
2025-01-08T01:00,26,91,0,5.3,100
2025-01-08T02:00,25.8,91,0,4.7,99
2025-01-08T03:00,25.7,90,0,4,58
2025-01-08T04:00,25.4,90,0,4.7,35
2025-01-08T05:00,25.2,90,0,5,97
2025-01-08T06:00,25.1,90,0,9.3,82
2025-01-08T07:00,25.2,91,0,9,99
2025-01-08T08:00,25.8,88,1.1,5.3,100
2025-01-08T09:00,28.2,76,0,5.9,99
2025-01-08T10:00,28.7,75,0.1,9.4,93
2025-01-08T11:00,28.7,76,0.1,7.5,100
2025-01-08T12:00,27.9,81,0,11.7,100
2025-01-08T13:00,28.2,79,0,9.1,100
2025-01-08T14:00,28,78,0.2,9.9,100
2025-01-08T15:00,28.1,76,0.1,9.9,100
2025-01-08T16:00,27.9,77,0.1,9.3,100
2025-01-08T17:00,26.7,80,1.4,14.8,100
2025-01-08T18:00,25,89,1.6,5.5,100
2025-01-08T19:00,25.3,89,0.1,3.8,100
2025-01-08T20:00,25.2,93,0.1,6.5,100
2025-01-08T21:00,26.2,90,0,7.5,100
2025-01-08T22:00,25.8,91,1.6,6.6,100
2025-01-08T23:00,25.7,91,0.6,5.4,100
2025-01-09T00:00,25.2,97,0.4,2.8,100
2025-01-09T01:00,25.1,95,0.2,9.7,100
2025-01-09T02:00,24.4,96,0,9.8,99
2025-01-09T03:00,24.4,94,0,6.5,100
2025-01-09T04:00,24.6,93,0,7.2,100
2025-01-09T05:00,24.7,92,0,7,100
2025-01-09T06:00,24.7,92,0,8,65
2025-01-09T07:00,25.2,93,0,8.6,16
2025-01-09T08:00,26.5,88,0,8.4,23
2025-01-09T09:00,27.2,81,0.1,6.9,98
2025-01-09T10:00,28.4,75,0,6.7,64
2025-01-09T11:00,28.9,73,0,6.2,96
2025-01-09T12:00,28.9,71,0,7.1,94
2025-01-09T13:00,29.2,70,0,8.5,57
2025-01-09T14:00,28.9,73,0.1,9,91
2025-01-09T15:00,28.2,77,0,10.4,100
2025-01-09T16:00,27.7,79,0.2,5.6,100
2025-01-09T17:00,27.7,80,0.1,1.6,100
2025-01-09T18:00,27.6,79,0.1,2.3,98
2025-01-09T19:00,27,86,0,6.2,83
2025-01-09T20:00,26.6,87,0,6.9,100
2025-01-09T21:00,26.2,90,0.6,2.4,99
2025-01-09T22:00,26.1,90,0.5,4,100
2025-01-09T23:00,26.1,88,0,4,100
2025-01-10T00:00,26.1,89,0,4.2,100
2025-01-10T01:00,25.5,92,1.7,4.1,100
2025-01-10T02:00,25.8,91,0.7,7.9,100
2025-01-10T03:00,25.3,94,2.3,5.1,100
2025-01-10T04:00,24.7,96,0.4,6.2,100
2025-01-10T05:00,24.2,97,3.8,4.1,100
2025-01-10T06:00,23.8,96,0.8,13.4,100
2025-01-10T07:00,23.8,93,0,8.6,100
2025-01-10T08:00,25,90,0.1,2.9,100
2025-01-10T09:00,26.8,83,0.2,7.3,100
2025-01-10T10:00,27.7,77,0.1,9,100
2025-01-10T11:00,28.5,73,0.2,10.4,99
2025-01-10T12:00,28.9,73,0.1,10.5,100
2025-01-10T13:00,28.8,73,0.1,13,100
2025-01-10T14:00,28.5,73,0.5,14.4,100
2025-01-10T15:00,27.8,78,0.8,10.7,100
2025-01-10T16:00,27,81,4.6,9.4,100
2025-01-10T17:00,27.3,79,0.3,7.3,98
2025-01-10T18:00,27.4,80,0.3,5.9,98
2025-01-10T19:00,26.5,87,0.3,3.6,100
2025-01-10T20:00,26.4,90,0.1,5,89
2025-01-10T21:00,25.6,95,0.2,4.7,100
2025-01-10T22:00,25.5,95,0.1,8.1,100
2025-01-10T23:00,25.4,94,0,7.6,100
2025-01-11T00:00,25.6,93,0.1,8.1,100
2025-01-11T01:00,25.7,92,0,7.5,100
2025-01-11T02:00,25.6,91,0,8.4,100
2025-01-11T03:00,25.5,91,0,7.3,100
2025-01-11T04:00,25.6,90,0,8.8,100
2025-01-11T05:00,25.6,89,0,9.2,100
2025-01-11T06:00,25.5,88,0,8.1,100
2025-01-11T07:00,25.7,89,0,6.9,100
2025-01-11T08:00,26.9,85,0,5.6,100
2025-01-11T09:00,27,84,0.2,7.2,100
2025-01-11T10:00,26.6,86,0.4,7.9,100
2025-01-11T11:00,27.6,81,0,7.5,100
2025-01-11T12:00,28,78,0.1,10.1,100
2025-01-11T13:00,27.7,80,0.1,10.6,100
2025-01-11T14:00,28.1,76,0.4,12.3,100
2025-01-11T15:00,28,78,0.3,11.5,100
2025-01-11T16:00,27.9,79,0.1,7.4,100
2025-01-11T17:00,26.4,86,1.9,6.4,100
2025-01-11T18:00,26.3,86,0.4,3.4,100
2025-01-11T19:00,26,88,0.1,1.8,100
2025-01-11T20:00,25.8,92,0,5.3,100
2025-01-11T21:00,25.5,94,0,6.6,100
2025-01-11T22:00,25.6,94,0,5.7,98
2025-01-11T23:00,25.4,93,0,6.8,100
2025-01-12T00:00,25.6,92,0,7.2,100
2025-01-12T01:00,25.5,93,0,7.5,100
2025-01-12T02:00,25.4,93,0,7.3,100
2025-01-12T03:00,25.4,92,0,7.8,100
2025-01-12T04:00,25.3,92,0,8,100
2025-01-12T05:00,25,92,0,7.5,100
2025-01-12T06:00,24.9,92,0,7.8,73
2025-01-12T07:00,25.4,91,0,6.9,100
2025-01-12T08:00,26.6,86,0,5.7,100
2025-01-12T09:00,27.7,80,0.2,8.2,100
2025-01-12T10:00,28.3,79,0.1,8.8,99
2025-01-12T11:00,28.6,78,0.2,8,98
2025-01-12T12:00,28.9,77,0.1,8.1,99
2025-01-12T13:00,28.3,77,0,9.7,100
2025-01-12T14:00,26.8,84,4.9,8.5,99
2025-01-12T15:00,27.2,82,0.3,7.3,100
2025-01-12T16:00,27,83,0.4,6,100
2025-01-12T17:00,27.2,82,0.2,5.8,100
2025-01-12T18:00,26.1,88,1,5.4,100
2025-01-12T19:00,25.8,92,0.2,4.8,100
2025-01-12T20:00,25.9,90,0.1,5.8,100
2025-01-12T21:00,25.7,93,0.2,8.3,100
2025-01-12T22:00,25.6,90,0.9,6.2,100
2025-01-12T23:00,25.6,92,0.9,8.7,100
2025-01-13T00:00,25.3,94,0.9,9.4,100
2025-01-13T01:00,25.1,94,0,8.9,100
2025-01-13T02:00,24.8,94,1.6,7.7,100
2025-01-13T03:00,24.7,94,2.1,6.5,100
2025-01-13T04:00,24.6,95,0.1,9.4,100
2025-01-13T05:00,24.5,95,0.2,10.4,100
2025-01-13T06:00,24.5,94,0,10.7,100
2025-01-13T07:00,25.2,93,0,8.6,100
2025-01-13T08:00,25.8,90,0,9.2,100
2025-01-13T09:00,25.6,91,1.3,9.2,100
2025-01-13T10:00,26.3,89,0.3,10.6,100
2025-01-13T11:00,27.2,82,0.1,11.3,100
2025-01-13T12:00,27.8,79,0.1,11.6,100
2025-01-13T13:00,28.2,77,0,10.2,100
2025-01-13T14:00,28.2,77,0,11.1,100
2025-01-13T15:00,27.7,79,0,12.2,100
2025-01-13T16:00,27.6,79,0,10.7,100
2025-01-13T17:00,27.7,78,0,10.7,100
2025-01-13T18:00,27.4,81,0,9.5,100
2025-01-13T19:00,27.1,84,0,8,100
2025-01-13T20:00,27.1,84,0,7.3,100
2025-01-13T21:00,27.2,86,0,6.3,100
2025-01-13T22:00,26.9,88,0,5.1,100
2025-01-13T23:00,26.4,91,0,6,100
2025-01-14T00:00,25.8,91,1.5,6.3,100
2025-01-14T01:00,25.5,90,1.5,9.7,100
2025-01-14T02:00,25.1,87,0.9,10,99
2025-01-14T03:00,24.3,89,0.2,8.7,100
2025-01-14T04:00,23.9,92,0.1,9.6,98
2025-01-14T05:00,24.1,92,0,8.5,99
2025-01-14T06:00,24.2,92,0,6.5,100
2025-01-14T07:00,24.7,93,0,5.3,100
2025-01-14T08:00,26.2,89,0,5.1,100
2025-01-14T09:00,28,80,0.1,5.9,100
2025-01-14T10:00,28.6,78,0.1,6.2,100
2025-01-14T11:00,29.1,76,0.1,7.9,100
2025-01-14T12:00,29.4,74,0.1,8.5,100
2025-01-14T13:00,29.2,74,0.2,10.7,99
2025-01-14T14:00,29.2,75,0,12.3,81
2025-01-14T15:00,28.4,78,0.2,12.6,100
2025-01-14T16:00,26.4,84,2.8,13.4,100
2025-01-14T17:00,26.4,87,1,7.7,100
2025-01-14T18:00,26.4,87,0.1,9.1,100
2025-01-14T19:00,25.8,90,0,10,100
2025-01-14T20:00,25.6,91,0,8.1,100
2025-01-14T21:00,25.2,95,2.3,6.3,100
2025-01-14T22:00,25.3,94,1,7.9,100
2025-01-14T23:00,24.9,95,0.1,10.7,100
2025-01-15T00:00,24.3,97,0.1,10.9,100
2025-01-15T01:00,24.1,94,0.1,10.1,100
2025-01-15T02:00,24,94,0.1,11.7,100
2025-01-15T03:00,24.5,92,0,9.8,100
2025-01-15T04:00,24.7,91,0.2,9.5,100
2025-01-15T05:00,24.9,92,0.3,6.8,100
2025-01-15T06:00,24.6,93,0.5,7.7,100
2025-01-15T07:00,25.2,93,0.3,6.5,100
2025-01-15T08:00,26.1,87,0.7,7.3,100
2025-01-15T09:00,26.1,86,1.5,9.3,100
2025-01-15T10:00,26.6,83,0.3,6.8,100
2025-01-15T11:00,27.1,82,0.3,8.6,100
2025-01-15T12:00,26.9,83,0.3,10.4,100
2025-01-15T13:00,26.5,83,0.7,15.6,100
2025-01-15T14:00,26.6,85,2.3,13.4,100
2025-01-15T15:00,26.5,82,6.9,13.4,100
2025-01-15T16:00,26.6,84,0.2,10.4,100
2025-01-15T17:00,26.6,86,0.1,11.5,100
2025-01-15T18:00,26.5,87,0.2,9.9,100
2025-01-15T19:00,26.2,89,0.2,10.8,98
2025-01-15T20:00,26.2,89,0.2,9.6,96
2025-01-15T21:00,25.6,92,0.1,13.3,100
2025-01-15T22:00,25.2,93,0,12.1,100
2025-01-15T23:00,25,93,0,11.9,99
2025-01-16T00:00,25.1,91,0.1,10.9,100
2025-01-16T01:00,25.3,91,0,10.7,100
2025-01-16T02:00,25.5,90,0,10.3,100
2025-01-16T03:00,25.7,89,0,8.7,100
2025-01-16T04:00,25.7,88,0,8.7,100
2025-01-16T05:00,25.7,88,0,7.7,100
2025-01-16T06:00,25.8,88,0,5.8,100
2025-01-16T07:00,26,88,0.1,4.1,100
2025-01-16T08:00,26.3,90,0,8,100
2025-01-16T09:00,28.3,76,0.1,8.4,100
2025-01-16T10:00,28.7,69,0.3,13.7,100
2025-01-16T11:00,28.2,73,0.2,13.2,99
2025-01-16T12:00,27.2,85,5.4,10.4,100
2025-01-16T13:00,27.6,80,0.2,14.2,100
2025-01-16T14:00,26.6,86,9.9,12.4,100
2025-01-16T15:00,27.3,82,0.3,12.5,100
2025-01-16T16:00,27.2,81,0.3,11.4,100
2025-01-16T17:00,26.7,84,0.5,10.6,100
2025-01-16T18:00,26.4,87,0.4,8.7,100
2025-01-16T19:00,25.7,93,0.2,9.1,100
2025-01-16T20:00,25.7,93,0.1,11.2,91
2025-01-16T21:00,26.6,89,0.1,6.4,100
2025-01-16T22:00,26.2,91,0.1,8.2,100
2025-01-16T23:00,25.9,92,0.1,9.5,100
2025-01-17T00:00,25.7,91,0,11.1,100
2025-01-17T01:00,25.5,90,0,8.6,100
2025-01-17T02:00,25.7,89,0,6.8,100
2025-01-17T03:00,25.7,89,0,6.6,100
2025-01-17T04:00,26,89,0,8.4,100
2025-01-17T05:00,25.9,90,0.1,8.4,98
2025-01-17T06:00,26.4,89,0,9.2,99
2025-01-17T07:00,26.6,86,1.1,7.9,100
2025-01-17T08:00,27.3,83,0.2,10.1,100
2025-01-17T09:00,27.4,81,1.4,12.4,100
2025-01-17T10:00,27.9,80,0.3,11.5,99
2025-01-17T11:00,27,85,0.8,10.8,100
2025-01-17T12:00,27.7,83,0.3,9.9,99
2025-01-17T13:00,28.4,79,0.2,14.1,100
2025-01-17T14:00,28.7,78,0.7,16.2,100
2025-01-17T15:00,29,75,0.4,16.9,100
2025-01-17T16:00,28.8,76,0,15.7,91
2025-01-17T17:00,28.8,73,0.7,14.7,96
2025-01-17T18:00,28.4,78,0,11.5,100
2025-01-17T19:00,27.9,82,0,9.1,98
2025-01-17T20:00,27.3,85,0.2,6.5,99
2025-01-17T21:00,27.4,87,0,7,97
2025-01-17T22:00,26.7,88,0,8.9,99
2025-01-17T23:00,26.4,87,0,7.7,100
2025-01-18T00:00,26.3,86,0,7.5,100
2025-01-18T01:00,26,87,0,6.9,100
2025-01-18T02:00,26.1,85,0,3.6,100
2025-01-18T03:00,26,85,0,5.4,100
2025-01-18T04:00,25.8,89,0,8.2,100
2025-01-18T05:00,25.6,90,0.1,7.9,100
2025-01-18T06:00,25.7,90,0.1,8.2,100
2025-01-18T07:00,26.2,89,0.1,8.3,100
2025-01-18T08:00,26.9,86,0.3,8.7,100
2025-01-18T09:00,27.9,80,0.2,9.9,100
2025-01-18T10:00,28.4,79,0.3,11.6,100
2025-01-18T11:00,28.6,77,0.1,14.3,100
2025-01-18T12:00,28.5,79,0.2,16.1,100
2025-01-18T13:00,28.7,79,0.1,14.4,100
2025-01-18T14:00,28.1,81,0.2,11.7,100
2025-01-18T15:00,28.3,79,0.4,5.8,100
2025-01-18T16:00,28.4,78,0,7.7,100
2025-01-18T17:00,27.9,80,0.2,6.5,100
2025-01-18T18:00,27.6,83,0.3,3.2,100
2025-01-18T19:00,27.3,86,0.2,3.4,100
2025-01-18T20:00,26.5,87,0.2,5.2,100
2025-01-18T21:00,25.8,93,0.6,5.1,100
2025-01-18T22:00,25.8,93,0.3,4.9,100
2025-01-18T23:00,25.1,96,0.1,8.8,100
2025-01-19T00:00,25,93,0,8.7,100
2025-01-19T01:00,25.1,91,0,3.6,100
2025-01-19T02:00,25,92,0.1,2.5,100
2025-01-19T03:00,25.5,89,0.7,3.8,100
2025-01-19T04:00,25.4,91,0.1,6.7,100
2025-01-19T05:00,24.8,95,1.7,5.6,100
2025-01-19T06:00,24.8,94,0.1,8.9,100
2025-01-19T07:00,25.2,94,0.2,5.9,100
2025-01-19T08:00,26.1,90,0.1,8.5,100
2025-01-19T09:00,27.2,84,0,8.3,100
2025-01-19T10:00,27.2,84,0.2,6,100
2025-01-19T11:00,26.4,86,0.5,8.1,100
2025-01-19T12:00,26.6,85,1,9.8,100
2025-01-19T13:00,26.7,85,1,7.2,100
2025-01-19T14:00,26.8,85,0.9,7.2,100
2025-01-19T15:00,26.9,85,0.8,9,100
2025-01-19T16:00,27.3,83,0.9,9,100
2025-01-19T17:00,27.3,82,0.2,8.3,100
2025-01-19T18:00,26.9,85,0.2,8.5,100
2025-01-19T19:00,26.2,89,0.1,11.8,100
2025-01-19T20:00,26,90,0.1,11.3,100
2025-01-19T21:00,25.8,90,1.1,6.9,100
2025-01-19T22:00,25.6,92,0.2,8.8,100
2025-01-19T23:00,25.7,91,0.1,8.3,100
2025-01-20T00:00,25.7,91,1,8,100
2025-01-20T01:00,25.1,93,4.3,8.4,100
2025-01-20T02:00,25.1,93,3.2,8.2,100
2025-01-20T03:00,24.9,93,2.1,8.8,100
2025-01-20T04:00,24.4,96,8,4,100
2025-01-20T05:00,24.4,96,0.5,6.9,100
2025-01-20T06:00,24.1,96,0.2,11.1,100
2025-01-20T07:00,24.9,93,0.3,5.6,100
2025-01-20T08:00,25.5,90,0.6,10.4,100
2025-01-20T09:00,25.3,92,0.3,9.5,100
2025-01-20T10:00,26.2,86,0.1,9.8,100
2025-01-20T11:00,26.3,85,0.7,8.1,100
2025-01-20T12:00,26.7,84,1,7.4,100
2025-01-20T13:00,27,81,0.9,6.4,100
2025-01-20T14:00,27,81,0.8,4.2,100
2025-01-20T15:00,27,83,1,2.6,100
2025-01-20T16:00,27.1,82,0.3,1.1,100
2025-01-20T17:00,26.9,83,0.3,2,100
2025-01-20T18:00,26.4,88,0.2,3.4,100
2025-01-20T19:00,26.1,90,0.7,0.4,100
2025-01-20T20:00,26,92,0.5,2.1,100
2025-01-20T21:00,26.3,93,0.3,3.2,100
2025-01-20T22:00,26.2,92,0.2,1.9,100
2025-01-20T23:00,25.9,93,0.1,2.3,100
2025-01-21T00:00,25.9,91,0.3,1.3,100
2025-01-21T01:00,25.7,91,1,1.3,100
2025-01-21T02:00,25.5,91,0.4,5.2,100
2025-01-21T03:00,25.4,93,0.2,2.9,100
2025-01-21T04:00,25.2,94,1.2,3.3,100
2025-01-21T05:00,25.1,94,1.6,2.2,100
2025-01-21T06:00,24.9,95,1,0.6,100
2025-01-21T07:00,24.7,96,2,5.5,100
2025-01-21T08:00,24.9,93,0.6,6.3,100
2025-01-21T09:00,25.5,90,4.2,7.1,100
2025-01-21T10:00,25.5,93,1.5,5.2,100
2025-01-21T11:00,25.7,94,3.8,5.7,100
2025-01-21T12:00,25.6,96,4.3,8.7,100
2025-01-21T13:00,25.6,92,2.4,8.6,100
2025-01-21T14:00,26.4,86,0.8,7.9,100
2025-01-21T15:00,26.6,84,0.4,8.4,100
2025-01-21T16:00,26.8,82,0.3,7.4,100
2025-01-21T17:00,26.7,84,0.1,5.5,100
2025-01-21T18:00,26.3,90,0.1,3.6,100
2025-01-21T19:00,26,92,0.1,2.9,100
2025-01-21T20:00,25.8,93,0.1,3.3,100
2025-01-21T21:00,25.6,93,0.1,4.4,100
2025-01-21T22:00,25.2,96,0.3,5.5,100
2025-01-21T23:00,25,98,0.1,2.4,100
2025-01-22T00:00,25,96,0.1,3.9,100
2025-01-22T01:00,24.8,97,0.1,2,100
2025-01-22T02:00,24.6,97,0,3,100
2025-01-22T03:00,24.5,97,0,5.3,100
2025-01-22T04:00,24.3,96,0,6.5,99
2025-01-22T05:00,24.2,95,0,7.4,100
2025-01-22T06:00,24.2,93,0.4,5.7,99
2025-01-22T07:00,24.6,93,1.3,6.4,100
2025-01-22T08:00,25.1,93,0.7,6.7,100
2025-01-22T09:00,26.8,85,0.1,4,100
2025-01-22T10:00,27.6,82,0.2,4.9,100
2025-01-22T11:00,28.1,79,0.1,4.5,100
2025-01-22T12:00,28.5,78,0.1,5.4,100
2025-01-22T13:00,28.3,79,0.1,7.5,100
2025-01-22T14:00,28.1,81,0.1,6.9,100
2025-01-22T15:00,27.9,80,0.1,6,99
2025-01-22T16:00,27.8,79,0.1,3.5,100
2025-01-22T17:00,27,82,0.3,3.9,100
2025-01-22T18:00,26.3,88,0.9,6,100
2025-01-22T19:00,25.7,95,0.6,7.7,100
2025-01-22T20:00,25.4,97,0.4,6.2,100
2025-01-22T21:00,25.5,97,0,5.7,100
2025-01-22T22:00,25.3,96,0,7.2,100
2025-01-22T23:00,25.2,95,0,6.1,100
2025-01-23T00:00,25.2,95,0,4.6,100
2025-01-23T01:00,25.1,95,0,4.5,99
2025-01-23T02:00,25,93,0,5.2,97
2025-01-23T03:00,24.8,93,0,5,100
2025-01-23T04:00,24.6,93,0,4,100
2025-01-23T05:00,24.4,94,0,4.6,100
2025-01-23T06:00,24.5,94,0,4.9,100
2025-01-23T07:00,24.7,91,0.1,6.3,100
2025-01-23T08:00,26.1,86,0,3.5,92
2025-01-23T09:00,26.9,83,0.3,3.9,55
2025-01-23T10:00,27.7,78,0.2,5.3,43
2025-01-23T11:00,28.1,79,0.4,7.1,58
2025-01-23T12:00,28.1,81,0.3,8.7,95
2025-01-23T13:00,28.1,79,0.4,9,100
2025-01-23T14:00,26.6,85,0.6,8.6,100
2025-01-23T15:00,27,85,0.7,7,100
2025-01-23T16:00,26.4,87,0.4,7,100
2025-01-23T17:00,25.8,89,3.6,3.7,100
2025-01-23T18:00,25.7,87,0.4,3.4,100
2025-01-23T19:00,24.8,96,4.3,6.2,100
2025-01-23T20:00,24.5,97,2.2,10.2,100
2025-01-23T21:00,24.7,91,2.7,5.1,100
2025-01-23T22:00,24.6,91,0.2,0,100
2025-01-23T23:00,24.8,92,0,6,99
2025-01-24T00:00,24.6,92,0,0.9,100
2025-01-24T01:00,24.4,95,0,5.8,100
2025-01-24T02:00,24.4,95,0,7.6,100
2025-01-24T03:00,24.5,96,0,4.7,100
2025-01-24T04:00,24.5,96,0.1,5.5,100
2025-01-24T05:00,24.2,95,0.1,11.1,99
2025-01-24T06:00,24,95,0.1,6.8,100
2025-01-24T07:00,24.7,92,0,8.9,100
2025-01-24T08:00,25.7,90,0,6.2,100
2025-01-24T09:00,26.2,87,0.1,9.7,100
2025-01-24T10:00,26.8,85,0.2,8.8,100
2025-01-24T11:00,27.4,81,0.2,8.6,100
2025-01-24T12:00,27.8,80,0.2,7.8,100
2025-01-24T13:00,28,78,0.1,8.2,100
2025-01-24T14:00,27.9,79,0.1,8.5,100
2025-01-24T15:00,27.1,80,1,9.3,100
2025-01-24T16:00,27.1,80,0.7,8.4,100
2025-01-24T17:00,26.8,82,0.4,8.9,100
2025-01-24T18:00,26.7,83,0,5.8,100
2025-01-24T19:00,26.4,88,0,7.2,100
2025-01-24T20:00,26,90,0,8.1,100
2025-01-24T21:00,25.5,94,0,7.8,100
2025-01-24T22:00,25.6,93,0,8.5,100
2025-01-24T23:00,25.6,93,0,9.3,98
2025-01-25T00:00,25.5,93,0,7.7,99
2025-01-25T01:00,25.5,93,0,6.8,100
2025-01-25T02:00,25.1,94,0,8,100
2025-01-25T03:00,24.9,93,0.1,7.4,100
2025-01-25T04:00,24.8,92,0,7.3,100
2025-01-25T05:00,24.7,91,0,7.2,100
2025-01-25T06:00,24.7,91,0,5.8,99
2025-01-25T07:00,25.2,91,0.3,4.3,100
2025-01-25T08:00,25.9,91,0.3,5.2,100
2025-01-25T09:00,27,83,0,7.6,100
2025-01-25T10:00,27.6,81,0.1,9.6,100
2025-01-25T11:00,27.7,82,0.2,7.7,100
2025-01-25T12:00,28,79,0.1,7.1,100
2025-01-25T13:00,27.8,80,0.3,9,100
2025-01-25T14:00,28.2,77,0.4,9,100
2025-01-25T15:00,28.1,79,0.1,9,100
2025-01-25T16:00,27.7,80,0.1,7.2,100
2025-01-25T17:00,26.7,84,4.5,4.2,100
2025-01-25T18:00,26.6,84,0.2,2.3,100
2025-01-25T19:00,26.3,87,0,2.7,100
2025-01-25T20:00,26,92,0,5.9,100
2025-01-25T21:00,25.5,94,0.6,8.7,100
2025-01-25T22:00,25.4,94,0.3,9,100
2025-01-25T23:00,25.4,93,0.1,7.7,100
2025-01-26T00:00,25.1,94,0.1,7.1,100
2025-01-26T01:00,24.9,94,0.2,8.8,100
2025-01-26T02:00,24.6,95,0,5.5,100
2025-01-26T03:00,24.7,92,0,6.1,100
2025-01-26T04:00,24.9,91,0,4.8,100
2025-01-26T05:00,24.9,91,0.1,5.5,100
2025-01-26T06:00,24.9,92,0.4,7.3,100
2025-01-26T07:00,25.4,93,0.5,7.1,100
2025-01-26T08:00,26,91,0.1,11.3,100
2025-01-26T09:00,26.5,87,0,10.2,100
2025-01-26T10:00,27.6,80,0.2,11.4,100
2025-01-26T11:00,28,78,0.3,14,100
2025-01-26T12:00,28.4,76,0,11.5,99
2025-01-26T13:00,28.6,74,0.1,10.8,100
2025-01-26T14:00,28.7,75,0,7.8,100
2025-01-26T15:00,28.2,76,0,7.4,98
2025-01-26T16:00,27.9,78,0.2,8.9,98
2025-01-26T17:00,27.3,81,0.2,7.6,100
2025-01-26T18:00,25.8,88,5.4,6.8,100
2025-01-26T19:00,25.5,95,1.7,6.5,100
2025-01-26T20:00,25.4,95,0.4,7.2,100
2025-01-26T21:00,25.9,88,1.4,9.8,100
2025-01-26T22:00,25.6,90,2.8,5.4,100
2025-01-26T23:00,25.4,93,1.4,6.4,100
2025-01-27T00:00,25.2,95,0.2,6.6,100
2025-01-27T01:00,25.3,92,0.3,6.8,100
2025-01-27T02:00,25.2,93,1.3,7.4,100
2025-01-27T03:00,25,93,1.3,8.5,100
2025-01-27T04:00,25,93,1.1,6.7,100
2025-01-27T05:00,24.7,94,0.4,8.9,100
2025-01-27T06:00,24.7,94,2.6,10.4,100
2025-01-27T07:00,24.9,93,3.6,5.1,100
2025-01-27T08:00,25.2,92,0.4,10,100
2025-01-27T09:00,25.9,92,0.9,12.1,100
2025-01-27T10:00,26.5,84,0.8,11.3,100
2025-01-27T11:00,26.1,82,1.3,12.9,100
2025-01-27T12:00,25.1,90,2.6,11.7,100
2025-01-27T13:00,25.9,89,2.4,8.6,100
2025-01-27T14:00,26.7,85,1,9.5,100
2025-01-27T15:00,27.4,80,1,9,100
2025-01-27T16:00,27.3,80,0.8,8.3,100
2025-01-27T17:00,27.1,83,0.6,7.5,100
2025-01-27T18:00,26.7,86,0.5,7.6,100
2025-01-27T19:00,26.6,87,0.3,6.3,100
2025-01-27T20:00,26.5,89,0.2,6.3,100
2025-01-27T21:00,26.2,92,0.2,4.6,100
2025-01-27T22:00,26,94,0.1,5.9,100
2025-01-27T23:00,25.8,94,0.1,4.4,100
2025-01-28T00:00,25.5,93,0.3,2.9,100
2025-01-28T01:00,25.5,90,0.7,9.1,100
2025-01-28T02:00,25.2,93,0.1,2.8,100
2025-01-28T03:00,25.1,92,0,0.4,100
2025-01-28T04:00,24.7,94,0,2.3,100
2025-01-28T05:00,24.9,95,0.6,3.6,100
2025-01-28T06:00,25,95,0.4,6,100
2025-01-28T07:00,25.2,94,0.1,6.4,100
2025-01-28T08:00,25.9,90,0.4,4.8,100
2025-01-28T09:00,26.1,85,0.8,9,100
2025-01-28T10:00,26.2,85,0.5,9.5,100
2025-01-28T11:00,26.5,82,0.3,9.3,100
2025-01-28T12:00,26.5,83,0.2,8.4,100
2025-01-28T13:00,27,80,0.4,10.1,100
2025-01-28T14:00,26.7,82,1.3,8.3,100
2025-01-28T15:00,26,89,1.5,6,100
2025-01-28T16:00,26,85,0.5,5.4,100
2025-01-28T17:00,25.9,84,0.5,5.6,100
2025-01-28T18:00,25.4,91,0.6,6.4,100
2025-01-28T19:00,25,93,0.2,9.1,100
2025-01-28T20:00,25.2,91,0.3,8,100
2025-01-28T21:00,26,90,0.7,2.9,100
2025-01-28T22:00,25.7,92,0.4,3.1,100
2025-01-28T23:00,25.4,95,0.3,2.1,100
2025-01-29T00:00,25,96,0.6,5.2,100
2025-01-29T01:00,24.5,96,1.2,6.9,100
2025-01-29T02:00,24.1,96,0.7,7.7,100
2025-01-29T03:00,24,95,1.4,7.4,100
2025-01-29T04:00,24,93,0.1,6.5,100
2025-01-29T05:00,23.9,94,0.2,2.3,100
2025-01-29T06:00,24.5,92,0.1,3.1,100
2025-01-29T07:00,24.4,93,0.7,1.7,100
2025-01-29T08:00,25,92,0.9,6.5,100
2025-01-29T09:00,26.1,86,0.2,5.5,100
2025-01-29T10:00,26.9,83,0.1,8.4,100
2025-01-29T11:00,26.4,84,0.6,10.1,100
2025-01-29T12:00,25.7,89,4.4,8.2,100
2025-01-29T13:00,26.1,88,0.7,7.7,100
2025-01-29T14:00,26.7,84,0.8,10.4,100
2025-01-29T15:00,26.4,84,2,10.7,100
2025-01-29T16:00,26.4,86,0.7,6.9,100
2025-01-29T17:00,25.1,94,4.8,7.4,100
2025-01-29T18:00,25.2,95,2.6,5.2,100
2025-01-29T19:00,25.5,92,2.4,5.5,100
2025-01-29T20:00,25.2,93,0.9,7.4,100
2025-01-29T21:00,24.9,92,1.6,0.7,100
2025-01-29T22:00,24.9,94,1.1,1.6,100
2025-01-29T23:00,25,93,1.6,0,100
2025-01-30T00:00,24.8,92,1.2,2.6,100
2025-01-30T01:00,24.6,96,1.8,3.7,100
2025-01-30T02:00,24.7,94,2.4,1.5,100
2025-01-30T03:00,24.8,94,1.5,4.2,100
2025-01-30T04:00,24.8,96,1.6,4.2,100
2025-01-30T05:00,24.6,95,1.7,7.6,100
2025-01-30T06:00,24.5,94,2.9,3.8,100
2025-01-30T07:00,24.5,96,2.8,3.1,100
2025-01-30T08:00,24.5,96,2.2,4.5,100
2025-01-30T09:00,25.9,89,1.3,8.8,100
2025-01-30T10:00,25.3,95,1.6,10.9,100
2025-01-30T11:00,24.8,92,4.2,11.9,100
2025-01-30T12:00,25.5,94,1.9,10.5,100
2025-01-30T13:00,27.1,83,1.2,9.4,100
2025-01-30T14:00,26.9,81,0.5,12.2,100
2025-01-30T15:00,26.4,85,0.4,9.3,100
2025-01-30T16:00,25.5,91,3,7.3,100
2025-01-30T17:00,26.5,88,1,7.5,100
2025-01-30T18:00,25.9,92,1.3,5.1,100
2025-01-30T19:00,25.5,94,2.6,1.5,100
2025-01-30T20:00,25.3,94,0.3,1.3,100
2025-01-30T21:00,24.8,95,0.5,4.1,100
2025-01-30T22:00,24.7,96,0.2,3.6,100
2025-01-30T23:00,24.6,96,0.1,3.8,100
2025-01-31T00:00,24.5,96,0.2,2.2,100
2025-01-31T01:00,24.7,94,0.2,1,100
2025-01-31T02:00,24.6,95,0.1,2.4,100
2025-01-31T03:00,24.3,95,0.1,4.7,100
2025-01-31T04:00,24.1,95,0.2,5.3,100
2025-01-31T05:00,24.2,95,0.5,2.2,100
2025-01-31T06:00,24.3,95,0.2,3,100
2025-01-31T07:00,24.5,94,0.4,4.2,100
2025-01-31T08:00,25.1,96,0.8,4.1,100
2025-01-31T09:00,26.2,86,0.4,2.4,100
2025-01-31T10:00,27.3,80,0.2,5.4,100
2025-01-31T11:00,28,78,0.2,9.8,100
2025-01-31T12:00,28.3,80,0.3,10.2,100
2025-01-31T13:00,28.5,79,0,9.3,100
2025-01-31T14:00,28.6,77,0.1,9.4,100
2025-01-31T15:00,28,79,0.2,9.9,99
2025-01-31T16:00,26.6,83,5.3,13.8,100
2025-01-31T17:00,26.2,87,0.2,7.5,100
2025-01-31T18:00,26,89,0.4,5.8,96
2025-01-31T19:00,25.3,95,0.4,5,100
2025-01-31T20:00,25.1,94,0.4,2.4,100
2025-01-31T21:00,25.3,96,2.9,5.3,100
2025-01-31T22:00,25.2,96,1.7,7.3,100
2025-01-31T23:00,24.8,96,3,8.7,100
2025-02-01T00:00,24.6,96,1.2,8.7,100
2025-02-01T01:00,24.4,94,0.9,9.8,100
2025-02-01T02:00,24.2,93,0.7,10.6,100
2025-02-01T03:00,24.3,92,0.4,8.3,100
2025-02-01T04:00,24.3,91,0.2,8.5,100
2025-02-01T05:00,24.4,89,0.1,6.9,100
2025-02-01T06:00,24.3,89,0.2,0.2,100
2025-02-01T07:00,24.1,93,1.5,4.4,100
2025-02-01T08:00,24.4,96,0.5,8.4,100
2025-02-01T09:00,27,86,0.1,5.6,100
2025-02-01T10:00,27.4,81,0.3,8.7,100
2025-02-01T11:00,28,80,0.1,8.7,100
2025-02-01T12:00,28.5,77,0.2,11.1,100
2025-02-01T13:00,28.7,77,0.1,9.8,100
2025-02-01T14:00,28.7,77,0,8.5,100
2025-02-01T15:00,28,80,0.1,8.1,98
2025-02-01T16:00,27.7,79,0.1,8.9,93
2025-02-01T17:00,25,90,3.1,3.7,100
2025-02-01T18:00,24.2,95,0.6,7,100
2025-02-01T19:00,24.5,95,0.3,8.3,100
2025-02-01T20:00,24.3,95,0.1,9.6,100
2025-02-01T21:00,24.7,95,0.2,9.3,100
2025-02-01T22:00,24.6,94,0.3,9.4,100
2025-02-01T23:00,24.6,94,0.7,8.8,100
2025-02-02T00:00,24.7,92,0.5,9.3,100
2025-02-02T01:00,24.6,92,0.1,9.7,100
2025-02-02T02:00,24.4,90,0,9.6,100
2025-02-02T03:00,24.5,87,0,9.6,98
2025-02-02T04:00,24.9,85,0,8.9,84
2025-02-02T05:00,24.9,84,0,9.4,62
2025-02-02T06:00,24.6,84,0,9.9,51
2025-02-02T07:00,25,82,0,8.6,83
2025-02-02T08:00,26.4,83,0,8.6,100
2025-02-02T09:00,28.5,75,0,5.2,100
2025-02-02T10:00,28.8,74,0.2,5.5,100
2025-02-02T11:00,28.9,74,0.1,5.6,100
2025-02-02T12:00,29.5,71,0,9.5,100
2025-02-02T13:00,30,67,0,11.9,100
2025-02-02T14:00,30.1,66,0,12,100
2025-02-02T15:00,29.8,67,0,11.1,100
2025-02-02T16:00,29.4,69,0,9.9,100
2025-02-02T17:00,29.1,71,0,8.1,100
2025-02-02T18:00,28.6,75,0,6.5,100
2025-02-02T19:00,28.5,77,0,5.2,100
2025-02-02T20:00,28.5,77,0,4.1,100
2025-02-02T21:00,28.2,79,0,4.6,98
2025-02-02T22:00,27.6,82,0,3.7,100
2025-02-02T23:00,26.8,86,0,7,100
2025-02-03T00:00,26.1,82,0,7.8,100
2025-02-03T01:00,25.6,79,0,8.8,100
2025-02-03T02:00,25.1,79,0,8.2,100
2025-02-03T03:00,25,79,0,8,100
2025-02-03T04:00,25,79,0,7.1,100
2025-02-03T05:00,25.1,80,0,4.7,97
2025-02-03T06:00,25.2,79,0,5.4,98
2025-02-03T07:00,25.4,78,0,6.7,96
2025-02-03T08:00,27.1,77,0,5.2,63
2025-02-03T09:00,29,71,0,4.3,99
2025-02-03T10:00,29.8,65,0.1,1.4,99
2025-02-03T11:00,30,65,0,2.7,100
2025-02-03T12:00,30,67,0,2.6,100
2025-02-03T13:00,30.6,64,0,3.2,97
2025-02-03T14:00,30.7,62,0,4,85
2025-02-03T15:00,30.4,63,0,5,29
2025-02-03T16:00,30.1,65,0,3.8,97
2025-02-03T17:00,29.7,67,0,1.9,78
2025-02-03T18:00,29.2,69,0,2.2,87
2025-02-03T19:00,28.6,77,0,2.4,72
2025-02-03T20:00,28.5,81,0,2.6,97
2025-02-03T21:00,29.1,79,0,0.5,100
2025-02-03T22:00,28.7,76,0,1.5,100
2025-02-03T23:00,27.4,85,0,4.8,100
2025-02-04T00:00,26.7,86,0,6,98
2025-02-04T01:00,26.1,85,0,6.4,100
2025-02-04T02:00,25.8,85,0,6.2,100
2025-02-04T03:00,25.5,84,0,6.5,99
2025-02-04T04:00,25,84,0,7,100
2025-02-04T05:00,24.9,82,0,7.3,100
2025-02-04T06:00,24.9,80,0,7,100
2025-02-04T07:00,25.2,79,0,5.6,91
2025-02-04T08:00,27.1,79,0,5.4,96
2025-02-04T09:00,28.7,71,0.4,7.4,100
2025-02-04T10:00,30,65,0.2,8.1,100
2025-02-04T11:00,30.3,65,0.2,10.9,100
2025-02-04T12:00,30.3,65,0.1,12.7,100
2025-02-04T13:00,30,69,0.1,9.6,100
2025-02-04T14:00,29.8,72,0,9.4,100
2025-02-04T15:00,28.7,76,2.8,11,98
2025-02-04T16:00,28.7,76,0,5,98
2025-02-04T17:00,28.8,75,0,4.2,97
2025-02-04T18:00,28.6,75,0,2.8,100
2025-02-04T19:00,28.2,80,0,2.2,100
2025-02-04T20:00,28,84,0,3.7,100
2025-02-04T21:00,26.7,88,0,9,100
2025-02-04T22:00,26.3,84,0,9.7,100
2025-02-04T23:00,26.3,83,0,7.3,100
2025-02-05T00:00,26.3,82,0,5.9,100
2025-02-05T01:00,26.2,82,0,6.8,100
2025-02-05T02:00,25.9,83,0,6.5,100
2025-02-05T03:00,25.5,83,0,6.9,99
2025-02-05T04:00,25.3,82,0,6.7,97
2025-02-05T05:00,25.2,82,0,6.5,100
2025-02-05T06:00,25.2,82,0,6.5,100
2025-02-05T07:00,25.2,80,0,7.4,100
2025-02-05T08:00,26.7,79,0,7.5,100
2025-02-05T09:00,28.2,74,0.3,10.1,100
2025-02-05T10:00,28.4,74,0.1,7.2,100
2025-02-05T11:00,29,71,0,6.7,100
2025-02-05T12:00,29.2,70,0.1,8.9,100
2025-02-05T13:00,29,69,0.1,8.2,100
2025-02-05T14:00,28.8,69,0.1,9.6,97
2025-02-05T15:00,29.4,66,0.1,9.4,100
2025-02-05T16:00,29.2,67,0,8.4,100
2025-02-05T17:00,28.7,70,0,6,100
2025-02-05T18:00,28.3,74,0,3,100
2025-02-05T19:00,27.4,81,0,5.4,100
2025-02-05T20:00,26.6,86,0,8.5,100
2025-02-05T21:00,27.2,85,0,3.8,100
2025-02-05T22:00,26.6,88,0,4.5,100
2025-02-05T23:00,26.2,88,0,7,100
2025-02-06T00:00,25.9,87,0,7.1,100
2025-02-06T01:00,25.3,87,2.3,6,100
2025-02-06T02:00,24.9,93,0.3,1,100
2025-02-06T03:00,24.8,93,0,3.4,96
2025-02-06T04:00,24.4,96,0,4.7,97
2025-02-06T05:00,24.4,92,0,6.9,99
2025-02-06T06:00,24.2,92,0,6.7,96
2025-02-06T07:00,24.9,89,0.6,4.5,100
2025-02-06T08:00,25.6,90,6.4,8.7,100
2025-02-06T09:00,26.7,85,0.1,4.6,100
2025-02-06T10:00,27.1,84,0.7,6.6,100
2025-02-06T11:00,27.5,82,0.3,7,100
2025-02-06T12:00,26.4,86,3.5,9.7,100
2025-02-06T13:00,27.1,82,0.2,7.4,100
2025-02-06T14:00,28.1,80,0.1,6,99
2025-02-06T15:00,28.4,79,0.1,6,99
2025-02-06T16:00,26.8,83,5.4,11,100
2025-02-06T17:00,25.5,88,11.2,5.3,100
2025-02-06T18:00,25.6,90,1.4,2.1,100
2025-02-06T19:00,25.1,96,0.7,6.1,100
2025-02-06T20:00,24.8,96,0.3,8.8,92
2025-02-06T21:00,24.4,94,1.3,7.2,100
2025-02-06T22:00,24.4,94,0.2,7.6,100
2025-02-06T23:00,24.4,93,0.4,7.4,100
2025-02-07T00:00,24,94,0.8,8.2,100
2025-02-07T01:00,24,93,0.2,9,100
2025-02-07T02:00,24,94,0.1,8.4,99
2025-02-07T03:00,23.9,93,0.8,6.8,100
2025-02-07T04:00,23.9,96,4,0.9,100
2025-02-07T05:00,24.1,94,0.1,7.1,100
2025-02-07T06:00,23.7,97,1.1,1.5,100
2025-02-07T07:00,24,97,1.1,3.4,100
2025-02-07T08:00,25.2,91,4.6,2.7,100
2025-02-07T09:00,25.5,95,0.8,7.2,100
2025-02-07T10:00,25.9,92,0.9,6.1,100
2025-02-07T11:00,26.7,86,0.8,5.8,100
2025-02-07T12:00,27.1,83,1.2,6.9,100
2025-02-07T13:00,27.1,84,0.9,8,100
2025-02-07T14:00,26.8,84,0.3,8,100
2025-02-07T15:00,26.6,83,3.6,5.4,100
2025-02-07T16:00,26.9,83,0.4,5.4,100
2025-02-07T17:00,25.9,85,3.3,10.3,100
2025-02-07T18:00,25.7,91,1.6,2.8,100
2025-02-07T19:00,25.5,93,0.2,0.6,100
2025-02-07T20:00,25,92,1.4,3.3,100
2025-02-07T21:00,25,94,0.7,4.6,100
2025-02-07T22:00,25.4,93,0.2,6,100
2025-02-07T23:00,25,94,0,7.6,100
2025-02-08T00:00,24.6,94,0.1,7.5,93
2025-02-08T01:00,24.3,95,0.4,5.1,97
2025-02-08T02:00,24.3,94,0.3,9.2,100
2025-02-08T03:00,24.4,94,3.5,5,100
2025-02-08T04:00,24.3,96,3.3,3.9,100
2025-02-08T05:00,23.9,95,1.1,8.6,100
2025-02-08T06:00,23.7,96,2.1,3.2,100
2025-02-08T07:00,23.8,94,2.3,9.3,100
2025-02-08T08:00,24,94,4.2,2.3,100
2025-02-08T09:00,26.7,85,0.3,3.7,100
2025-02-08T10:00,26.9,84,0.4,7.2,100
2025-02-08T11:00,27.8,80,1.4,13,100
2025-02-08T12:00,25.9,88,5.2,5.1,100
2025-02-08T13:00,26.6,85,0.9,12.2,100
2025-02-08T14:00,26.6,85,0.8,10.3,100
2025-02-08T15:00,26.7,84,0.4,11.1,100
2025-02-08T16:00,25.7,88,2.3,8.1,69
2025-02-08T17:00,25.7,90,0.4,8.4,100
2025-02-08T18:00,25.8,90,0.5,4.5,73
2025-02-08T19:00,24.6,93,0.6,3.2,100
2025-02-08T20:00,24.5,94,2.4,7.5,100
2025-02-08T21:00,24.9,96,0.2,10,100
2025-02-08T22:00,24.5,94,0.1,10.3,100
2025-02-08T23:00,24.3,94,0.9,7.8,100
2025-02-09T00:00,23.9,96,2.7,7.7,100
2025-02-09T01:00,24,96,1,9.9,100
2025-02-09T02:00,23.5,98,3.6,7.4,100
2025-02-09T03:00,23.6,96,2,5.6,100
2025-02-09T04:00,23.8,95,6.8,3.8,100
2025-02-09T05:00,23.8,96,1.8,1,100
2025-02-09T06:00,23.3,98,1.1,5.7,100
2025-02-09T07:00,23.9,92,0.5,10.1,100
2025-02-09T08:00,24.3,94,1,5.2,100
2025-02-09T09:00,23.7,94,2.1,7.1,100
2025-02-09T10:00,24.5,91,2.7,3,100
2025-02-09T11:00,24.9,91,2.1,6,100
2025-02-09T12:00,25.4,91,1.2,4.7,100
2025-02-09T13:00,25.8,89,0.7,7.2,100
2025-02-09T14:00,26.2,86,0.4,10.4,100
2025-02-09T15:00,25.9,88,2.7,6.6,100
2025-02-09T16:00,25.5,88,1.5,12,100
2025-02-09T17:00,25.5,88,0.2,6.9,100
2025-02-09T18:00,25.5,92,0.2,4.6,100
2025-02-09T19:00,24.7,91,1.9,9.2,100
2025-02-09T20:00,24.8,94,1.7,6.2,100
2025-02-09T21:00,24,98,0.4,10.7,100
2025-02-09T22:00,23.9,96,0.4,9.6,100
2025-02-09T23:00,24.3,95,1,6,100
2025-02-10T00:00,24,96,2.7,2.1,100
2025-02-10T01:00,24.1,95,0.8,3.5,100
2025-02-10T02:00,24.2,96,1.7,12,100
2025-02-10T03:00,24.5,94,0.4,5.6,100
2025-02-10T04:00,24.1,97,1.1,4.7,100
2025-02-10T05:00,24.4,94,2.4,9.4,100
2025-02-10T06:00,25,93,0.3,14.7,100
2025-02-10T07:00,25.5,91,0.9,10.8,100
2025-02-10T08:00,25.9,90,0.7,10.1,99
2025-02-10T09:00,26,89,1,7,96
2025-02-10T10:00,26.3,88,0.5,10.1,100
2025-02-10T11:00,26.7,81,0.5,12.2,100
2025-02-10T12:00,26.7,85,2.4,10.7,100
2025-02-10T13:00,26.3,82,0.7,13.4,100
2025-02-10T14:00,27,82,0.5,14.3,56
2025-02-10T15:00,26.9,80,1.3,19,100
2025-02-10T16:00,26.6,85,0.5,11.8,99
2025-02-10T17:00,26.9,83,0.2,11.3,99
2025-02-10T18:00,25.3,90,1.2,11,100
2025-02-10T19:00,25.1,92,0.6,12.6,100
2025-02-10T20:00,24.8,93,4.1,11,100
2025-02-10T21:00,23.9,97,2.8,9,100
2025-02-10T22:00,24,96,0.9,10.9,100
2025-02-10T23:00,24.4,96,1.4,7.5,100
2025-02-11T00:00,23.8,98,3.1,6.4,100
2025-02-11T01:00,23.9,96,1.6,9.4,100
2025-02-11T02:00,23.7,95,1.7,11.2,100
2025-02-11T03:00,24,94,0.3,9.2,100
2025-02-11T04:00,24.2,94,0.2,10.5,100
2025-02-11T05:00,23.9,96,3.3,3.4,100
2025-02-11T06:00,23.9,95,3.2,11.1,100
2025-02-11T07:00,24,96,0.8,5.7,100
2025-02-11T08:00,24.2,96,1,7.9,100
2025-02-11T09:00,25.8,86,3,12.4,100
2025-02-11T10:00,25.6,85,3.1,12.6,100
2025-02-11T11:00,26.3,86,1,9.9,100
2025-02-11T12:00,25.8,84,2.2,17.8,100
2025-02-11T13:00,26.4,86,2,15.8,100
2025-02-11T14:00,26.4,85,0.5,14.4,100
2025-02-11T15:00,26.8,84,1.4,14.8,100
2025-02-11T16:00,26.6,87,8.1,11.8,100
2025-02-11T17:00,26.7,86,2.1,11.8,100
2025-02-11T18:00,25.5,94,6.4,12.6,99
2025-02-11T19:00,25.7,91,4.6,8.9,100
2025-02-11T20:00,25.3,94,0.7,9.1,99
2025-02-11T21:00,25.4,92,0.1,7.8,100
2025-02-11T22:00,24.7,94,1.6,7.8,100
2025-02-11T23:00,24.6,94,0.5,12.1,99
2025-02-12T00:00,24.4,94,0.1,9.3,100
2025-02-12T01:00,24.6,94,0.1,5.1,100
2025-02-12T02:00,25.1,93,0.1,8.1,100
2025-02-12T03:00,25.2,93,0.4,10.8,100
2025-02-12T04:00,25.1,94,0.2,9.9,100
2025-02-12T05:00,25,94,0.2,7.4,100
2025-02-12T06:00,24.9,95,0.2,7.3,100
2025-02-12T07:00,24.9,95,0.3,8.6,100
2025-02-12T08:00,26,89,0.2,4.7,100
2025-02-12T09:00,26.6,90,0.1,3.2,100
2025-02-12T10:00,27.6,84,0.1,7.7,100
2025-02-12T11:00,27.7,78,0.2,13.8,97
2025-02-12T12:00,27.5,81,0.2,10.7,100
2025-02-12T13:00,27.8,79,0,12.2,100
2025-02-12T14:00,28.3,80,0,13.3,89
2025-02-12T15:00,27.9,80,0.2,12.1,98
2025-02-12T16:00,27.7,81,0.2,8.3,76
2025-02-12T17:00,26.4,84,0.4,10.8,94
2025-02-12T18:00,25.6,89,1,3.9,100
2025-02-12T19:00,25,93,1.9,6.6,100
2025-02-12T20:00,24.9,88,1.1,3.2,100
2025-02-12T21:00,24.5,96,0.5,7.2,100
2025-02-12T22:00,24.4,95,0.2,10.2,100
2025-02-12T23:00,24.3,94,0.1,9.6,93
2025-02-13T00:00,24.3,94,0.1,9.3,99
2025-02-13T01:00,24.4,92,0,10.7,100
2025-02-13T02:00,24.6,91,0,9.3,100
2025-02-13T03:00,24.7,91,0,8.4,99
2025-02-13T04:00,24.6,91,0,9.8,60
2025-02-13T05:00,24.9,90,0,9.7,86
2025-02-13T06:00,25.1,90,0,8.3,99
2025-02-13T07:00,25.3,90,0,7.5,98
2025-02-13T08:00,26.3,89,0,8.8,100
2025-02-13T09:00,27.4,82,0,10.2,100
2025-02-13T10:00,28.1,80,0.1,7.4,98
2025-02-13T11:00,28.9,78,0.4,9,87
2025-02-13T12:00,29.1,76,0.6,13.1,99
2025-02-13T13:00,29.2,76,0.2,13.5,100
2025-02-13T14:00,28.6,78,0.3,14.5,99
2025-02-13T15:00,28.9,78,0,13.1,100
2025-02-13T16:00,28.7,76,0.1,12.2,88
2025-02-13T17:00,28.6,76,0.4,10.7,99
2025-02-13T18:00,28.1,78,0.2,9.8,95
2025-02-13T19:00,27.3,82,0.5,7.8,46
2025-02-13T20:00,26.6,89,0.1,7.1,90
2025-02-13T21:00,28,80,0.1,8.1,100
2025-02-13T22:00,27.5,83,0,6.1,100
2025-02-13T23:00,26.8,87,0.1,5,99
2025-02-14T00:00,26.2,89,0,5.8,100
2025-02-14T01:00,25.9,90,0.2,4,100
2025-02-14T02:00,25.5,91,0.8,7.1,100
2025-02-14T03:00,24.9,94,0.1,6.6,100
2025-02-14T04:00,24.7,95,0.1,3.1,100
2025-02-14T05:00,24.8,94,0.1,4.3,100
2025-02-14T06:00,24.6,94,0,6.4,100
2025-02-14T07:00,24.8,92,0,6.4,100
2025-02-14T08:00,25.7,93,0,7.5,100
2025-02-14T09:00,27.1,84,0,9.6,100
2025-02-14T10:00,27.6,82,0,9.8,100
2025-02-14T11:00,28.2,79,0,8.1,100
2025-02-14T12:00,28.8,76,0.1,9.2,100
2025-02-14T13:00,29.1,74,0.1,9.9,100
2025-02-14T14:00,29.1,75,0.1,8.6,100
2025-02-14T15:00,29.2,74,0,8.5,100
2025-02-14T16:00,28.8,78,0,6.7,100
2025-02-14T17:00,28.4,79,0,5.2,100
2025-02-14T18:00,28,83,0,4.5,100
2025-02-14T19:00,27.5,87,0,5,52
2025-02-14T20:00,27.4,88,0,4,39
2025-02-14T21:00,28.2,84,0,2,88
2025-02-14T22:00,27.5,88,0,6,98
2025-02-14T23:00,26.2,92,0.4,1,99
2025-02-15T00:00,25.7,91,0,11.4,50
2025-02-15T01:00,25.6,86,0.1,3.6,90
2025-02-15T02:00,25.3,85,0,4.4,100
2025-02-15T03:00,24.9,86,0,5.4,98
2025-02-15T04:00,24.5,88,0,6.6,100
2025-02-15T05:00,24.5,88,0,5,86
2025-02-15T06:00,24.8,88,0,2.2,92
2025-02-15T07:00,25.2,87,0,5.5,83
2025-02-15T08:00,26.2,86,0.1,1.7,82
2025-02-15T09:00,27,86,0.6,3.4,100
2025-02-15T10:00,28.3,80,0.1,3,100
2025-02-15T11:00,29.2,74,0.1,8.7,99
2025-02-15T12:00,29.5,74,0.1,12.5,100
2025-02-15T13:00,29.4,75,0.2,14.6,99
2025-02-15T14:00,29.1,75,0.3,12.3,100
2025-02-15T15:00,29.2,74,0.4,14.7,99
2025-02-15T16:00,28.6,80,0.2,8.9,100
2025-02-15T17:00,28.5,79,0.3,1.7,99
2025-02-15T18:00,28.1,80,0.5,4.5,99
2025-02-15T19:00,26.9,89,0.6,5.5,98
2025-02-15T20:00,26.8,88,0.1,0.9,98
2025-02-15T21:00,26.2,94,0.4,4,100
2025-02-15T22:00,26.1,93,0,5.9,100
2025-02-15T23:00,25.9,93,0,2.3,100
2025-02-16T00:00,25.5,94,0,1,100
2025-02-16T01:00,25.4,95,0,0.4,100
2025-02-16T02:00,25.3,96,0,4,100
2025-02-16T03:00,24.9,94,0,6.3,100
2025-02-16T04:00,24.6,93,0,5.1,100
2025-02-16T05:00,24.3,93,0,5.2,100
2025-02-16T06:00,24.2,92,0,5.8,100
2025-02-16T07:00,24.3,89,0,7.4,100
2025-02-16T08:00,26.2,85,0,5.5,65
2025-02-16T09:00,27.7,86,0,3.6,100
2025-02-16T10:00,28.9,79,0.1,3.6,99
2025-02-16T11:00,29.5,75,0.1,4.6,98
2025-02-16T12:00,29.9,73,0.1,6,100
2025-02-16T13:00,29.9,75,0.1,7.6,100
2025-02-16T14:00,29.2,78,0,8.7,98
2025-02-16T15:00,29.1,76,0,5.6,90
2025-02-16T16:00,29,76,0,3.6,89
2025-02-16T17:00,29,76,0,4.8,99
2025-02-16T18:00,28.4,80,0,5.2,100
2025-02-16T19:00,27.9,85,0,6.5,100
2025-02-16T20:00,27.7,86,0,5.4,49
2025-02-16T21:00,27.4,89,0,7.7,100
2025-02-16T22:00,26.2,91,0,8.7,100
2025-02-16T23:00,25.9,90,0,7.1,100
2025-02-17T00:00,26,88,0,5.8,100
2025-02-17T01:00,26.1,87,0,5.9,100
2025-02-17T02:00,25.9,88,0,6.2,100
2025-02-17T03:00,25.4,90,0,5.6,100
2025-02-17T04:00,25.2,90,0,5.8,100
2025-02-17T05:00,25.1,91,0,6.6,100
2025-02-17T06:00,24.9,91,0,5.5,100
2025-02-17T07:00,25.3,89,0,4.7,100
2025-02-17T08:00,26.5,87,0,4,100
2025-02-17T09:00,27.6,83,0,2.8,100
2025-02-17T10:00,28.4,79,0,3.9,100
2025-02-17T11:00,28.6,78,0,6,100
2025-02-17T12:00,28.8,77,0,9.6,100
2025-02-17T13:00,28.7,77,0.1,8.8,100
2025-02-17T14:00,28.4,77,0.3,10.5,100
2025-02-17T15:00,28.2,76,0.3,8.7,100
2025-02-17T16:00,28.4,75,0.1,8,100
2025-02-17T17:00,28,79,0,6.9,100
2025-02-17T18:00,27.5,82,0,5.5,100
2025-02-17T19:00,27.2,86,0,5.2,100
2025-02-17T20:00,27,88,0,5.8,100
2025-02-17T21:00,27.9,86,0,1,100
2025-02-17T22:00,27.6,86,0,1.5,100
2025-02-17T23:00,26.3,93,0,3.8,100
2025-02-18T00:00,26.3,91,0,4.6,100
2025-02-18T01:00,26,91,0,5.6,100
2025-02-18T02:00,25.7,93,0,6.4,100
2025-02-18T03:00,25.7,93,0,5.2,100
2025-02-18T04:00,25.5,93,0.1,5.1,100
2025-02-18T05:00,25.1,94,0,7.4,100
2025-02-18T06:00,24.9,94,0,8.2,100
2025-02-18T07:00,25,92,0,7.4,100
2025-02-18T08:00,26.3,87,0,6.9,100
2025-02-18T09:00,27.4,82,0.1,5.9,100
2025-02-18T10:00,27.9,81,0,5.5,99
2025-02-18T11:00,28.1,81,0.1,5.8,100
2025-02-18T12:00,27.8,80,0.2,7.5,100
2025-02-18T13:00,28.2,79,0.1,5.5,100
2025-02-18T14:00,27.7,81,0.1,5.6,100
2025-02-18T15:00,27.8,80,0.1,6.5,99
2025-02-18T16:00,27.6,79,0.1,3,98
2025-02-18T17:00,27.6,77,0.1,3.2,99
2025-02-18T18:00,27.5,78,0,3.2,100
2025-02-18T19:00,26.8,84,0,3.4,100
2025-02-18T20:00,26.3,89,0,6.4,98
2025-02-18T21:00,26.7,86,0,7.2,71
2025-02-18T22:00,26,89,0,7.9,100
2025-02-18T23:00,25.8,89,0,6.8,100
2025-02-19T00:00,25.8,88,0,5.6,100
2025-02-19T01:00,25.6,88,0,5.2,100
2025-02-19T02:00,25.3,88,0,4.4,100
2025-02-19T03:00,25.1,89,0,4.8,100
2025-02-19T04:00,24.8,88,0,6.2,100
2025-02-19T05:00,24.7,87,0,5.4,100
2025-02-19T06:00,24.5,85,0,4.9,100
2025-02-19T07:00,24.7,85,0,5.8,100
2025-02-19T08:00,26.1,84,0,4.4,100
2025-02-19T09:00,27.5,77,0,5.4,100
2025-02-19T10:00,28.4,73,0,4.3,100
2025-02-19T11:00,28.9,73,0,6.6,100
2025-02-19T12:00,29.3,72,0,8.4,100
2025-02-19T13:00,29.3,71,0.1,10.3,100
2025-02-19T14:00,28.2,75,0.1,3.9,100
2025-02-19T15:00,28.8,71,0.1,5.8,99
2025-02-19T16:00,28.7,71,0,8.1,100
2025-02-19T17:00,28.2,74,0.3,9.1,100
2025-02-19T18:00,27.2,79,0.9,4.9,100
2025-02-19T19:00,27,84,0.1,0.6,99
2025-02-19T20:00,26.3,89,0.1,1.3,100
2025-02-19T21:00,27.7,77,1,3.9,100
2025-02-19T22:00,27.1,82,0,4.1,100
2025-02-19T23:00,26.4,87,0,5.1,100
2025-02-20T00:00,26.2,90,0,6.1,100
2025-02-20T01:00,25.6,92,0,6.7,100
2025-02-20T02:00,25.3,93,0.1,4,100
2025-02-20T03:00,25.3,92,0.3,2.1,100
2025-02-20T04:00,24.9,94,0,2.5,100
2025-02-20T05:00,25.1,93,1.9,0.6,100
2025-02-20T06:00,24.5,95,0.2,5.6,100
2025-02-20T07:00,24.1,95,2.2,6,100
2025-02-20T08:00,24.9,91,0.3,6.8,100
2025-02-20T09:00,25.1,93,0.6,4.6,100
2025-02-20T10:00,25.9,87,0.7,7.1,100
2025-02-20T11:00,26,85,0.4,7.5,100
2025-02-20T12:00,26.6,81,0.3,11.6,100
2025-02-20T13:00,26.9,82,0.4,11,100
2025-02-20T14:00,26.5,84,0.5,10.1,100
2025-02-20T15:00,26.7,82,0.5,10.7,100
2025-02-20T16:00,26.9,81,0.1,8.7,100
2025-02-20T17:00,26.6,80,0.2,10.8,99
2025-02-20T18:00,26.4,84,0.2,8.1,100
2025-02-20T19:00,25.7,87,0.1,6,100
2025-02-20T20:00,25.4,91,0.3,6.2,100
2025-02-20T21:00,25.7,90,0.6,3.9,100
2025-02-20T22:00,25.4,92,0.1,4.1,100
2025-02-20T23:00,25.2,94,0.2,7.3,100
2025-02-21T00:00,24.8,95,0.3,7.7,100
2025-02-21T01:00,24.6,93,0.1,7.8,100
2025-02-21T02:00,24.3,92,0,10.1,100
2025-02-21T03:00,24.6,91,0.2,8.6,100
2025-02-21T04:00,24.8,91,0.1,9.4,100
2025-02-21T05:00,24.7,91,0.1,9.2,100
2025-02-21T06:00,24.7,90,0,7.7,99
2025-02-21T07:00,24.8,90,0.1,8.1,100
2025-02-21T08:00,25.7,89,0.3,7.5,100
2025-02-21T09:00,27,83,0,8.3,100
2025-02-21T10:00,28.1,78,0.1,7.2,100
2025-02-21T11:00,28.7,76,0,6.5,100
2025-02-21T12:00,28.9,75,0,9.1,100
2025-02-21T13:00,28.6,77,0,9.4,100
2025-02-21T14:00,28.7,78,0,10,100
2025-02-21T15:00,28.5,79,0,10.1,100
2025-02-21T16:00,28.4,78,0,10.3,100
2025-02-21T17:00,28.3,78,0,8.3,100
2025-02-21T18:00,27.9,80,0,6.2,100
2025-02-21T19:00,27.6,82,0,4.2,100
2025-02-21T20:00,27.5,82,0,3.9,98
2025-02-21T21:00,28.1,78,0,2.1,100
2025-02-21T22:00,27.1,84,0,6.7,100
2025-02-21T23:00,26.9,85,0,3.3,100
2025-02-22T00:00,26.4,90,0,0.4,100
2025-02-22T01:00,26.1,90,0,1.8,100
2025-02-22T02:00,25.8,92,0,3.9,100
2025-02-22T03:00,25.1,93,3.6,2.7,86
2025-02-22T04:00,24.8,92,2.3,3.1,100
2025-02-22T05:00,24.5,96,0.1,4.2,100
2025-02-22T06:00,24.6,94,0,4.2,100
2025-02-22T07:00,24.8,95,0,4.9,98
2025-02-22T08:00,26.1,90,0,4.9,100
2025-02-22T09:00,27.9,80,0.1,4.9,100
2025-02-22T10:00,28.6,76,0.1,6.3,100
2025-02-22T11:00,28.7,76,0.2,5.8,94
2025-02-22T12:00,29.2,73,0.2,5.4,99
2025-02-22T13:00,28.8,74,0.1,2.8,100
2025-02-22T14:00,28.6,76,0.1,6.7,100
2025-02-22T15:00,28.4,79,0.2,3,100
2025-02-22T16:00,28.5,80,0.2,3.4,97
2025-02-22T17:00,28.2,80,0.1,1.5,100
2025-02-22T18:00,28,80,0.1,2,100
2025-02-22T19:00,27.4,86,0.1,3.4,100
2025-02-22T20:00,27.2,88,0,2.5,100
2025-02-22T21:00,26.6,90,0,6.5,100
2025-02-22T22:00,26.3,92,0,6.7,62
2025-02-22T23:00,26,90,0,6.9,95
2025-02-23T00:00,25.8,90,0,5.9,100
2025-02-23T01:00,25.7,91,0,4.8,100
2025-02-23T02:00,25.6,91,0,4,100
2025-02-23T03:00,25.2,93,0,5.1,99
2025-02-23T04:00,25.1,92,0,3.4,98
2025-02-23T05:00,24.8,93,0,7.8,100
2025-02-23T06:00,25.1,90,0,5.2,100
2025-02-23T07:00,25.5,90,0,3.2,100
2025-02-23T08:00,25.8,85,2.4,4.7,100
2025-02-23T09:00,26.9,83,0.1,3.7,100
2025-02-23T10:00,27.5,81,0.2,3.7,99
2025-02-23T11:00,28,78,0.2,5.5,100
2025-02-23T12:00,28.7,75,0.1,6.7,99
2025-02-23T13:00,28.5,75,0,8,100
2025-02-23T14:00,28.2,76,0.1,8.8,100
2025-02-23T15:00,26.9,83,0.3,4.6,100
2025-02-23T16:00,26.6,84,0.7,4.2,100
2025-02-23T17:00,26.7,83,0.7,5.6,100
2025-02-23T18:00,26,88,1,5.9,100
2025-02-23T19:00,25.9,93,0.2,4.4,100
2025-02-23T20:00,26,91,0.1,4.8,100
2025-02-23T21:00,26.4,87,0,5.2,100
2025-02-23T22:00,26.1,89,0.3,6.2,100
2025-02-23T23:00,26,90,0.1,7.1,100
2025-02-24T00:00,25.8,91,0.1,6.1,100
2025-02-24T01:00,25.4,95,0,5.7,100
2025-02-24T02:00,25.1,95,0,6,100
2025-02-24T03:00,24.8,95,0,5.9,100
2025-02-24T04:00,24.9,95,0.1,4.2,100
2025-02-24T05:00,24.5,96,0.2,1.7,100
2025-02-24T06:00,24.5,94,1.9,4,99
2025-02-24T07:00,24.7,92,3,4.8,100
2025-02-24T08:00,25.2,90,1.2,4.9,100
2025-02-24T09:00,26.3,87,0.1,3.8,100
2025-02-24T10:00,26.9,82,0.1,5.4,99
2025-02-24T11:00,27.7,80,0.1,4,100
2025-02-24T12:00,27.8,80,0.1,7.9,100
2025-02-24T13:00,26.3,83,12.2,10.7,100
2025-02-24T14:00,25.9,87,1.7,9.5,100
2025-02-24T15:00,25.2,88,3.2,8.7,100
2025-02-24T16:00,26,83,0.5,6.1,100
2025-02-24T17:00,26.2,84,0.4,1.1,100
2025-02-24T18:00,25.8,86,0.2,5.6,100
2025-02-24T19:00,25.2,93,0.1,7.5,100
2025-02-24T20:00,25,93,0,7.4,100
2025-02-24T21:00,25.1,94,0,8.5,100
2025-02-24T22:00,25.2,93,0,8.3,100
2025-02-24T23:00,25.1,92,0,8.2,76
2025-02-25T00:00,25.1,92,0,8.7,93
2025-02-25T01:00,25,91,0,7.8,100
2025-02-25T02:00,24.9,90,0,8.2,100
2025-02-25T03:00,24.8,90,0,7.7,100
2025-02-25T04:00,24.7,90,0,6.4,100
2025-02-25T05:00,24.7,89,0,5.2,100
2025-02-25T06:00,24.4,90,0,7.3,100
2025-02-25T07:00,24.4,90,0,5.1,52
2025-02-25T08:00,26,85,0,3.5,63
2025-02-25T09:00,27.7,78,0,5.6,61
2025-02-25T10:00,28.7,74,0,1.9,100
2025-02-25T11:00,29.1,71,0,1.3,94
2025-02-25T12:00,29.4,72,0,5.9,97
2025-02-25T13:00,29.3,73,0.1,5.3,100
2025-02-25T14:00,28.9,73,0.1,7.3,99
2025-02-25T15:00,28.7,74,0,7.6,100
2025-02-25T16:00,28.4,74,0.1,7.1,100
2025-02-25T17:00,28.1,75,0,4.9,100
2025-02-25T18:00,28,75,0,2.2,100
2025-02-25T19:00,27.2,83,0,4.4,100
2025-02-25T20:00,26.3,91,0,5.6,100
2025-02-25T21:00,26.9,91,0,4.5,100
2025-02-25T22:00,26.4,95,0,4.9,100
2025-02-25T23:00,26.2,95,0,6.1,100
2025-02-26T00:00,26,92,0,6.4,100
2025-02-26T01:00,25.7,90,0,5.8,100
2025-02-26T02:00,25.5,90,0,5.9,100
2025-02-26T03:00,25.3,90,0.1,4.8,15
2025-02-26T04:00,25,91,0,5.1,35
2025-02-26T05:00,24.9,91,0,5.4,45
2025-02-26T06:00,24.7,90,0,6.2,49
2025-02-26T07:00,25,88,0,6.4,57
2025-02-26T08:00,26.7,81,0,6.4,22
2025-02-26T09:00,27.9,78,0,7.6,42
2025-02-26T10:00,28.4,77,0.1,8.4,54
2025-02-26T11:00,28.7,77,0.1,8.1,80
2025-02-26T12:00,29.3,75,0,7.2,96
2025-02-26T13:00,29.6,72,0,7.5,86
2025-02-26T14:00,29.5,70,0,10.9,91
2025-02-26T15:00,29.3,71,0.1,12.1,93
2025-02-26T16:00,28.1,72,0.2,11.4,100
2025-02-26T17:00,26.6,82,1.8,4.7,100
2025-02-26T18:00,25.7,84,1.3,3.4,100
2025-02-26T19:00,24.5,94,3.7,4.6,100
2025-02-26T20:00,24.8,91,1.4,1.5,100
2025-02-26T21:00,25.1,93,0.5,6.1,100
2025-02-26T22:00,24.8,95,0.3,7.8,100
2025-02-26T23:00,24.8,93,0.4,6.1,100
2025-02-27T00:00,25,91,1,3.9,100
2025-02-27T01:00,24.9,91,0.1,6.5,100
2025-02-27T02:00,24.6,92,0,6.2,100
2025-02-27T03:00,24.4,93,0.1,2.9,100
2025-02-27T04:00,24.3,94,0.9,0.5,100
2025-02-27T05:00,24.3,93,2,2.7,100
2025-02-27T06:00,24.2,95,0.5,2.3,100
2025-02-27T07:00,24.6,94,1.1,2.7,100
2025-02-27T08:00,24.6,93,1.7,4.9,100
2025-02-27T09:00,26.1,85,1.7,1.1,100
2025-02-27T10:00,25.6,93,1.9,2.4,100
2025-02-27T11:00,26,88,4,4,100
2025-02-27T12:00,25.8,90,1.1,5.7,100
2025-02-27T13:00,26.3,86,0.6,5.8,100
2025-02-27T14:00,26.5,86,0.1,5.2,100
2025-02-27T15:00,26.6,85,0.1,6.1,100
2025-02-27T16:00,26.6,84,0.1,4.7,100
2025-02-27T17:00,26.7,83,0.1,3.8,100
2025-02-27T18:00,26.7,82,0,2.9,100
2025-02-27T19:00,26.4,88,0,3.4,100
2025-02-27T20:00,26.2,89,0,3.6,100
2025-02-27T21:00,26,88,0,5.2,100
2025-02-27T22:00,26.1,88,0,3.6,98
2025-02-27T23:00,26,88,0,3.6,90
2025-02-28T00:00,25.5,91,0,4.3,96
2025-02-28T01:00,25,90,0,5.5,100
2025-02-28T02:00,24.4,91,0,5.9,78
2025-02-28T03:00,23.8,91,0,6.1,83
2025-02-28T04:00,23.7,90,0,7.9,79
2025-02-28T05:00,24,85,0,6.4,47
2025-02-28T06:00,24.2,84,0,5.6,31
2025-02-28T07:00,24.7,83,0,5.5,6
2025-02-28T08:00,26.6,80,0,3.4,38
2025-02-28T09:00,27.9,78,0,1.7,35
2025-02-28T10:00,28.5,75,0.2,2.4,49
2025-02-28T11:00,28.8,73,0.1,4.9,54
2025-02-28T12:00,29.1,72,0.1,6.6,28
2025-02-28T13:00,29.2,74,0,7.4,78
2025-02-28T14:00,29.3,73,0,7.9,82
2025-02-28T15:00,28.8,74,0.1,7.8,98
2025-02-28T16:00,28.8,73,0.1,6.6,98
2025-02-28T17:00,28.5,73,0,5.2,67
2025-02-28T18:00,28.3,74,0,4.5,100
2025-02-28T19:00,28.1,78,0,2.1,100
2025-02-28T20:00,27.8,81,0,1.5,99
2025-02-28T21:00,26.8,88,0,6.5,31
2025-02-28T22:00,26.2,88,0,7.8,98
2025-02-28T23:00,26,86,0,6.1,28
2025-03-01T00:00,25.7,87,0,5,18
2025-03-01T01:00,25.4,88,0,4.9,43
2025-03-01T02:00,24.9,88,0,5.6,92
2025-03-01T03:00,24.6,86,0,5.9,100
2025-03-01T04:00,24.4,86,0,5.9,100
2025-03-01T05:00,24.3,86,0,5.8,100
2025-03-01T06:00,24.2,86,0,5.1,100
2025-03-01T07:00,24.6,87,0,4.4,86
2025-03-01T08:00,26.5,83,0,3.2,31
2025-03-01T09:00,28.4,74,0,1.1,46
2025-03-01T10:00,28.8,72,0.1,4.7,65
2025-03-01T11:00,29.2,71,0.3,5,62
2025-03-01T12:00,29.5,69,0.1,5.5,79
2025-03-01T13:00,29.8,68,0.2,6.3,57
2025-03-01T14:00,30.1,66,0.1,7.4,60
2025-03-01T15:00,29.8,68,0.1,8.1,92
2025-03-01T16:00,29.5,69,0,6.9,49
2025-03-01T17:00,29.5,68,0,7.3,91
2025-03-01T18:00,28.9,72,0,6.7,38
2025-03-01T19:00,28.3,79,0,6,35
2025-03-01T20:00,27.9,82,0,4.9,18
2025-03-01T21:00,27.6,89,0,4.7,9
2025-03-01T22:00,27,92,0,6,6
2025-03-01T23:00,26.6,92,0,6.2,6
2025-03-02T00:00,26.3,91,0,5.8,51
2025-03-02T01:00,26.1,91,0,4.4,35
2025-03-02T02:00,25.9,90,0,5.7,47
2025-03-02T03:00,25.6,90,0,7.6,92
2025-03-02T04:00,25.6,88,0,4.9,89
2025-03-02T05:00,25.2,90,0,4.1,91
2025-03-02T06:00,25,90,0,4.9,96
2025-03-02T07:00,25.4,88,0,4.3,49
2025-03-02T08:00,26.9,84,0,4.2,5
2025-03-02T09:00,28.6,77,0,3.1,89
2025-03-02T10:00,29.6,71,0.1,1.9,84
2025-03-02T11:00,29.9,70,0.1,5.8,83
2025-03-02T12:00,30,72,0,6.8,78
2025-03-02T13:00,28.8,80,0,2.8,74
2025-03-02T14:00,29.9,72,0.1,1,71
2025-03-02T15:00,29.9,70,0.1,4.9,74
2025-03-02T16:00,28.9,75,0,2.8,97
2025-03-02T17:00,28.9,74,0.1,2.2,98
2025-03-02T18:00,28.6,74,0.1,2.1,100
2025-03-02T19:00,27.2,83,0.1,5.3,99
2025-03-02T20:00,26.5,90,0,5.7,97
2025-03-02T21:00,26.4,87,0,6.8,100
2025-03-02T22:00,26.3,89,0,7.2,100
2025-03-02T23:00,26,90,0,5.9,100
2025-03-03T00:00,26,88,0,4.9,100
2025-03-03T01:00,25.8,90,0,5.4,98
2025-03-03T02:00,25.6,90,0,6.4,92
2025-03-03T03:00,25.5,88,0,6.5,100
2025-03-03T04:00,25.4,88,0,5.6,100
2025-03-03T05:00,25.3,88,0,4,100
2025-03-03T06:00,25.1,89,0,4,100
2025-03-03T07:00,25.3,87,0,4.7,100
2025-03-03T08:00,27,79,0,4.4,100
2025-03-03T09:00,28.7,73,0,3.2,100
2025-03-03T10:00,29.8,67,0,1.5,100
2025-03-03T11:00,30.5,63,0,4.5,100
2025-03-03T12:00,31.2,60,0,6.8,100
2025-03-03T13:00,30.9,60,0.1,9,94
2025-03-03T14:00,30.5,64,0.2,10.5,100
2025-03-03T15:00,30.3,64,0.3,10,100
2025-03-03T16:00,29.1,70,1,7.7,100
2025-03-03T17:00,28,78,1,5.4,98
2025-03-03T18:00,26.4,85,0.4,8.1,81
2025-03-03T19:00,26.3,86,0,7.6,92
2025-03-03T20:00,26.6,85,0,4.6,87
2025-03-03T21:00,27.6,82,0,6.9,100
2025-03-03T22:00,27.4,84,0,4.8,100
2025-03-03T23:00,27,86,0,4.5,99
2025-03-04T00:00,26.7,87,0.1,3.2,99
2025-03-04T01:00,26.6,89,0,4.2,100
2025-03-04T02:00,26.5,90,0,3.2,100
2025-03-04T03:00,26.2,92,0,5.5,95
2025-03-04T04:00,25.7,93,0,8.1,98
2025-03-04T05:00,25.5,90,0.1,7.4,100
2025-03-04T06:00,25.6,89,0,6.2,100
2025-03-04T07:00,25.9,87,0,6.6,100
2025-03-04T08:00,27.3,81,0,6.2,100
2025-03-04T09:00,29.1,72,0,2,22
2025-03-04T10:00,30.1,67,0,3.2,18
2025-03-04T11:00,30.6,64,0,6,48
2025-03-04T12:00,31,62,0,6.8,99
2025-03-04T13:00,30.8,63,0,5.2,92
2025-03-04T14:00,30.9,62,0,6.7,99
2025-03-04T15:00,30.2,64,0,3.8,95
2025-03-04T16:00,29,69,0.1,2.8,100
2025-03-04T17:00,28.2,74,0.1,6.4,99
2025-03-04T18:00,28,76,0,5.4,100
2025-03-04T19:00,27.7,78,0,6.8,100
2025-03-04T20:00,27,82,0,5.4,100
2025-03-04T21:00,27.2,84,0,1.4,100
2025-03-04T22:00,26.9,87,0,5.9,100
2025-03-04T23:00,26.5,91,0,5.4,100
2025-03-05T00:00,26.1,93,0,5.4,95
2025-03-05T01:00,25.7,92,0,6.6,100
2025-03-05T02:00,25.6,90,0,4.4,97
2025-03-05T03:00,25.5,91,0,3,100
2025-03-05T04:00,25.6,91,0,4.7,100
2025-03-05T05:00,25.6,87,0,4.1,98
2025-03-05T06:00,25.5,88,0,3.8,97
2025-03-05T07:00,25.6,88,0.1,3.4,99
2025-03-05T08:00,26.6,82,0,2.4,88
2025-03-05T09:00,27.5,77,0.2,5.1,99
2025-03-05T10:00,28.1,74,0.1,5,100
2025-03-05T11:00,29,72,0,0.2,99
2025-03-05T12:00,29.9,66,0.1,4.4,100
2025-03-05T13:00,30,67,0,6.5,89
2025-03-05T14:00,29.7,68,0.1,3.2,100
2025-03-05T15:00,29,70,0,2.2,100
2025-03-05T16:00,27.7,77,0.1,3.9,100
2025-03-05T17:00,27.1,81,0.1,6.8,99
2025-03-05T18:00,27,81,0.1,4,100
2025-03-05T19:00,26.9,82,0,4.3,100
2025-03-05T20:00,26.6,85,0,4.8,100
2025-03-05T21:00,27.2,87,0,5.4,100
2025-03-05T22:00,27.1,89,0,5.6,100
2025-03-05T23:00,26.8,91,0,5.9,100
2025-03-06T00:00,26.5,92,0,5.4,100
2025-03-06T01:00,26.4,93,0,3.1,100
2025-03-06T02:00,26.1,93,0,4.7,100
2025-03-06T03:00,25.8,93,0.3,5.6,100
2025-03-06T04:00,25.4,93,0.2,5.5,100
2025-03-06T05:00,25.2,94,0.1,5.7,100
2025-03-06T06:00,25,94,1.3,5.4,100
2025-03-06T07:00,25.2,95,0.5,5.6,71
2025-03-06T08:00,26.9,86,0,4.1,1
2025-03-06T09:00,29.3,73,0,0.7,7
2025-03-06T10:00,30.4,65,0,2.3,14
2025-03-06T11:00,31,63,0,4.2,71
2025-03-06T12:00,31.2,63,0,5.1,95
2025-03-06T13:00,31.2,63,0,4.9,71
2025-03-06T14:00,30.8,66,0,7.9,63
2025-03-06T15:00,29.5,73,0.1,5.3,99
2025-03-06T16:00,28.3,77,0.2,8.7,100
2025-03-06T17:00,28.3,77,0,7.7,100
2025-03-06T18:00,27.9,79,0,5.4,100
2025-03-06T19:00,27.6,82,0,5.9,100
2025-03-06T20:00,27.5,83,0,3.3,100
2025-03-06T21:00,27.1,88,0,5.2,100
2025-03-06T22:00,26,95,3,8,100
2025-03-06T23:00,25.8,95,0.1,1.5,100
2025-03-07T00:00,25.9,96,0,3.8,100
2025-03-07T01:00,25.6,96,0,5.9,100
2025-03-07T02:00,25.4,95,0,6.5,100
2025-03-07T03:00,25.3,94,0,5.3,100
2025-03-07T04:00,25.3,95,0,4,100
2025-03-07T05:00,25.3,93,0,4.6,100
2025-03-07T06:00,25.2,92,0,6,100
2025-03-07T07:00,25.5,91,0,5.2,100
2025-03-07T08:00,26.9,87,0,4.4,58
2025-03-07T09:00,27.9,82,0.1,3.6,44
2025-03-07T10:00,28.6,76,0.1,7.6,30
2025-03-07T11:00,29,74,0,7.3,27
2025-03-07T12:00,29.3,73,0,10,63
2025-03-07T13:00,29.2,73,0,9.8,86
2025-03-07T14:00,28.8,76,0.1,11,91
2025-03-07T15:00,28,78,0.2,8.9,100
2025-03-07T16:00,27.6,79,0.3,9,100
2025-03-07T17:00,26.3,84,0.3,5.2,100
2025-03-07T18:00,25.9,87,0.7,3.5,100
2025-03-07T19:00,25.3,89,0.5,8.6,100
2025-03-07T20:00,25.1,89,0.3,7.5,100
2025-03-07T21:00,25.4,91,2.1,8.8,100
2025-03-07T22:00,25,94,3.6,8,100
2025-03-07T23:00,24.4,95,2.3,9.2,100
2025-03-08T00:00,24,96,2.5,10.1,100
2025-03-08T01:00,23.5,95,0.8,13.7,100
2025-03-08T02:00,23.8,95,0.3,11.1,100
2025-03-08T03:00,24.1,92,0.1,8.3,100
2025-03-08T04:00,24.3,92,0,11.8,100
2025-03-08T05:00,24.6,92,0.1,9.9,100
2025-03-08T06:00,24.9,92,0,10.4,100
2025-03-08T07:00,25.1,93,1.3,8.8,100
2025-03-08T08:00,25.5,88,0.4,9.8,100
2025-03-08T09:00,24.9,93,2.7,8.3,100
2025-03-08T10:00,25.5,88,3.3,9.8,100
2025-03-08T11:00,26.2,86,1.7,11.1,100
2025-03-08T12:00,26.2,87,1.7,11.4,100
2025-03-08T13:00,26.7,85,0.9,9.8,100
2025-03-08T14:00,27,82,0.6,10.7,100
2025-03-08T15:00,26.7,86,0.7,11.9,100
2025-03-08T16:00,26.7,86,0.7,12.2,100
2025-03-08T17:00,26.5,88,0.5,12.4,100
2025-03-08T18:00,26.2,90,0.4,11,100
2025-03-08T19:00,25.9,93,0.4,10.2,100
2025-03-08T20:00,25.5,93,0.2,10.9,100
2025-03-08T21:00,26.5,92,0.7,8.5,100
2025-03-08T22:00,26.1,94,0.7,8.5,100
2025-03-08T23:00,25.9,90,0.8,8.4,100
2025-03-09T00:00,25.8,89,1,7.5,100
2025-03-09T01:00,25.9,89,0.3,6.9,100
2025-03-09T02:00,25.6,92,0.3,5.6,100
2025-03-09T03:00,25.1,94,0,7.1,99
2025-03-09T04:00,24.7,95,0,7,90
2025-03-09T05:00,24.5,94,0,6.7,21
2025-03-09T06:00,24.3,92,0,6.3,26
2025-03-09T07:00,24.7,90,0,4.8,47
2025-03-09T08:00,26.4,90,0,2.3,43
2025-03-09T09:00,27.3,82,0.3,6.4,82
2025-03-09T10:00,29,76,0.1,3,92
2025-03-09T11:00,29.5,76,0.1,5.2,72
2025-03-09T12:00,28,81,4.2,10.3,80
2025-03-09T13:00,28.1,82,2.6,7.6,94
2025-03-09T14:00,27.8,83,0.1,10.1,100
2025-03-09T15:00,28.1,83,0.1,9.9,96
2025-03-09T16:00,28.6,80,0.1,7.9,99
2025-03-09T17:00,28.2,81,0,8.5,96
2025-03-09T18:00,27.8,85,0.1,5.6,98
2025-03-09T19:00,27.3,90,0,4.3,99
2025-03-09T20:00,27.1,91,0,4.2,100
2025-03-09T21:00,26.3,92,0,3.5,99
2025-03-09T22:00,26,95,0,4,100
2025-03-09T23:00,25.7,95,0,5.8,100
2025-03-10T00:00,25.4,95,0,5.4,100
2025-03-10T01:00,25.1,96,0,5,100
2025-03-10T02:00,25.1,96,0,3.4,100
2025-03-10T03:00,24.9,95,0,5.3,100
2025-03-10T04:00,24.6,95,0,5.4,100
2025-03-10T05:00,24.3,95,0,6.3,100
2025-03-10T06:00,24.1,93,0,5.4,100
2025-03-10T07:00,24.6,92,0,3.1,100
2025-03-10T08:00,26.5,86,0,3.1,100
2025-03-10T09:00,28,79,0,2.1,100
2025-03-10T10:00,29,75,0,5.7,100
2025-03-10T11:00,29.5,74,0,11.3,100
2025-03-10T12:00,28.1,80,1.1,13.4,100
2025-03-10T13:00,28.5,79,0.2,9.3,100
2025-03-10T14:00,28.3,81,0.5,7.8,100
2025-03-10T15:00,28.2,84,0.3,5.6,100
2025-03-10T16:00,28.2,82,0.4,7.5,100
2025-03-10T17:00,26,89,14.6,7.9,100
2025-03-10T18:00,25.6,92,1.9,7.2,100
2025-03-10T19:00,25.8,93,0.1,6.8,100
2025-03-10T20:00,25.7,93,0,4.6,100
2025-03-10T21:00,25,94,0.7,6.9,100
2025-03-10T22:00,24.4,96,4,1.8,100
2025-03-10T23:00,24.5,95,1.1,7.8,100
2025-03-11T00:00,24.1,97,0.7,3.4,100
2025-03-11T01:00,24.2,95,2.1,3.2,100
2025-03-11T02:00,23.6,97,2.7,3.9,100
2025-03-11T03:00,23.6,96,0.1,7.9,100
2025-03-11T04:00,23.4,96,0,0.2,100
2025-03-11T05:00,23.8,95,0,5.2,100
2025-03-11T06:00,23.6,95,0,4.5,75
2025-03-11T07:00,24,95,0,6.7,63
2025-03-11T08:00,25.5,91,0,4.9,3
2025-03-11T09:00,27.4,85,0.2,10.3,28
2025-03-11T10:00,27.8,81,0.2,13.7,40
2025-03-11T11:00,28.2,79,0.2,12.8,80
2025-03-11T12:00,28.5,78,0.2,11.9,97
2025-03-11T13:00,28.1,79,0,9.5,95
2025-03-11T14:00,28.5,78,0,7.8,99
2025-03-11T15:00,28.4,77,0,7.3,89
2025-03-11T16:00,28.4,77,0,5.9,91
2025-03-11T17:00,28.8,74,0,4.1,95
2025-03-11T18:00,27.9,81,0,5.9,100
2025-03-11T19:00,27,88,0,6.7,90
2025-03-11T20:00,26.5,91,0,5.6,100
2025-03-11T21:00,27.6,88,0,2.4,92
2025-03-11T22:00,27.2,90,0,6,84
2025-03-11T23:00,27,91,0,4.7,100
2025-03-12T00:00,26.5,94,0,5,100
2025-03-12T01:00,26.1,95,0,6.8,100
2025-03-12T02:00,25.9,93,0,6.9,100
2025-03-12T03:00,25.7,93,0,4.4,12
2025-03-12T04:00,25.5,93,0,4.8,60
2025-03-12T05:00,25,93,0,7.2,20
2025-03-12T06:00,24.7,92,0,7.2,59
2025-03-12T07:00,25.3,90,0,5.7,41
2025-03-12T08:00,27.2,85,0,3.4,82
2025-03-12T09:00,28.7,79,0,1.3,100
2025-03-12T10:00,29.6,72,0.1,2.1,43
2025-03-12T11:00,30.1,69,0.1,4.5,32
2025-03-12T12:00,30.3,69,0.2,6,74
2025-03-12T13:00,29.5,74,0.1,3.1,88
2025-03-12T14:00,29.5,73,0,4.1,45
2025-03-12T15:00,29.9,70,0.1,3.4,33
2025-03-12T16:00,29.6,71,0.2,3.7,87
2025-03-12T17:00,29.4,73,0.1,3.6,100
2025-03-12T18:00,28.9,77,0,4.5,99
2025-03-12T19:00,28.4,84,0,4.4,100
2025-03-12T20:00,28.3,84,0,5.1,100
2025-03-12T21:00,27.9,90,0,0.7,99
2025-03-12T22:00,26.4,93,0.8,9.7,100
2025-03-12T23:00,24.8,96,1.6,4.5,100
2025-03-13T00:00,24.5,97,0.1,7.8,98
2025-03-13T01:00,24.4,96,0.1,3.1,82
2025-03-13T02:00,24.3,95,0,2,92
2025-03-13T03:00,24.6,94,0,4.9,90
2025-03-13T04:00,24.2,95,0,7,100
2025-03-13T05:00,23.9,95,0,4,100
2025-03-13T06:00,23.7,94,2.6,2.1,100
2025-03-13T07:00,24,95,0.3,6.7,99
2025-03-13T08:00,25.1,92,0,7,100
2025-03-13T09:00,27.4,81,0,7.4,100
2025-03-13T10:00,28.3,79,0,4.1,100
2025-03-13T11:00,27.9,81,0.2,9.4,100
2025-03-13T12:00,27,83,6.7,3.2,100
2025-03-13T13:00,27.4,80,0.7,4.4,100
2025-03-13T14:00,27.3,82,0.8,4.7,100
2025-03-13T15:00,27.8,80,0.5,8.3,96
2025-03-13T16:00,27.9,80,0,8.5,93
2025-03-13T17:00,27.9,80,0,8.7,97
2025-03-13T18:00,27.5,82,0,8.1,100
2025-03-13T19:00,27.3,85,0,6.8,100
2025-03-13T20:00,27.1,87,0,6.5,100
2025-03-13T21:00,26.8,89,0.4,8.4,100
2025-03-13T22:00,26.7,90,0,7,100
2025-03-13T23:00,26.6,90,0,5.7,100
2025-03-14T00:00,26.5,90,0,6.6,100
2025-03-14T01:00,26.4,89,0,4.8,100
2025-03-14T02:00,26.1,90,0,5.6,100
2025-03-14T03:00,25.5,93,0,5,100
2025-03-14T04:00,25.4,92,0.2,7.7,100
2025-03-14T05:00,25.1,91,0,6.6,99
2025-03-14T06:00,25,90,0,5.8,100
2025-03-14T07:00,25.2,91,0,5.4,100
2025-03-14T08:00,26.5,86,0,3,100
2025-03-14T09:00,28,78,0,4.1,100
2025-03-14T10:00,28.8,74,0,2,100
2025-03-14T11:00,29.1,73,0,4.8,100
2025-03-14T12:00,29.7,71,0,6.8,98
2025-03-14T13:00,29.9,71,0,5.2,79
2025-03-14T14:00,29.5,72,0,7.2,86
2025-03-14T15:00,29.4,73,0,5.7,89
2025-03-14T16:00,29.3,72,0,4.1,99
2025-03-14T17:00,29.1,72,0,4,98
2025-03-14T18:00,28.7,74,0,2.1,100
2025-03-14T19:00,28.3,78,0,2.7,96
2025-03-14T20:00,27.4,86,0,4.8,98
2025-03-14T21:00,26.4,92,0.7,7.6,100
2025-03-14T22:00,26.1,91,0.3,8.3,92
2025-03-14T23:00,25.9,88,0,8.6,100
2025-03-15T00:00,26,87,0,6.6,100
2025-03-15T01:00,25.9,86,0,5.7,99
2025-03-15T02:00,25.6,87,0,6.5,100
2025-03-15T03:00,25.1,88,0,6.4,100
2025-03-15T04:00,24.8,87,0,6.4,100
2025-03-15T05:00,24.9,86,0,6.2,86
2025-03-15T06:00,24.9,86,0,6.1,99
2025-03-15T07:00,25.1,88,0,5.4,100
2025-03-15T08:00,26.6,86,0,5.5,100
2025-03-15T09:00,27.7,83,0.1,4.1,99
2025-03-15T10:00,28.3,80,0.1,2.8,96
2025-03-15T11:00,29.2,75,0,4.6,99
2025-03-15T12:00,30.1,70,0,7.3,100
2025-03-15T13:00,29.7,69,0.1,11.8,100
2025-03-15T14:00,30.1,67,0,10,100
2025-03-15T15:00,29.7,67,0,10.2,100
2025-03-15T16:00,29.6,67,0,8.4,100
2025-03-15T17:00,29.5,66,0,8.5,99
2025-03-15T18:00,28.9,71,0,7.7,100
2025-03-15T19:00,28.3,76,0.1,4.2,100
2025-03-15T20:00,27.8,79,0,2.2,100
2025-03-15T21:00,27.6,83,0,3.3,100
2025-03-15T22:00,26.7,85,0.1,10.4,100
2025-03-15T23:00,26.4,86,0.2,9.4,100
2025-03-16T00:00,26.3,87,0.1,8.7,100
2025-03-16T01:00,25.2,90,0.6,8.9,100
2025-03-16T02:00,25.3,92,0.3,5.8,100
2025-03-16T03:00,25.2,93,0.1,5.1,100
2025-03-16T04:00,25.1,93,0.2,6.2,100
2025-03-16T05:00,25.1,94,0.3,4.8,100
2025-03-16T06:00,24.6,96,1.8,7.2,100
2025-03-16T07:00,25.3,93,0.4,9.3,100
2025-03-16T08:00,25.9,86,1.1,6.1,100
2025-03-16T09:00,27.1,84,0.2,9.2,100
2025-03-16T10:00,27.6,83,0.3,6.5,100
2025-03-16T11:00,27.1,84,0.4,8.7,95
2025-03-16T12:00,27.4,81,0.5,14.1,100
2025-03-16T13:00,26,87,2.1,10.1,99
2025-03-16T14:00,27.3,82,0.2,8.5,100
2025-03-16T15:00,27,83,0.5,9.4,99
2025-03-16T16:00,27.5,79,0.3,8.8,100
2025-03-16T17:00,27.8,79,0.5,8,98
2025-03-16T18:00,27.2,83,0.6,6,100
2025-03-16T19:00,26.6,88,0,6,93
2025-03-16T20:00,26.3,90,0.1,4.5,100
2025-03-16T21:00,25.4,93,0.5,5.7,100
2025-03-16T22:00,25.5,93,0.3,5.5,100
2025-03-16T23:00,25.4,94,0.3,5.2,100
2025-03-17T00:00,25.4,94,0.2,6.1,100
2025-03-17T01:00,25.1,95,0.1,7.3,100
2025-03-17T02:00,24.9,96,0,6.1,100
2025-03-17T03:00,25,94,0.1,5,100
2025-03-17T04:00,25.1,93,0.1,5.4,100
2025-03-17T05:00,25.2,94,0.1,5,100
2025-03-17T06:00,25.2,93,0.3,2.9,100
2025-03-17T07:00,25.3,94,0.3,7.2,100
2025-03-17T08:00,25.2,92,5.8,8.7,100
2025-03-17T09:00,26.3,87,0.4,9.1,100
2025-03-17T10:00,26.3,86,1.1,9.9,100
2025-03-17T11:00,25.7,90,4.4,4.5,100
2025-03-17T12:00,25.8,88,1.4,7.7,100
2025-03-17T13:00,26.3,87,0.9,12.7,100
2025-03-17T14:00,26,83,1.4,15.7,100
2025-03-17T15:00,26,85,0.3,13.5,100
2025-03-17T16:00,26.2,84,0.4,12.7,100
2025-03-17T17:00,26.5,86,0.7,7,100
2025-03-17T18:00,26.3,89,0.4,5.5,100
2025-03-17T19:00,25.9,91,0.2,5.6,100
2025-03-17T20:00,25.9,91,0.1,4.5,100
2025-03-17T21:00,24.6,95,0.4,8.3,100
2025-03-17T22:00,24.6,93,0.1,8.6,100
2025-03-17T23:00,24.8,92,0.1,9.1,100
2025-03-18T00:00,24.8,92,0.1,7.5,100
2025-03-18T01:00,25.1,91,0.2,7.2,100
2025-03-18T02:00,24.9,93,0.5,6.4,100
2025-03-18T03:00,24.4,96,3.2,3.7,100
2025-03-18T04:00,24.4,95,2.9,0.8,97
2025-03-18T05:00,24.6,93,2.1,2.7,100
2025-03-18T06:00,23.9,98,0.7,2.7,100
2025-03-18T07:00,23.7,96,1.9,5.4,100
2025-03-18T08:00,24.3,96,4.9,4.2,100
2025-03-18T09:00,25.7,90,1.7,6.5,100
2025-03-18T10:00,26,84,1,8.3,100
2025-03-18T11:00,26,86,0.6,6.3,100
2025-03-18T12:00,26.3,87,0.2,2.8,100
2025-03-18T13:00,26.7,83,0.8,6.1,100
2025-03-18T14:00,26.9,82,0.5,8.3,100
2025-03-18T15:00,26.7,82,0.2,8.1,100
2025-03-18T16:00,26.6,83,1.2,4.5,100
2025-03-18T17:00,26.3,85,0.8,4.2,100
2025-03-18T18:00,25.6,95,0.7,2.6,100
2025-03-18T19:00,25.1,98,1.5,3.4,100
2025-03-18T20:00,25.2,97,0.7,3.3,100
2025-03-18T21:00,24.9,95,1.5,1.8,100
2025-03-18T22:00,24.8,95,0.9,5.8,100
2025-03-18T23:00,24.3,95,1,1.2,100
2025-03-19T00:00,24.5,94,1.6,2.4,100
2025-03-19T01:00,24.2,96,0.3,3.2,100
2025-03-19T02:00,24.5,94,0.2,1.5,100
2025-03-19T03:00,24.2,94,0.2,0.4,100
2025-03-19T04:00,24.7,91,0.2,3,100
2025-03-19T05:00,23.7,99,1.2,3.1,100
2025-03-19T06:00,24,96,0.7,7.5,98
2025-03-19T07:00,24.2,97,0.8,6.6,84
2025-03-19T08:00,25.3,91,0.2,9.2,93
2025-03-19T09:00,25.3,90,3.9,3.2,94
2025-03-19T10:00,26.2,84,0.5,2.5,84
2025-03-19T11:00,26.7,83,0.3,0.4,84
2025-03-19T12:00,27.8,81,0.1,6,78
2025-03-19T13:00,28,79,0.2,10.6,85
2025-03-19T14:00,28,81,0,9.3,85
2025-03-19T15:00,28,81,0,7.1,90
2025-03-19T16:00,27.9,80,0.1,5.8,100
2025-03-19T17:00,27.4,80,0.2,5.7,97
2025-03-19T18:00,27.3,81,0.1,3.6,96
2025-03-19T19:00,26.6,86,0.2,1,91
2025-03-19T20:00,25,96,1.6,4.7,97
2025-03-19T21:00,26.1,85,2.3,6.5,100
2025-03-19T22:00,25.7,91,2.2,5.8,100
2025-03-19T23:00,25.1,94,4,2.7,100
2025-03-20T00:00,25,95,0.4,2.1,84
2025-03-20T01:00,24.7,98,0.4,3.1,97
2025-03-20T02:00,24.3,96,0.2,10.9,100
2025-03-20T03:00,24,94,0,10,100
2025-03-20T04:00,24.2,91,0,6.1,100
2025-03-20T05:00,24.1,91,0,5.5,99
2025-03-20T06:00,24.4,91,0,4.6,100
2025-03-20T07:00,25.2,91,0,7.8,100
2025-03-20T08:00,26.3,88,0,8.6,100
2025-03-20T09:00,27.3,82,0,9.4,100
2025-03-20T10:00,27.9,79,0.1,7.4,100
2025-03-20T11:00,28.1,79,0.1,8,100
2025-03-20T12:00,28.3,79,0.1,8.2,100
2025-03-20T13:00,28.5,80,0,9.2,100
2025-03-20T14:00,28.1,82,0,9.8,100
2025-03-20T15:00,28.2,81,0,10.3,99
2025-03-20T16:00,28.1,76,0.1,10.3,97
2025-03-20T17:00,27.1,80,1,7.5,99
2025-03-20T18:00,27,82,0.1,0.6,100
2025-03-20T19:00,26.4,87,0.2,3.1,100
2025-03-20T20:00,26.1,90,0.1,5,100
2025-03-20T21:00,26.1,92,0.4,2.1,100
2025-03-20T22:00,25.7,92,0.4,5.7,100
2025-03-20T23:00,25.2,96,0.5,4.6,100
2025-03-21T00:00,25.3,94,0.8,6.3,100
2025-03-21T01:00,25.1,94,0.2,5.8,100
2025-03-21T02:00,24.6,97,0.4,5.5,100
2025-03-21T03:00,24.7,94,0.3,8.5,100
2025-03-21T04:00,24.9,94,0.2,4.6,100
2025-03-21T05:00,25.2,93,0.2,8.9,100
2025-03-21T06:00,25.2,91,0.4,10.2,100
2025-03-21T07:00,25.5,92,0.4,10.2,100
2025-03-21T08:00,26.3,88,0.4,8.5,99
2025-03-21T09:00,26.3,87,0.3,5.8,100
2025-03-21T10:00,27.3,82,0.2,7.1,99
2025-03-21T11:00,27.6,82,0.3,9.2,99
2025-03-21T12:00,27.6,82,0.2,12.8,100
2025-03-21T13:00,27.2,82,2.4,13.5,99
2025-03-21T14:00,26.9,85,1.7,8.7,100
2025-03-21T15:00,26.9,84,0.5,6.5,100
2025-03-21T16:00,26.6,86,0.4,5.9,100
2025-03-21T17:00,26.4,87,0.3,7.6,100
2025-03-21T18:00,26.5,88,0.1,5,99
2025-03-21T19:00,25.5,92,1.8,8.7,100
2025-03-21T20:00,25.5,93,0.3,8.1,100
2025-03-21T21:00,25.2,92,1,3.6,100
2025-03-21T22:00,25.3,93,0.5,1.8,100
2025-03-21T23:00,25.2,93,0.1,5.6,100
2025-03-22T00:00,25.1,93,0.1,5.3,100
2025-03-22T01:00,25,91,0.2,5.1,100
2025-03-22T02:00,24.7,94,0.3,3.1,100
2025-03-22T03:00,24.8,96,0.4,3.5,100
2025-03-22T04:00,24.7,95,0.5,4.7,100
2025-03-22T05:00,25,93,0.3,5.3,100
2025-03-22T06:00,24.5,96,0.3,2.6,100
2025-03-22T07:00,24.8,94,1.3,8.7,100
2025-03-22T08:00,26.1,87,0.4,4.8,100
2025-03-22T09:00,25.6,90,0.1,4.7,100
2025-03-22T10:00,25.6,90,0.1,5.6,100
2025-03-22T11:00,26.8,85,0.1,6.9,100
2025-03-22T12:00,27.6,82,0,10.7,100
2025-03-22T13:00,27.6,80,1.9,11.6,100
2025-03-22T14:00,27,82,2.4,9.5,100
2025-03-22T15:00,26.9,82,0,9.4,100
2025-03-22T16:00,27.5,80,0.2,11.3,100
2025-03-22T17:00,27.7,77,0.2,11.4,100
2025-03-22T18:00,27.3,81,0.1,9.8,100
2025-03-22T19:00,27,84,0.1,10.2,100
2025-03-22T20:00,26.5,87,0.1,10,100
2025-03-22T21:00,25.7,90,0.1,9.8,100
2025-03-22T22:00,25.6,90,0.1,10.7,100
2025-03-22T23:00,25.8,88,0,10.1,100
2025-03-23T00:00,25.7,89,0.1,8.3,100
2025-03-23T01:00,25.7,88,0.1,5,100
2025-03-23T02:00,25.2,92,2.5,7.6,100
2025-03-23T03:00,25.4,93,0.4,7.6,95
2025-03-23T04:00,25.3,93,0.1,9.2,100
2025-03-23T05:00,25.3,92,0.2,9.7,100
2025-03-23T06:00,25,95,1.1,10,100
2025-03-23T07:00,25.3,94,0.6,9,100
2025-03-23T08:00,25.8,91,1.5,8.5,100
2025-03-23T09:00,27.1,86,0.5,7,100
2025-03-23T10:00,25.7,87,4.6,11.2,100
2025-03-23T11:00,26.5,86,0.9,12.6,100
2025-03-23T12:00,27.2,83,0.3,12.2,62
2025-03-23T13:00,28.6,78,0,12.9,97
2025-03-23T14:00,28.7,76,0.1,12.9,91
2025-03-23T15:00,28.6,76,0,11.4,78
2025-03-23T16:00,28.5,76,0.1,10.6,50
2025-03-23T17:00,28.3,78,0,8,92
2025-03-23T18:00,27.8,82,0,6.3,94
2025-03-23T19:00,27.5,85,0,6,90
2025-03-23T20:00,27.3,87,0,5.5,95
2025-03-23T21:00,26.3,91,1.2,8,89
2025-03-23T22:00,25.7,90,0.1,9.1,100
2025-03-23T23:00,25.4,87,0.2,8.1,100
2025-03-24T00:00,25.5,85,0,7.9,100
2025-03-24T01:00,25.2,84,0,9.7,100
2025-03-24T02:00,25.3,82,0,11.2,100
2025-03-24T03:00,25.5,82,0,12,100
2025-03-24T04:00,25.5,84,0,10.5,100
2025-03-24T05:00,25.3,82,0,10,100
2025-03-24T06:00,25.2,80,0,9.3,100
2025-03-24T07:00,25.5,79,0,10.1,100
2025-03-24T08:00,27,80,0,8.6,100
2025-03-24T09:00,28.6,74,0.1,8.6,100
2025-03-24T10:00,29.2,71,0.1,11.4,100
2025-03-24T11:00,29.8,68,0,12,100
2025-03-24T12:00,30,68,0,13.5,100
2025-03-24T13:00,30,69,0,13.2,100
2025-03-24T14:00,29.8,71,0,13.2,52
2025-03-24T15:00,29.6,73,0,9.4,18
2025-03-24T16:00,29.5,73,0,6.9,48
2025-03-24T17:00,29,75,0,6.7,42
2025-03-24T18:00,28.5,81,0,5.2,30
2025-03-24T19:00,27.6,84,0,7.5,100
2025-03-24T20:00,25.5,90,3.9,13.7,100
2025-03-24T21:00,25.6,92,0.7,6.7,100
2025-03-24T22:00,25.2,95,0.9,7.9,100
2025-03-24T23:00,24.9,96,0.1,8.6,100
2025-03-25T00:00,24.9,94,0.3,8.9,100
2025-03-25T01:00,25,91,0.1,8.4,100
2025-03-25T02:00,25.1,90,0,7.6,100
2025-03-25T03:00,25,89,0,7.3,100
2025-03-25T04:00,25,88,0,6.2,100
2025-03-25T05:00,25,87,0,6,100
2025-03-25T06:00,24.9,88,0,6.6,100
2025-03-25T07:00,25.7,85,0,6.4,100
2025-03-25T08:00,26.5,86,0,8.3,100
2025-03-25T09:00,28,79,0.1,8.2,98
2025-03-25T10:00,28.6,76,0.3,9.7,100
2025-03-25T11:00,29,75,0.5,11.9,100
2025-03-25T12:00,28.9,76,0.5,13.9,99
2025-03-25T13:00,26.5,85,7.1,17.5,93
2025-03-25T14:00,27.3,81,0.1,10.3,99
2025-03-25T15:00,28,80,0,9,100
2025-03-25T16:00,28.4,78,0,5.2,36
2025-03-25T17:00,28.2,78,0,4.3,96
2025-03-25T18:00,28,79,0,1.3,100
2025-03-25T19:00,26.1,91,1.2,8.1,100
2025-03-25T20:00,26,91,0.6,5.8,100
2025-03-25T21:00,25,95,1.2,11.2,100
2025-03-25T22:00,24.5,95,0.7,11.1,100
2025-03-25T23:00,24.6,93,0.4,11.4,100
2025-03-26T00:00,24.8,91,0.1,8.7,100
2025-03-26T01:00,25,89,0,8.3,100
2025-03-26T02:00,25,88,0,12,100
2025-03-26T03:00,25,87,0.2,12.9,100
2025-03-26T04:00,25.1,85,0.1,10.3,100
2025-03-26T05:00,25.2,84,0,9,100
2025-03-26T06:00,25.2,84,0,8.4,100
2025-03-26T07:00,25.4,83,0,7.6,100
2025-03-26T08:00,26.7,83,0,6.5,100
2025-03-26T09:00,27,84,0,7,100
2025-03-26T10:00,27.9,80,0,7,100
2025-03-26T11:00,29,72,0,7,100
2025-03-26T12:00,29.5,71,0,5.5,100
2025-03-26T13:00,29.6,69,0,6.7,100
2025-03-26T14:00,29.5,68,0,7.3,100
2025-03-26T15:00,29.5,69,0,5.3,100
2025-03-26T16:00,29.2,70,0,5.5,100
2025-03-26T17:00,28.8,72,0,2.9,100
2025-03-26T18:00,28.1,80,0,5,100
2025-03-26T19:00,27.8,80,0,4.5,100
2025-03-26T20:00,27.8,80,0,4.5,100
2025-03-26T21:00,28.4,80,0,4.5,100
2025-03-26T22:00,28,81,0,4,100
2025-03-26T23:00,26.9,85,0,7.9,100
2025-03-27T00:00,26.1,84,0,6.2,100
2025-03-27T01:00,25.9,82,0,5.4,100
2025-03-27T02:00,25.4,80,0,5.4,100
2025-03-27T03:00,24.9,85,0,4.6,100
2025-03-27T04:00,24.8,86,0,5.6,99
2025-03-27T05:00,24.6,87,0,6.6,70
2025-03-27T06:00,24.9,85,0,4.4,50
2025-03-27T07:00,25.4,86,0,5.8,14
2025-03-27T08:00,27.1,79,0,6.5,23
2025-03-27T09:00,28.6,77,0,5.2,99
2025-03-27T10:00,29.6,72,0,6.5,100
2025-03-27T11:00,30,71,0,7,100
2025-03-27T12:00,30.3,70,0,4.8,90
2025-03-27T13:00,30.4,70,0,4.8,37
2025-03-27T14:00,30.5,70,0,4.2,96
2025-03-27T15:00,30.2,72,0,5.9,99
2025-03-27T16:00,29.8,73,0,4.7,100
2025-03-27T17:00,29.5,75,0,3,100
2025-03-27T18:00,28.9,80,0,3.1,100
2025-03-27T19:00,28.6,81,0,1.5,97
2025-03-27T20:00,28.6,83,0,1.9,95
2025-03-27T21:00,29.2,80,0,0.6,96
2025-03-27T22:00,28.9,77,0,1.8,99
2025-03-27T23:00,27.3,85,0,6,100
2025-03-28T00:00,26.3,86,0,7,99
2025-03-28T01:00,25.7,84,0,6.7,100
2025-03-28T02:00,25.3,81,0,7.2,100
2025-03-28T03:00,24.9,79,0,6.7,100
2025-03-28T04:00,24.7,80,0,6.4,100
2025-03-28T05:00,24.7,79,0,6.2,100
2025-03-28T06:00,24.7,77,0,6,92
2025-03-28T07:00,25.3,77,0,6.6,90
2025-03-28T08:00,26.8,78,0,7.6,9
2025-03-28T09:00,29,71,0,6.9,84
2025-03-28T10:00,30.2,66,0,5.9,14
2025-03-28T11:00,30.8,63,0,5.7,7
2025-03-28T12:00,31.1,62,0,5.8,22
2025-03-28T13:00,31.1,62,0,5.7,72
2025-03-28T14:00,30.9,64,0,5.8,25
2025-03-28T15:00,30.6,64,0,3.7,79
2025-03-28T16:00,30.6,63,0,3.7,48
2025-03-28T17:00,29.9,67,0,4.3,100
2025-03-28T18:00,29.2,74,0,3.4,100
2025-03-28T19:00,28.7,80,0,5.6,100
2025-03-28T20:00,28.6,81,0,4.8,79
2025-03-28T21:00,29.3,81,0,5.3,80
2025-03-28T22:00,28.4,81,0.1,5.4,49
2025-03-28T23:00,27.1,87,0,9.2,96
2025-03-29T00:00,26.3,89,0,8.7,87
2025-03-29T01:00,26.2,88,0,7,63
2025-03-29T02:00,25.9,88,0,6.5,100
2025-03-29T03:00,25.7,88,0,5.8,100
2025-03-29T04:00,25.5,88,0,5.8,97
2025-03-29T05:00,25.5,87,0,5.4,91
2025-03-29T06:00,25.5,87,0,5.2,75
2025-03-29T07:00,26,86,0,5.9,28
2025-03-29T08:00,27.4,85,0,7.2,34
2025-03-29T09:00,26.6,84,0.3,1.4,93
2025-03-29T10:00,27.8,81,0.4,7.5,70
2025-03-29T11:00,28.5,80,0.1,8.2,61
2025-03-29T12:00,28.8,80,0.1,6.9,65
2025-03-29T13:00,29.4,78,0.1,7.9,78
2025-03-29T14:00,28.6,77,5.6,10.1,85
2025-03-29T15:00,28.4,79,1.2,9.1,72
2025-03-29T16:00,28.2,80,0.1,7.7,94
2025-03-29T17:00,28,81,0.2,5,89
2025-03-29T18:00,27.7,83,0.4,3.4,88
2025-03-29T19:00,27.3,87,0,5.2,92
2025-03-29T20:00,26.6,89,0.2,3.8,94
2025-03-29T21:00,27.6,83,0,6.5,91
2025-03-29T22:00,27.2,85,0,7.4,95
2025-03-29T23:00,26.8,88,0,7.8,100
2025-03-30T00:00,26.4,85,0,7.7,100
2025-03-30T01:00,26.4,82,0,7.2,96
2025-03-30T02:00,26.4,81,0,4.4,89
2025-03-30T03:00,25.9,85,0.1,4.5,100
2025-03-30T04:00,25.4,88,0.1,4.6,100
2025-03-30T05:00,25.4,86,0.1,2.8,100
2025-03-30T06:00,24.8,94,4.7,7.7,100
2025-03-30T07:00,25.2,93,0.8,9.1,100
2025-03-30T08:00,26,92,0.1,9.5,100
2025-03-30T09:00,26.6,84,0.1,12.6,100
2025-03-30T10:00,27.1,82,0.1,13.2,100
2025-03-30T11:00,27.6,80,0.1,15.1,99
2025-03-30T12:00,28.1,79,0.2,13.5,91
2025-03-30T13:00,27.9,81,0.2,15.9,100
2025-03-30T14:00,27.3,81,0.2,11.9,100
2025-03-30T15:00,27.4,81,0.2,8,100
2025-03-30T16:00,27.6,82,0.1,7.7,100
2025-03-30T17:00,27.9,80,0.1,9.5,100
2025-03-30T18:00,27.6,83,0,7.7,100
2025-03-30T19:00,27.2,87,0,3.9,100
2025-03-30T20:00,27.2,87,0,2.1,100
2025-03-30T21:00,26.6,87,0,8,100
2025-03-30T22:00,26.2,87,0,7.8,100
2025-03-30T23:00,26.1,86,0,6.8,100
2025-03-31T00:00,26,84,0,6.3,100
2025-03-31T01:00,25.9,85,0,5.2,100
2025-03-31T02:00,25.6,87,0,4.7,100
2025-03-31T03:00,25.6,87,0,4.9,100
2025-03-31T04:00,24.8,90,1.7,0.5,100
2025-03-31T05:00,24.9,91,0.4,5.1,100
2025-03-31T06:00,24.2,94,0.1,8.6,100
2025-03-31T07:00,24.6,94,0.5,5.8,100
2025-03-31T08:00,26,89,0.8,3.4,100
2025-03-31T09:00,28.2,82,0.1,5.4,82
2025-03-31T10:00,29.1,76,0.2,5.5,33
2025-03-31T11:00,29.5,74,0.2,9.2,92
2025-03-31T12:00,29.7,74,0.1,9.2,96
2025-03-31T13:00,29.8,74,0.1,10.6,94
2025-03-31T14:00,29.9,72,0.1,10.1,45
2025-03-31T15:00,30.1,70,0,9.7,26
2025-03-31T16:00,29.8,67,0.2,10.4,53
2025-03-31T17:00,29,73,0.5,8.2,81
2025-03-31T18:00,28.6,78,0.2,5.7,97
2025-03-31T19:00,27.3,86,0.3,6.9,90
2025-03-31T20:00,26.8,88,0,5.8,99
2025-03-31T21:00,25.3,93,1.3,2.7,100
2025-03-31T22:00,25.7,91,0.3,4.5,100
2025-03-31T23:00,25.5,93,0,7.6,100
2025-04-01T00:00,25.3,91,0,7.9,100
2025-04-01T01:00,25.3,89,0,6.3,100
2025-04-01T02:00,25.4,88,0,5.4,100
2025-04-01T03:00,25,89,0,6.2,100
2025-04-01T04:00,24.9,91,0,5.4,100
2025-04-01T05:00,24.9,89,0,6.1,100
2025-04-01T06:00,24.8,89,0,4.7,100
2025-04-01T07:00,24.9,89,0,4.7,100
2025-04-01T08:00,26.4,87,0.1,3.9,100
2025-04-01T09:00,27.5,83,0,5.2,100
2025-04-01T10:00,26.9,86,1,9.1,100
2025-04-01T11:00,27.4,83,0,5.5,100
2025-04-01T12:00,27.7,82,0.1,6,100
2025-04-01T13:00,27.8,82,0.4,7.7,100
2025-04-01T14:00,27.4,82,0.2,12.3,100
2025-04-01T15:00,26.3,86,0.6,10.9,100
2025-04-01T16:00,25.9,88,0.3,11.5,100
2025-04-01T17:00,26,87,1,7.6,100
2025-04-01T18:00,25.3,91,1.3,13.6,100
2025-04-01T19:00,25.4,93,1.5,4.7,100
2025-04-01T20:00,25.4,93,0.3,4.9,100
2025-04-01T21:00,24.6,96,3,9.3,100
2025-04-01T22:00,24.6,95,1.1,9.4,100
2025-04-01T23:00,24.7,96,1.3,9.4,100
2025-04-02T00:00,24.8,96,1.2,7.7,100
2025-04-02T01:00,24.6,96,0.5,9.3,100
2025-04-02T02:00,24.4,95,0.7,9.4,100
2025-04-02T03:00,24.7,93,0.8,8.6,100
2025-04-02T04:00,24.9,93,0.4,7.6,100
2025-04-02T05:00,24.6,94,1.8,6.6,100
2025-04-02T06:00,24.8,93,2,6.7,100
2025-04-02T07:00,25,93,0.4,8.9,100
2025-04-02T08:00,26,89,0.5,9.2,100
2025-04-02T09:00,26,85,0.3,7.6,100
2025-04-02T10:00,27.2,81,0.1,6.6,100
2025-04-02T11:00,27.9,80,0.1,7.8,100
2025-04-02T12:00,27.8,80,0.1,8.3,100
2025-04-02T13:00,27.2,82,0.3,5.4,100
2025-04-02T14:00,27.2,81,0.1,5.8,100
2025-04-02T15:00,26.9,82,0.4,3.2,100
2025-04-02T16:00,27.3,79,0.2,3.3,95
2025-04-02T17:00,27.4,77,0,3.3,99
2025-04-02T18:00,27.1,82,0,3.7,74
2025-04-02T19:00,26.7,87,0,6.1,73
2025-04-02T20:00,26.5,88,0,5.7,62
2025-04-02T21:00,26.6,89,0,5.3,100
2025-04-02T22:00,26.4,90,0,5.3,100
2025-04-02T23:00,26,91,0,6.4,100
2025-04-03T00:00,25.5,91,0,5.9,100
2025-04-03T01:00,25.2,90,0,5.4,100
2025-04-03T02:00,25,90,0,5.9,100
2025-04-03T03:00,24.7,88,0,7.6,100
2025-04-03T04:00,24.5,86,0,6.8,100
2025-04-03T05:00,24.4,85,0,5.3,100
2025-04-03T06:00,24.4,84,0,5.4,100
2025-04-03T07:00,24.7,85,0,5.8,100
2025-04-03T08:00,26.5,82,0,6,99
2025-04-03T09:00,28.4,75,0,6.2,71
2025-04-03T10:00,29.1,73,0.2,4,52
2025-04-03T11:00,29.5,71,0.1,5.6,76
2025-04-03T12:00,29.8,70,0.1,6.8,97
2025-04-03T13:00,29.8,70,0,8.7,98
2025-04-03T14:00,29.7,70,0,9.6,99
2025-04-03T15:00,29.3,72,0.1,8.9,93
2025-04-03T16:00,29.1,72,0.1,6.7,99
2025-04-03T17:00,28.9,72,0.1,6.5,98
2025-04-03T18:00,28.4,78,0.1,4.8,100
2025-04-03T19:00,28.2,81,0,1.9,100
2025-04-03T20:00,27.7,82,0.1,2,100
2025-04-03T21:00,26.8,88,0,6.5,100
2025-04-03T22:00,26.5,87,0,6,100
2025-04-03T23:00,26.5,85,0,4.2,100
2025-04-04T00:00,26.2,86,0,1.2,100
2025-04-04T01:00,25.9,87,0,0.6,100
2025-04-04T02:00,25.6,89,0,3.4,100
2025-04-04T03:00,24.7,93,1.1,6.9,100
2025-04-04T04:00,25.1,89,0.4,4.9,100
2025-04-04T05:00,24.6,94,0,6.3,100
2025-04-04T06:00,24.2,95,0,8.5,100
2025-04-04T07:00,24.7,93,0,6.8,100
2025-04-04T08:00,25.9,88,0,8.2,100
2025-04-04T09:00,27.4,82,0.2,8.4,95
2025-04-04T10:00,28.1,78,0.4,9.7,80
2025-04-04T11:00,28.5,76,0.3,11.2,88
2025-04-04T12:00,28.6,76,0.3,11.6,100
2025-04-04T13:00,28.3,77,0.2,11.2,100
2025-04-04T14:00,28.9,74,0.2,10.6,100
2025-04-04T15:00,28.7,74,0.1,10.4,100
2025-04-04T16:00,28.4,75,0.1,9.7,100
2025-04-04T17:00,28,77,0,8,100
2025-04-04T18:00,27.5,82,0.1,6,100
2025-04-04T19:00,26.9,85,0.1,5.9,100
2025-04-04T20:00,26.5,89,0.2,5.3,100
2025-04-04T21:00,26.1,94,0.2,7.6,100
2025-04-04T22:00,26.1,92,0,6.5,100
2025-04-04T23:00,26,92,0,7.3,100
2025-04-05T00:00,25.9,92,0,7.5,100
2025-04-05T01:00,25.8,92,0,5.7,100
2025-04-05T02:00,25.7,92,0,4.6,100
2025-04-05T03:00,25.7,92,0,6,100
2025-04-05T04:00,25.5,93,0,6.4,100
2025-04-05T05:00,25.1,92,2,7.5,100
2025-04-05T06:00,24.7,93,0.3,6.3,100
2025-04-05T07:00,24.9,94,0.1,8.8,100
2025-04-05T08:00,25.2,92,0.1,9.6,99
2025-04-05T09:00,26.5,85,0.3,6.6,100
2025-04-05T10:00,26.4,84,0.4,11.6,100
2025-04-05T11:00,26.3,86,0.8,7.7,100
2025-04-05T12:00,26.3,85,0.2,11.2,100
2025-04-05T13:00,26.2,83,5.6,14.5,100
2025-04-05T14:00,26.8,83,0.3,8.1,100
2025-04-05T15:00,26.7,83,0.1,5.5,100
2025-04-05T16:00,26.7,83,0.1,2.6,100
2025-04-05T17:00,26.8,83,0.1,1.5,100
2025-04-05T18:00,26.4,87,0.1,3.4,100
2025-04-05T19:00,25.9,91,0,6,100
2025-04-05T20:00,25.8,92,0,4.5,100
2025-04-05T21:00,26.1,90,0,5.4,100
2025-04-05T22:00,26.2,89,0,4.4,100
2025-04-05T23:00,25.9,91,0,5.2,100
2025-04-06T00:00,25.5,91,0,5.4,91
2025-04-06T01:00,25.2,90,0,5.2,100
2025-04-06T02:00,25,89,0,3.8,100
2025-04-06T03:00,24.1,94,0.8,1.1,100
2025-04-06T04:00,24.4,95,6.7,3.3,100
2025-04-06T05:00,24.1,95,0.1,6.1,100
2025-04-06T06:00,23.7,96,0.1,5.6,96
2025-04-06T07:00,24.7,93,0.1,3.1,58
2025-04-06T08:00,25.8,89,0,2.8,52
2025-04-06T09:00,27,85,0.1,3,100
2025-04-06T10:00,27.7,83,0.2,1.8,100
2025-04-06T11:00,28.1,81,0.1,2.6,96
2025-04-06T12:00,28.8,78,0.1,6.9,100
2025-04-06T13:00,28.5,79,0.3,6.7,100
2025-04-06T14:00,26.3,85,3.5,5.7,100
2025-04-06T15:00,26.4,87,0.9,3.4,100
2025-04-06T16:00,26.6,86,0.7,4.4,100
2025-04-06T17:00,26.5,89,0.3,3.1,100
2025-04-06T18:00,26.2,90,0.1,5.6,100
2025-04-06T19:00,25.8,93,0,5.7,100
2025-04-06T20:00,25.7,94,0,4.7,100
2025-04-06T21:00,25.7,94,0,7.1,100
2025-04-06T22:00,25.6,94,0.1,6.2,100
2025-04-06T23:00,25.4,94,0,6.3,100
2025-04-07T00:00,25.2,94,0,4.3,100
2025-04-07T01:00,25,94,0,3.3,100
2025-04-07T02:00,24.7,94,0,5.6,100
2025-04-07T03:00,24.6,92,0,6,100
2025-04-07T04:00,24.5,91,0,5.2,100
2025-04-07T05:00,24.3,91,0,6,96
2025-04-07T06:00,24.2,91,0,5.4,100
2025-04-07T07:00,24.7,88,0,5.3,99
2025-04-07T08:00,26.5,82,0,5.4,100
2025-04-07T09:00,28,76,0,3.9,96
2025-04-07T10:00,29.1,70,0,1.3,99
2025-04-07T11:00,29.4,71,0,3.3,94
2025-04-07T12:00,29.3,72,0.1,5.9,100
2025-04-07T13:00,28.6,76,0.1,7.9,100
2025-04-07T14:00,27.8,82,0.5,6.8,100
2025-04-07T15:00,27.9,83,0.7,6.1,98
2025-04-07T16:00,27.2,85,4.8,8.1,90
2025-04-07T17:00,25.5,90,8.8,4.9,97
2025-04-07T18:00,25.9,88,0,4.7,91
2025-04-07T19:00,26.1,90,0,7.4,100
2025-04-07T20:00,26.1,91,0,5.5,100
2025-04-07T21:00,26.1,90,0,6.8,100
2025-04-07T22:00,25.9,91,0,7,100
2025-04-07T23:00,25.7,93,0,5.1,100
2025-04-08T00:00,25.9,91,0.1,1.3,100
2025-04-08T01:00,26,90,0,1.9,100
2025-04-08T02:00,25.8,93,0,0.3,100
2025-04-08T03:00,25.4,94,0,6.2,100
2025-04-08T04:00,24.9,94,0,7.5,98
2025-04-08T05:00,24.8,93,0,6,100
2025-04-08T06:00,24.7,92,0,6,79
2025-04-08T07:00,25.1,90,0,4.5,58
2025-04-08T08:00,26.7,85,0,3.8,41
2025-04-08T09:00,28.2,84,0.1,2.8,59
2025-04-08T10:00,29.2,77,0.3,2.1,42
2025-04-08T11:00,29.3,76,0.2,6.8,75
2025-04-08T12:00,29.1,76,0.3,4.3,83
2025-04-08T13:00,28.7,75,0.8,6.8,83
2025-04-08T14:00,28,80,2.5,2.7,81
2025-04-08T15:00,28.1,80,0.1,2,100
2025-04-08T16:00,28.1,79,0.1,1.4,100
2025-04-08T17:00,27.9,81,0,1.4,100
2025-04-08T18:00,27.6,84,0,3,100
2025-04-08T19:00,27.2,89,0,5.3,100
2025-04-08T20:00,26.8,91,0,5.8,100
2025-04-08T21:00,26.9,90,0,5.8,72
2025-04-08T22:00,26.8,91,0,4.8,81
2025-04-08T23:00,26.8,92,0,4.7,100
2025-04-09T00:00,26.6,93,0,3.3,57
2025-04-09T01:00,26.4,94,0,5.2,82
2025-04-09T02:00,26,95,0,4.7,93
2025-04-09T03:00,25.8,94,0,7.5,89
2025-04-09T04:00,25.6,93,0,4.6,80
2025-04-09T05:00,25.4,94,0,1.9,97
2025-04-09T06:00,25.2,95,0,2.7,86
2025-04-09T07:00,25.4,94,0,5.8,94
2025-04-09T08:00,26.7,88,0,3.3,43
2025-04-09T09:00,28.2,83,0,3.7,100
2025-04-09T10:00,28.9,80,0.1,3.8,99
2025-04-09T11:00,29.3,77,0,6.5,96
2025-04-09T12:00,28.8,79,0,7.9,96
2025-04-09T13:00,28.9,78,0.1,9.6,99
2025-04-09T14:00,27.7,81,0.2,3.6,100
2025-04-09T15:00,28,79,0.5,3.5,100
2025-04-09T16:00,28.2,78,0.3,4.1,99
2025-04-09T17:00,27.6,80,0.1,3.7,100
2025-04-09T18:00,27,86,0.1,5.6,100
2025-04-09T19:00,26.4,91,0,9.4,100
2025-04-09T20:00,26,92,0,7.5,100
2025-04-09T21:00,26.4,90,0,7.3,100
2025-04-09T22:00,26.2,92,0,6.1,100
2025-04-09T23:00,26.1,92,0,6.7,100
2025-04-10T00:00,26,91,0,7.2,100
2025-04-10T01:00,25.7,93,0,6.6,100
2025-04-10T02:00,25.3,94,0,6.6,100
2025-04-10T03:00,24.9,94,0,7,100
2025-04-10T04:00,24.9,91,0,6.5,100
2025-04-10T05:00,24.8,90,0,5.4,100
2025-04-10T06:00,24.7,90,0,6,100
2025-04-10T07:00,25,90,0,6,100
2025-04-10T08:00,26.4,84,0,4.9,100
2025-04-10T09:00,27.7,80,0,3.6,100
2025-04-10T10:00,28.5,76,0,2.2,100
2025-04-10T11:00,29.1,75,0,3.6,100
2025-04-10T12:00,29.6,73,0.1,2.4,100
2025-04-10T13:00,29.6,73,0.1,5,100
2025-04-10T14:00,28.8,75,0.1,3.7,100
2025-04-10T15:00,28.7,75,0,4.4,100
2025-04-10T16:00,28.8,75,0.1,5,100
2025-04-10T17:00,28.5,76,0,1.8,100
2025-04-10T18:00,27.5,84,0.3,5.6,100
2025-04-10T19:00,26.7,91,0,6.3,100
2025-04-10T20:00,26.3,93,0,5.3,100
2025-04-10T21:00,27,92,0,6.4,100
2025-04-10T22:00,26.8,91,0,5.8,100
2025-04-10T23:00,26.6,91,0,5.1,100
2025-04-11T00:00,26.3,90,0,5.8,100
2025-04-11T01:00,26.1,91,0,4.6,97
2025-04-11T02:00,25.8,93,0,4.1,100
2025-04-11T03:00,25.5,91,0,6.5,100
2025-04-11T04:00,25.3,89,0,6.6,100
2025-04-11T05:00,25.4,88,0,5.2,100
2025-04-11T06:00,25.3,89,0,4.9,100
2025-04-11T07:00,25.8,88,0,4.6,100
2025-04-11T08:00,27.5,84,0,3.7,100
2025-04-11T09:00,28.3,80,0.2,4.8,100
2025-04-11T10:00,28.5,81,0.2,4.5,100
2025-04-11T11:00,28.7,81,0.2,5.8,100
2025-04-11T12:00,28.9,79,0.1,5.6,86
2025-04-11T13:00,28.8,79,0,7,95
2025-04-11T14:00,28.8,80,0.1,7.9,94
2025-04-11T15:00,27.8,78,5.1,8.7,100
2025-04-11T16:00,27.5,83,0.2,4.2,100
2025-04-11T17:00,26.2,87,2.4,7,100
2025-04-11T18:00,24.6,95,4.6,5.6,100
2025-04-11T19:00,24.9,96,1.4,3.4,100
2025-04-11T20:00,25.1,96,0.9,5.1,100
2025-04-11T21:00,25.5,95,1.1,6.9,100
2025-04-11T22:00,25.5,95,0.6,7.4,100
2025-04-11T23:00,25.5,94,0.2,9.3,100
2025-04-12T00:00,25.3,94,0,9.4,100
2025-04-12T01:00,25.2,93,0.1,8.2,100
2025-04-12T02:00,25.1,93,0.3,8,100
2025-04-12T03:00,24.9,92,0,8.9,80
2025-04-12T04:00,24.5,92,0,8.2,98
2025-04-12T05:00,24.2,92,0,7.4,93
2025-04-12T06:00,24.2,92,0,5.5,95
2025-04-12T07:00,24.9,90,0,6.2,72
2025-04-12T08:00,26.5,86,0,6.4,64
2025-04-12T09:00,28.3,80,0,5.4,52
2025-04-12T10:00,29.1,78,0.1,5.1,69
2025-04-12T11:00,29.7,77,0,4.9,11
2025-04-12T12:00,29.7,78,0,6.6,92
2025-04-12T13:00,29.2,79,0,6.4,68
2025-04-12T14:00,29.8,75,0,5.7,92
2025-04-12T15:00,29,75,0,6.7,100
2025-04-12T16:00,26.9,82,2,3.8,100
2025-04-12T17:00,25.6,90,1.2,11.3,100
2025-04-12T18:00,25.5,91,0.1,9.5,100
2025-04-12T19:00,25.3,89,0,6.5,100
2025-04-12T20:00,25.2,89,0,8.3,100
2025-04-12T21:00,25.8,90,0,7.3,100
2025-04-12T22:00,25.8,91,0,6.8,97
2025-04-12T23:00,25.9,90,0,4.4,100
2025-04-13T00:00,25.8,91,0,4.7,100
2025-04-13T01:00,25.8,88,0,6.1,100
2025-04-13T02:00,25.4,88,0,5.4,99
2025-04-13T03:00,25.1,91,0,4.2,99
2025-04-13T04:00,24.9,92,0,5,100
2025-04-13T05:00,24.6,92,0,4.7,100
2025-04-13T06:00,24.5,92,0,4.4,100
2025-04-13T07:00,25.1,89,0,5.1,100
2025-04-13T08:00,26.5,85,0,4.3,100
2025-04-13T09:00,28,78,0,3.8,100
2025-04-13T10:00,29.1,72,0,2.9,99
2025-04-13T11:00,29.8,70,0,3.6,99
2025-04-13T12:00,29.9,69,0,5.3,98
2025-04-13T13:00,30,69,0,4.5,100
2025-04-13T14:00,29.6,70,0,4.7,100
2025-04-13T15:00,29.4,70,0,3.7,99
2025-04-13T16:00,29.1,71,0,1.9,100
2025-04-13T17:00,29.1,71,0,0.6,100
2025-04-13T18:00,28.5,78,0,3.5,99
2025-04-13T19:00,27.5,86,0,6.9,94
2025-04-13T20:00,26.9,89,0,7.4,98
2025-04-13T21:00,27.1,89,0,7.2,100
2025-04-13T22:00,27,88,0,7.2,100
2025-04-13T23:00,26.9,88,0,6.2,99
2025-04-14T00:00,26.7,90,0,4.8,71
2025-04-14T01:00,26.3,92,0,5.7,67
2025-04-14T02:00,26,93,0,3.9,89
2025-04-14T03:00,25.6,95,0,4.7,95
2025-04-14T04:00,25.4,95,0,6.1,90
2025-04-14T05:00,25.3,94,0,6.9,99
2025-04-14T06:00,25,93,0,6,70
2025-04-14T07:00,25.5,90,0,4.3,62
2025-04-14T08:00,27.1,85,0,5.5,87
2025-04-14T09:00,28,82,0,3.1,73
2025-04-14T10:00,28.6,81,0.2,6.8,97
2025-04-14T11:00,28.6,82,0.2,3.9,100
2025-04-14T12:00,28.6,80,0.3,4.2,100
2025-04-14T13:00,28.6,79,0.3,5.3,96
2025-04-14T14:00,28.2,82,0.2,6.8,98
2025-04-14T15:00,27,86,0.3,6.2,100
2025-04-14T16:00,26.8,87,0.9,4.4,100
2025-04-14T17:00,27,85,0.2,3.2,97
2025-04-14T18:00,26.6,86,0.5,5.8,99
2025-04-14T19:00,26.1,91,0,7.3,99
2025-04-14T20:00,25.9,92,0,7.8,100
2025-04-14T21:00,25.1,93,4.5,2.3,100
2025-04-14T22:00,24.9,94,1.7,7.8,100
2025-04-14T23:00,24.7,96,0.2,11.2,100
2025-04-15T00:00,24.8,94,0.1,7.3,98
2025-04-15T01:00,24.6,96,0.1,4.8,99
2025-04-15T02:00,24.6,92,0.2,2.2,100
2025-04-15T03:00,25.5,91,0.9,0,97
2025-04-15T04:00,24.8,93,0,8.7,100
2025-04-15T05:00,24.4,95,1.1,6.8,89
2025-04-15T06:00,24.7,94,0.1,7.5,97
2025-04-15T07:00,25.3,92,0.1,9.3,90
2025-04-15T08:00,26.4,89,0.2,8.6,100
2025-04-15T09:00,27.8,83,0.2,6.4,52
2025-04-15T10:00,28.2,80,0.1,12,100
2025-04-15T11:00,28.3,80,0.1,10.3,86
2025-04-15T12:00,28.4,79,0.2,11.4,67
2025-04-15T13:00,28.9,77,0.2,10.9,96
2025-04-15T14:00,28.6,77,0.4,10.9,96
2025-04-15T15:00,28.7,76,0.5,11.3,97
2025-04-15T16:00,28.8,75,0.4,11.6,96
2025-04-15T17:00,28.4,78,0.5,9.6,96
2025-04-15T18:00,28.2,80,0.1,7.5,98
2025-04-15T19:00,27.8,83,0,6.5,94
2025-04-15T20:00,27.3,86,0,5.4,81
2025-04-15T21:00,25.5,95,0.3,7,100
2025-04-15T22:00,25.2,97,0.4,6.8,100
2025-04-15T23:00,25,94,0.4,10.2,100
2025-04-16T00:00,24.8,93,1.2,13.3,100
2025-04-16T01:00,24.7,95,0,11.2,100
2025-04-16T02:00,24.8,95,0,10.4,100
2025-04-16T03:00,24.9,94,0,10.8,100
2025-04-16T04:00,25,93,0,11.1,100
2025-04-16T05:00,25.2,91,0,10.3,67
2025-04-16T06:00,25.2,91,0,6.6,100
2025-04-16T07:00,25.6,91,0,5.7,100
2025-04-16T08:00,26.7,87,0,7.5,100
2025-04-16T09:00,27.8,83,0,5.9,96
2025-04-16T10:00,28.7,79,0.3,7.2,98
2025-04-16T11:00,28.5,80,0.3,9.3,100
2025-04-16T12:00,27.8,84,0.4,9.5,100
2025-04-16T13:00,27.4,84,0.3,6.4,100
2025-04-16T14:00,27.8,84,0.3,5.9,98
2025-04-16T15:00,28.1,81,0.2,5.5,100
2025-04-16T16:00,28.2,80,0.1,5.8,100
2025-04-16T17:00,28.1,80,0,6.1,100
2025-04-16T18:00,27.7,85,0,5.7,100
2025-04-16T19:00,27.4,87,0,6.8,100
2025-04-16T20:00,27.2,88,0,6.7,100
2025-04-16T21:00,27.2,89,0,7.3,100
2025-04-16T22:00,27.1,90,0,6,100
2025-04-16T23:00,26.9,90,0,6.5,100
2025-04-17T00:00,26.5,92,0,5.4,100
2025-04-17T01:00,26.1,93,0,6,100
2025-04-17T02:00,26,90,0,3.6,99
2025-04-17T03:00,26,90,0,1,17
2025-04-17T04:00,25.8,91,0,4.7,52
2025-04-17T05:00,25.2,92,0,6.5,73
2025-04-17T06:00,24.7,91,0,7.3,48
2025-04-17T07:00,25.3,89,0,2.5,70
2025-04-17T08:00,26.8,86,0.9,5.7,94
2025-04-17T09:00,28.5,79,0.1,3.2,85
2025-04-17T10:00,29.1,77,0.2,6.1,99
2025-04-17T11:00,27.5,87,0.4,7.9,99
2025-04-17T12:00,28.6,81,0.5,5.9,79
2025-04-17T13:00,27.6,82,0.6,10,100
2025-04-17T14:00,28,79,0.4,10.9,100
2025-04-17T15:00,27.7,81,0.2,10.1,100
2025-04-17T16:00,27.8,81,0.1,5.8,100
2025-04-17T17:00,27.1,82,1.5,11.4,98
2025-04-17T18:00,26.1,90,1.6,9.4,100
2025-04-17T19:00,25.8,93,0.5,8.1,100
2025-04-17T20:00,25.7,93,0.3,11.3,100
2025-04-17T21:00,25.5,94,0.1,9.7,100
2025-04-17T22:00,25.2,90,1.4,7.4,100
2025-04-17T23:00,25.5,92,0.5,6.4,100
2025-04-18T00:00,25.1,95,0.5,5.9,100
2025-04-18T01:00,25.3,94,0.3,7.4,100
2025-04-18T02:00,25.1,95,0.9,4.7,100
2025-04-18T03:00,24.9,96,1.9,6.7,100
2025-04-18T04:00,25.1,94,1.2,6.9,100
2025-04-18T05:00,25.2,94,1.5,8.7,100
2025-04-18T06:00,25.2,94,1.1,8.9,100
2025-04-18T07:00,25.7,93,0.4,8.6,100
2025-04-18T08:00,25.9,93,0.6,3.8,99
2025-04-18T09:00,26.4,90,0,3.6,100
2025-04-18T10:00,28.1,80,0.1,5.1,88
2025-04-18T11:00,28.8,75,0.1,5.5,93
2025-04-18T12:00,29,74,0.2,9.4,48
2025-04-18T13:00,28.6,76,0.3,11.7,97
2025-04-18T14:00,26.8,85,5.4,11.3,99
2025-04-18T15:00,26.7,84,0.1,11.8,99
2025-04-18T16:00,27,82,0.1,9.2,100
2025-04-18T17:00,26.5,82,1.4,9.6,100
2025-04-18T18:00,25.3,92,6.2,9,100
2025-04-18T19:00,25.2,93,4.3,5.4,100
2025-04-18T20:00,25.5,94,0.4,2.2,100
2025-04-18T21:00,24.9,95,0.5,7.6,100
2025-04-18T22:00,24.7,94,0.8,7.9,100
2025-04-18T23:00,24.7,94,1,7,100
2025-04-19T00:00,24.7,93,0.9,6.2,100
2025-04-19T01:00,24.4,94,0.9,6.9,100
2025-04-19T02:00,24.4,93,0.5,7.8,100
2025-04-19T03:00,24.6,91,0.3,7.8,100
2025-04-19T04:00,24.6,92,1.6,3.2,100
2025-04-19T05:00,24.7,91,0.4,2.3,100
2025-04-19T06:00,24.7,91,0.8,2,100
2025-04-19T07:00,24.7,94,2,2.7,100
2025-04-19T08:00,24.8,95,1.2,4.7,100
2025-04-19T09:00,26.9,86,0.3,3.4,97
2025-04-19T10:00,27.8,82,0.3,3,98
2025-04-19T11:00,28.6,77,0.1,4.5,89
2025-04-19T12:00,29.4,74,0.1,6.4,99
2025-04-19T13:00,29.7,72,0,7.2,100
2025-04-19T14:00,29.5,73,0,8.5,100
2025-04-19T15:00,29.1,73,0,7.3,100
2025-04-19T16:00,28.8,73,0,6.5,100
2025-04-19T17:00,28.5,75,0,5,100
2025-04-19T18:00,28.1,80,0,2.7,100
2025-04-19T19:00,27.9,83,0,3.1,99
2025-04-19T20:00,27.8,85,0,2.3,88
2025-04-19T21:00,28.3,78,0,2.4,99
2025-04-19T22:00,27.6,81,0,1.8,100
2025-04-19T23:00,26.5,86,0,4.6,100
2025-04-20T00:00,25.6,89,0,7,100
2025-04-20T01:00,25.2,86,0,6.1,100
2025-04-20T02:00,25.1,84,0,5.2,89
2025-04-20T03:00,24.7,84,0,5.6,25
2025-04-20T04:00,24.3,84,0,6.1,32
2025-04-20T05:00,24.1,83,0,7,35
2025-04-20T06:00,23.8,83,0,6.5,0
2025-04-20T07:00,24.4,82,0,5.9,2
2025-04-20T08:00,26.4,82,0,4,4
2025-04-20T09:00,28.7,71,0,4.9,2
2025-04-20T10:00,29.7,70,0,2.5,2
2025-04-20T11:00,30.2,68,0,2.6,9
2025-04-20T12:00,30.6,66,0,4.5,5
2025-04-20T13:00,30.7,67,0,6.3,11
2025-04-20T14:00,30.2,71,0,7.8,6
2025-04-20T15:00,30,72,0,6.9,56
2025-04-20T16:00,29.8,71,0,7.1,55
2025-04-20T17:00,29.4,70,0.5,5.8,57
2025-04-20T18:00,28.7,78,0,5,80
2025-04-20T19:00,28,85,0.1,6.2,81
2025-04-20T20:00,27.4,87,0.1,6.6,85
2025-04-20T21:00,26.2,91,0,7.4,91
2025-04-20T22:00,26.5,88,0,4.9,15
2025-04-20T23:00,26.5,87,0,4.7,35
2025-04-21T00:00,26.3,88,0,4.8,95
2025-04-21T01:00,25.9,88,0,5.7,99
2025-04-21T02:00,25.7,88,0,5.1,100
2025-04-21T03:00,25.4,88,0,6,100
2025-04-21T04:00,25.3,87,0,5.2,100
2025-04-21T05:00,25,88,0,5,97
2025-04-21T06:00,24.7,89,0,4.7,100
2025-04-21T07:00,25.2,88,0,4.9,87
2025-04-21T08:00,26.9,83,0,4.6,58
2025-04-21T09:00,28.9,77,0,3,79
2025-04-21T10:00,29.4,76,0.2,4.1,99
2025-04-21T11:00,29.6,76,0,6.5,100
2025-04-21T12:00,29.6,77,0,6.6,100
2025-04-21T13:00,29.8,73,0.1,7.2,100
2025-04-21T14:00,29.7,73,0,8.3,100
2025-04-21T15:00,29.5,73,0,7.7,100
2025-04-21T16:00,29.6,71,0,5.8,100
2025-04-21T17:00,28.3,75,0.1,1.3,100
2025-04-21T18:00,26.5,87,0.3,10,100
2025-04-21T19:00,25.9,89,0,9.3,100
2025-04-21T20:00,26.1,88,0,5.7,100
2025-04-21T21:00,26.4,91,0,7.6,100
2025-04-21T22:00,26.6,87,0,5.5,100
2025-04-21T23:00,26.4,89,0,5.6,100
2025-04-22T00:00,26.1,89,0,5.9,91
2025-04-22T01:00,25.6,90,0,5.6,90
2025-04-22T02:00,25.3,91,0,5.8,100
2025-04-22T03:00,24.9,91,0,5.6,90
2025-04-22T04:00,24.6,91,0,5.4,21
2025-04-22T05:00,24.4,90,0,5.8,45
2025-04-22T06:00,24.1,90,0,5.6,96
2025-04-22T07:00,24.7,87,0,5.4,78
2025-04-22T08:00,26.4,85,0,3.8,100
2025-04-22T09:00,28.5,79,0,1.5,30
2025-04-22T10:00,29.6,69,0,2.9,16
2025-04-22T11:00,30,65,0.1,5.3,22
2025-04-22T12:00,30.1,65,0.2,6.2,35
2025-04-22T13:00,30.1,64,0.3,7.2,76
2025-04-22T14:00,30.3,63,0.3,7.1,82
2025-04-22T15:00,30.2,63,0.1,8.7,68
2025-04-22T16:00,29.9,66,0,8.6,45
2025-04-22T17:00,29.3,69,0,7.2,76
2025-04-22T18:00,28.6,75,0,7.2,98
2025-04-22T19:00,28.1,79,0,6.9,100
2025-04-22T20:00,27.7,83,0,4.6,100
2025-04-22T21:00,27.4,86,0,5.8,100
2025-04-22T22:00,26.8,89,0,4.9,100
2025-04-22T23:00,26.4,89,0,5.9,100
2025-04-23T00:00,26,88,0,7.4,100
2025-04-23T01:00,25.8,87,0,7.1,100
2025-04-23T02:00,25.8,86,0,6.8,100
2025-04-23T03:00,25.8,86,0,5.4,87
2025-04-23T04:00,25.5,87,0,5.2,100
2025-04-23T05:00,25.6,87,0,4,92
2025-04-23T06:00,25.5,87,0,4.1,42
2025-04-23T07:00,25.7,88,0,5.3,10
2025-04-23T08:00,27.3,82,0,3.1,17
2025-04-23T09:00,29,72,0,5.7,59
2025-04-23T10:00,29.9,66,0,6.3,11
2025-04-23T11:00,30.3,63,0,6.2,49
2025-04-23T12:00,30.5,63,0,7,98
2025-04-23T13:00,30.5,63,0,8.4,80
2025-04-23T14:00,30.5,63,0,8.7,96
2025-04-23T15:00,30.3,63,0,8.2,100
2025-04-23T16:00,29.9,65,0,7.5,100
2025-04-23T17:00,29.4,66,0,6.6,100
2025-04-23T18:00,28.7,73,0,5.9,100
2025-04-23T19:00,28.3,77,0,5.8,100
2025-04-23T20:00,27.9,80,0,4.1,100
2025-04-23T21:00,27.4,85,0,5.3,100
2025-04-23T22:00,26.8,88,0,5.8,100
2025-04-23T23:00,26.2,88,0,6.9,100
2025-04-24T00:00,25.9,85,0,7.1,100
2025-04-24T01:00,25.8,83,0,6.3,100
2025-04-24T02:00,25.5,84,0,6.1,100
2025-04-24T03:00,25.2,84,0,6.5,100
2025-04-24T04:00,25,82,0,6.7,100
2025-04-24T05:00,24.7,82,0,7.8,96
2025-04-24T06:00,24.6,82,0,6.7,94
2025-04-24T07:00,25,82,0,6.3,88
2025-04-24T08:00,26.7,80,0,5.1,94
2025-04-24T09:00,28.5,70,0,4,100
2025-04-24T10:00,29.3,69,0,3.6,98
2025-04-24T11:00,29.7,66,0,4.6,97
2025-04-24T12:00,30,65,0,7.1,95
2025-04-24T13:00,30.2,65,0,7.7,39
2025-04-24T14:00,30.3,62,0.1,8.7,33
2025-04-24T15:00,30.2,62,0.3,7.5,30
2025-04-24T16:00,29.8,64,0.2,5.6,31
2025-04-24T17:00,29.4,66,0.1,5.1,95
2025-04-24T18:00,28.9,70,0,5,100
2025-04-24T19:00,28.6,75,0,5.1,100
2025-04-24T20:00,28.6,75,0,3.9,100
2025-04-24T21:00,28.7,73,0.1,4.4,100
2025-04-24T22:00,27.4,81,0.1,9.1,100
2025-04-24T23:00,27,83,0,9.1,100
2025-04-25T00:00,26.6,85,0,7.1,100
2025-04-25T01:00,26.1,88,0,6.4,100
2025-04-25T02:00,25.7,89,0,7.1,100
2025-04-25T03:00,25.2,89,0.1,8.2,100
2025-04-25T04:00,25.1,88,0.1,7.6,100
2025-04-25T05:00,25.1,88,0,8.9,67
2025-04-25T06:00,24.9,90,0,8.6,38
2025-04-25T07:00,25.2,89,0,7.7,41
2025-04-25T08:00,26.5,83,0,5.6,5
2025-04-25T09:00,28.4,76,0.1,3.9,100
2025-04-25T10:00,29,72,0.2,4.4,98
2025-04-25T11:00,29.6,69,0.1,5.9,95
2025-04-25T12:00,29.7,68,0.2,8.2,24
2025-04-25T13:00,29.8,68,0.2,8.8,71
2025-04-25T14:00,29.8,67,0.3,8.1,46
2025-04-25T15:00,29.9,66,0.2,8.2,22
2025-04-25T16:00,29.6,68,0.1,7.7,13
2025-04-25T17:00,29.2,70,0,6.2,14
2025-04-25T18:00,28.7,73,0,5.8,27
2025-04-25T19:00,28.3,77,0.1,6.2,24
2025-04-25T20:00,27.6,82,0.5,6.2,66
2025-04-25T21:00,28.3,77,0,4.3,34
2025-04-25T22:00,27.5,81,0,6.1,37
2025-04-25T23:00,26.9,84,0,8.5,66
2025-04-26T00:00,26.5,86,0,10,92
2025-04-26T01:00,26.2,87,0,10.5,100
2025-04-26T02:00,26.1,86,0,9.7,98
2025-04-26T03:00,25.9,86,0,9.1,100
2025-04-26T04:00,25.7,85,0,9.1,100
2025-04-26T05:00,25.4,83,0,8.6,100
2025-04-26T06:00,25.1,81,0,8.1,100
2025-04-26T07:00,25.6,79,0,7.4,100
2025-04-26T08:00,27.4,74,0,6,100
2025-04-26T09:00,28.3,74,0,1.9,96
2025-04-26T10:00,29.1,71,0.1,1.7,17
2025-04-26T11:00,28.8,72,0.6,10.4,40
2025-04-26T12:00,29,72,0.9,7.1,29
2025-04-26T13:00,29,72,0.4,7,88
2025-04-26T14:00,28.5,72,0.2,7.7,98
2025-04-26T15:00,28.4,71,0.1,7.7,100
2025-04-26T16:00,27.7,74,0.1,7.1,100
2025-04-26T17:00,26.7,80,0.3,3.6,100
2025-04-26T18:00,26.5,80,0,6.3,100
2025-04-26T19:00,26.3,82,0,6.6,100
2025-04-26T20:00,26.1,87,0,5.5,100
2025-04-26T21:00,27.3,79,0,4.3,100
2025-04-26T22:00,27.1,81,0,4.9,100
2025-04-26T23:00,26.6,85,0,5.1,100
2025-04-27T00:00,26.1,88,0,5.6,100
2025-04-27T01:00,26.1,87,0,4.5,100
2025-04-27T02:00,26,87,0,5.3,100
2025-04-27T03:00,25.5,87,0.1,5.6,88
2025-04-27T04:00,25.1,87,0.1,6.3,67
2025-04-27T05:00,24.9,85,0,5.7,73
2025-04-27T06:00,24.8,84,0.1,5,91
2025-04-27T07:00,25.3,81,0.1,4.3,72
2025-04-27T08:00,26.6,78,0.2,1.1,17
2025-04-27T09:00,27.5,73,0.2,10.3,95
2025-04-27T10:00,27.2,78,0.2,3.3,66
2025-04-27T11:00,28.8,72,0,4.6,54
2025-04-27T12:00,29.4,69,0,8.5,26
2025-04-27T13:00,28.7,72,0.2,14.9,80
2025-04-27T14:00,28.2,74,0.1,10.4,100
2025-04-27T15:00,28.4,73,0.1,5.6,100
2025-04-27T16:00,28,74,0.2,3.3,100
2025-04-27T17:00,28,74,0,0.6,100
2025-04-27T18:00,27.7,74,0,5,100
2025-04-27T19:00,27,80,0,7.2,100
2025-04-27T20:00,26.4,85,0,7.1,100
2025-04-27T21:00,26.4,83,0.2,3.6,100
2025-04-27T22:00,26.4,84,0,3.1,100
2025-04-27T23:00,26.2,87,0,5,100
2025-04-28T00:00,25.8,91,0,6,100
2025-04-28T01:00,25.4,92,0,5.4,100
2025-04-28T02:00,25.2,91,0,5.9,100
2025-04-28T03:00,25.1,88,0,6.7,100
2025-04-28T04:00,25.1,84,0,6.2,100
2025-04-28T05:00,25.1,83,0,5.4,100
2025-04-28T06:00,24.8,85,0,5.8,100
2025-04-28T07:00,25.1,83,0,5.8,100
2025-04-28T08:00,26.7,74,0,5.4,100
2025-04-28T09:00,28.4,69,0,2.2,100
2025-04-28T10:00,29.7,62,0,2,100
2025-04-28T11:00,30.4,59,0,4.8,100
2025-04-28T12:00,30.9,58,0,7.4,90
2025-04-28T13:00,31,58,0,8.5,58
2025-04-28T14:00,31,58,0,8.9,3
2025-04-28T15:00,30.8,58,0,9.5,1
2025-04-28T16:00,30.6,57,0,11.8,6
2025-04-28T17:00,29.9,61,0,13,89
2025-04-28T18:00,29.1,64,0,12.5,62
2025-04-28T19:00,28.5,69,0,11.9,89
2025-04-28T20:00,28.2,71,0,9.8,97
2025-04-28T21:00,27.2,79,0,4.6,99
2025-04-28T22:00,27.4,78,0,5.2,99
2025-04-28T23:00,27.5,78,0,3.1,94
2025-04-29T00:00,27.1,81,0,4.8,85
2025-04-29T01:00,26.4,85,0,6.5,86
2025-04-29T02:00,25.8,86,0,6.7,89
2025-04-29T03:00,25.2,86,0,6.6,97
2025-04-29T04:00,25,87,0,6.2,100
2025-04-29T05:00,24.8,85,0,7.2,98
2025-04-29T06:00,24.5,86,0,7.5,99
2025-04-29T07:00,25.2,81,0,6.8,98
2025-04-29T08:00,27.2,73,0,5.9,97
2025-04-29T09:00,29.3,67,0,3,99
2025-04-29T10:00,30.6,56,0,3.3,98
2025-04-29T11:00,31.2,52,0,4.8,100
2025-04-29T12:00,31.4,52,0,7.1,99
2025-04-29T13:00,31.6,51,0,10,94
2025-04-29T14:00,31.7,51,0,11.3,96
2025-04-29T15:00,30.9,55,0.1,15.2,100
2025-04-29T16:00,30.4,58,0.3,13.1,100
2025-04-29T17:00,30.1,59,0.3,11.5,100
2025-04-29T18:00,29.5,62,0,9.7,99
2025-04-29T19:00,28.6,70,0,7.2,100
2025-04-29T20:00,27.9,76,0,5.2,100
2025-04-29T21:00,28.2,75,0,6.5,100
2025-04-29T22:00,28,75,0,5.7,100
2025-04-29T23:00,27.9,73,0,5,100
2025-04-30T00:00,27.6,73,0,4.9,100
2025-04-30T01:00,27.1,76,0,5.4,89
2025-04-30T02:00,26.7,79,0,3.8,54
2025-04-30T03:00,26.4,82,0,3.1,85
2025-04-30T04:00,26.2,83,0,2.6,100
2025-04-30T05:00,25.8,84,0,3.6,62
2025-04-30T06:00,25.5,83,0,3.4,8
2025-04-30T07:00,26.1,79,0,2.4,5
2025-04-30T08:00,28.1,69,0,1.8,10
2025-04-30T09:00,29.8,61,0,0.5,11
2025-04-30T10:00,30.7,57,0,4.3,2
2025-04-30T11:00,31,57,0,8.8,12
2025-04-30T12:00,30.3,62,0.2,12.1,36
2025-04-30T13:00,29.6,70,0.1,11.7,87
2025-04-30T14:00,30.1,66,0,8.4,93
2025-04-30T15:00,29.4,66,0.1,9.9,97
2025-04-30T16:00,28.9,69,0.1,5,96
2025-04-30T17:00,28.9,69,0.1,4.6,99
2025-04-30T18:00,28,74,0.1,7.3,100
2025-04-30T19:00,27.2,80,0,6.6,100
2025-04-30T20:00,26.9,83,0,4.6,100
2025-04-30T21:00,27.4,81,0,7.3,63
2025-04-30T22:00,27.2,82,0,5.6,90
2025-04-30T23:00,27,83,0,5.5,57
2025-05-01T00:00,26.7,85,0,6.7,73
2025-05-01T01:00,26.5,85,0,7.1,71
2025-05-01T02:00,26.3,85,0,7,25
2025-05-01T03:00,26.2,84,0,7.9,98
2025-05-01T04:00,26,84,0,6.7,95
2025-05-01T05:00,25.7,84,0,6.7,99
2025-05-01T06:00,25.3,84,0,5.7,100
2025-05-01T07:00,25.9,81,0,5.4,95
2025-05-01T08:00,27.5,74,0,2.3,87
2025-05-01T09:00,29.3,68,0,3,100
2025-05-01T10:00,30.4,63,0,4.5,100
2025-05-01T11:00,31.1,60,0,5.2,100
2025-05-01T12:00,31.6,59,0,6.1,97
2025-05-01T13:00,31.3,61,0,9,98
2025-05-01T14:00,31.1,63,0,5.5,100
2025-05-01T15:00,29,71,0.3,6.5,100
2025-05-01T16:00,28.8,72,0.1,6.8,100
2025-05-01T17:00,28.7,74,0,6.7,100
2025-05-01T18:00,28.3,75,0,5.9,100
2025-05-01T19:00,27.9,78,0,5.6,100
2025-05-01T20:00,28,78,0,4.8,100
2025-05-01T21:00,28.3,79,0,5.5,100
2025-05-01T22:00,28.1,80,0,4.3,100
2025-05-01T23:00,27.8,82,0,4.8,100
2025-05-02T00:00,27.5,84,0,4.6,100
2025-05-02T01:00,27.1,87,0,3.2,100
2025-05-02T02:00,26.3,91,0,4.8,5
2025-05-02T03:00,25.7,91,0,5.8,1
2025-05-02T04:00,25.6,88,0,4.6,23
2025-05-02T05:00,25.3,86,0,4.3,82
2025-05-02T06:00,25.1,86,0,4.7,53
2025-05-02T07:00,25.6,82,0,4,33
2025-05-02T08:00,27.6,71,0,2.6,67
2025-05-02T09:00,30,56,0,2.6,90
2025-05-02T10:00,31.5,51,0,1.5,92
2025-05-02T11:00,32.3,50,0,3.8,99
2025-05-02T12:00,32.5,52,0,4.8,36
2025-05-02T13:00,32.7,52,0,6.9,95
2025-05-02T14:00,32.1,56,0,9.3,100
2025-05-02T15:00,30.8,61,0,5,100
2025-05-02T16:00,30,67,0.1,9.2,98
2025-05-02T17:00,29.4,71,0,8,100
2025-05-02T18:00,28.7,74,0,8.2,100
2025-05-02T19:00,28.1,76,0,6.6,100
2025-05-02T20:00,27.8,77,0,7.4,100
2025-05-02T21:00,28.7,75,0,7.2,100
2025-05-02T22:00,28.1,78,0,7.8,100
2025-05-02T23:00,27.7,79,0,6.8,74
2025-05-03T00:00,27.3,81,0,6.5,72
2025-05-03T01:00,26.9,82,0,5.6,75
2025-05-03T02:00,26.5,83,0,5.6,88
2025-05-03T03:00,26.3,83,0,5.5,100
2025-05-03T04:00,25.9,84,0,4.8,55
2025-05-03T05:00,25.7,84,0,4.4,53
2025-05-03T06:00,25.4,82,0,6.5,99
2025-05-03T07:00,26,79,0,5.8,99
2025-05-03T08:00,28.1,68,0,6.1,87
2025-05-03T09:00,30.3,62,0,3.9,89
2025-05-03T10:00,31.3,56,0,0.5,95
2025-05-03T11:00,31.9,54,0,3.8,49
2025-05-03T12:00,32.1,55,0,6.1,78
2025-05-03T13:00,31.4,58,0,7,99
2025-05-03T14:00,31.3,59,0,0.6,98
2025-05-03T15:00,31.5,58,0,1.9,98
2025-05-03T16:00,30.5,62,0,7.7,99
2025-05-03T17:00,29.6,68,0.2,6.1,100
2025-05-03T18:00,28.7,74,0,7,100
2025-05-03T19:00,27.9,78,0,7,100
2025-05-03T20:00,27.5,79,0,6.8,100
2025-05-03T21:00,28.6,76,0,7.4,100
2025-05-03T22:00,28.1,78,0,8.5,100
2025-05-03T23:00,27.9,78,0,7.3,95
2025-05-04T00:00,27.7,79,0,4.9,76
2025-05-04T01:00,27.4,80,0,2.8,85
2025-05-04T02:00,27,82,0,2.5,98
2025-05-04T03:00,26.8,82,0,1.8,99
2025-05-04T04:00,26.7,82,0,3.2,100
2025-05-04T05:00,26.5,82,0,5.8,80
2025-05-04T06:00,26.2,82,0,4.3,75
2025-05-04T07:00,26.6,79,0,5.5,48
2025-05-04T08:00,28.5,70,0,4.7,97
2025-05-04T09:00,29.6,68,0,3.1,100
2025-05-04T10:00,30.9,59,0,4.1,85
2025-05-04T11:00,31.8,54,0,3.7,32
2025-05-04T12:00,32.3,52,0,4.8,61
2025-05-04T13:00,32,53,0.1,4,99
2025-05-04T14:00,31.4,57,0,5.6,100
2025-05-04T15:00,31,58,0.1,7.6,100
2025-05-04T16:00,30.8,57,0,8.3,99
2025-05-04T17:00,30.1,61,0.1,2.9,98
2025-05-04T18:00,29.5,65,0.1,4.9,100
2025-05-04T19:00,28.9,69,0,7.2,100
2025-05-04T20:00,28.2,74,0,6.6,100
2025-05-04T21:00,28.2,77,0,5.4,99
2025-05-04T22:00,28,78,0,5.1,100
2025-05-04T23:00,27.6,80,0,4.3,100
2025-05-05T00:00,27.4,80,0,1.2,100
2025-05-05T01:00,27.3,81,0,1.6,100
2025-05-05T02:00,26.9,83,0,1.8,100
2025-05-05T03:00,26.4,86,0,3.8,100
2025-05-05T04:00,26.2,87,0,3.6,100
2025-05-05T05:00,26,86,0,5.1,100
2025-05-05T06:00,25.9,83,0,5.2,99
2025-05-05T07:00,26.4,79,0,6.3,96
2025-05-05T08:00,27.9,72,0,4.4,100
2025-05-05T09:00,30.1,63,0,4.3,30
2025-05-05T10:00,30.9,59,0,5,76
2025-05-05T11:00,30.9,59,0,3.2,99
2025-05-05T12:00,31.3,59,0,5,89
2025-05-05T13:00,29.1,71,1,7.5,100
2025-05-05T14:00,27.4,82,1.4,5.8,100
2025-05-05T15:00,28.6,75,0.4,2.7,100
2025-05-05T16:00,28.7,74,0,3.1,100
2025-05-05T17:00,28.8,75,0,5.1,100
2025-05-05T18:00,28.5,77,0,5.9,94
2025-05-05T19:00,28,81,0,6.2,100
2025-05-05T20:00,27.6,83,0,4.8,100
2025-05-05T21:00,28.2,76,0,4.2,100
2025-05-05T22:00,28.2,76,0,3.9,100
2025-05-05T23:00,27.9,78,0,1.5,100
2025-05-06T00:00,27.6,80,0,3.9,100
2025-05-06T01:00,27.5,83,0,5,100
2025-05-06T02:00,27,86,0.1,6.8,100
2025-05-06T03:00,26.5,87,0.1,6.8,100
2025-05-06T04:00,26.4,86,0,3.4,100
2025-05-06T05:00,26.2,87,0,4,100
2025-05-06T06:00,25.7,89,0,7.5,99
2025-05-06T07:00,26.2,85,0,3.6,94
2025-05-06T08:00,27.8,77,0,3.4,92
2025-05-06T09:00,28.8,70,0,3.9,98
2025-05-06T10:00,30.1,64,0,5.9,100
2025-05-06T11:00,30.9,60,0,8.1,27
2025-05-06T12:00,29,72,0.1,10.9,93
2025-05-06T13:00,28.7,73,0.3,2,100
2025-05-06T14:00,28.6,74,0.1,3.3,100
2025-05-06T15:00,28.3,75,0.5,0.6,96
2025-05-06T16:00,28.1,75,0.2,6,100
2025-05-06T17:00,27.7,77,0,6.1,99
2025-05-06T18:00,27.4,79,0,4.7,100
2025-05-06T19:00,27.1,82,0.1,5.9,100
2025-05-06T20:00,26.6,86,0,5.5,100
2025-05-06T21:00,27.5,82,0,5.1,100
2025-05-06T22:00,27.1,85,0,5.5,100
2025-05-06T23:00,26.9,86,0,5.5,100
2025-05-07T00:00,26.7,88,0,6.6,98
2025-05-07T01:00,26.4,89,0,5.5,98
2025-05-07T02:00,26.1,90,0,5.1,100
2025-05-07T03:00,25.8,91,0,5,100
2025-05-07T04:00,25.7,90,0,5,100
2025-05-07T05:00,25.4,91,0,4.7,100
2025-05-07T06:00,25.4,91,0,3.6,100
2025-05-07T07:00,24.8,95,7,7.2,100
2025-05-07T08:00,24.5,97,1.6,5.6,100
2025-05-07T09:00,27.8,75,0,5,95
2025-05-07T10:00,29.2,68,0,2.7,89
2025-05-07T11:00,30.4,62,0,2.1,92
2025-05-07T12:00,30.9,61,0,6.7,99
2025-05-07T13:00,30.2,66,0,6.3,100
2025-05-07T14:00,28.9,72,0.1,8.1,96
2025-05-07T15:00,29.2,70,0.1,6,96
2025-05-07T16:00,28.9,70,0.1,5.9,100
2025-05-07T17:00,28.3,72,0,7.6,96
2025-05-07T18:00,27.8,76,0,7.1,100
2025-05-07T19:00,27.4,79,0,5.2,100
2025-05-07T20:00,27.5,78,0,3.9,100
2025-05-07T21:00,28.5,73,0,7,100
2025-05-07T22:00,28.1,77,0,6.4,98
2025-05-07T23:00,27.9,79,0,4.4,100
2025-05-08T00:00,27.3,82,0,4.6,42
2025-05-08T01:00,26.7,86,0,6.4,80
2025-05-08T02:00,26.6,85,0,7.3,98
2025-05-08T03:00,26.6,86,0,5.8,93
2025-05-08T04:00,26.7,86,0,6.7,98
2025-05-08T05:00,26.3,88,0,7,96
2025-05-08T06:00,25.8,89,0,6.2,100
2025-05-08T07:00,26.2,83,0,4.3,97
2025-05-08T08:00,27.8,75,0,4.6,98
2025-05-08T09:00,29.4,66,0,6.1,92
2025-05-08T10:00,31.1,60,0,7.4,87
2025-05-08T11:00,32,57,0,6.1,66
2025-05-08T12:00,32.4,55,0,6,97
2025-05-08T13:00,31.9,60,0,8.3,79
2025-05-08T14:00,30.1,69,0.2,8.5,100
2025-05-08T15:00,28.1,78,0.6,10,100
2025-05-08T16:00,28,77,0,7.2,100
2025-05-08T17:00,28.4,77,0,4.5,100
2025-05-08T18:00,28.3,78,0,5.4,100
2025-05-08T19:00,27.9,81,0,3.7,100
2025-05-08T20:00,27.6,84,0,3.8,100
2025-05-08T21:00,28,83,0,5.2,100
2025-05-08T22:00,27.8,84,0,9.2,84
2025-05-08T23:00,26.7,85,0,11.9,90
2025-05-09T00:00,25.8,88,0,7.6,96
2025-05-09T01:00,25.8,88,0,7.9,99
2025-05-09T02:00,25.7,87,0,5,100
2025-05-09T03:00,25.8,86,0,4.7,100
2025-05-09T04:00,25.9,86,0,4.9,100
2025-05-09T05:00,25.8,87,0,5.4,100
2025-05-09T06:00,25.7,88,0,2.5,100
2025-05-09T07:00,26.3,83,0,3.9,32
2025-05-09T08:00,27.9,75,0,2.3,14
2025-05-09T09:00,28.7,68,0,0.7,100
2025-05-09T10:00,29.9,64,0,2.4,100
2025-05-09T11:00,30.6,62,0,4.2,100
2025-05-09T12:00,31.3,61,0,6,99
2025-05-09T13:00,31.3,62,0,7.1,100
2025-05-09T14:00,31.3,62,0,9.9,100
2025-05-09T15:00,30.8,64,0,7.1,100
2025-05-09T16:00,30.4,66,0,4.9,100
2025-05-09T17:00,30,68,0,5.5,100
2025-05-09T18:00,29.3,72,0,5.8,100
2025-05-09T19:00,28.7,76,0,5.5,100
2025-05-09T20:00,28.4,79,0,4.2,100
2025-05-09T21:00,28.3,75,0,2.3,99
2025-05-09T22:00,27.8,80,0,3.8,100
2025-05-09T23:00,27.3,84,0,5.3,100
2025-05-10T00:00,26.9,86,0,5.5,100
2025-05-10T01:00,26.3,89,0.4,4.6,100
2025-05-10T02:00,25.8,91,0.2,7.6,100
2025-05-10T03:00,25.7,90,0,5.2,100
2025-05-10T04:00,25.5,90,0,3.8,98
2025-05-10T05:00,25.6,90,0,4.2,100
2025-05-10T06:00,25.4,91,0,3.5,100
2025-05-10T07:00,25.8,88,0,7.3,100
2025-05-10T08:00,26.6,84,0,5.6,100
2025-05-10T09:00,26.8,86,2,4.6,99
2025-05-10T10:00,27.3,83,0.5,3.7,98
2025-05-10T11:00,27.9,77,0.1,4.6,100
2025-05-10T12:00,28.5,74,0,6.1,100
2025-05-10T13:00,29.1,71,0,6.3,100
2025-05-10T14:00,28.9,73,0,7.5,100
2025-05-10T15:00,29,73,0,7.6,100
2025-05-10T16:00,29.1,72,0,5.1,100
2025-05-10T17:00,29.1,72,0,2.3,100
2025-05-10T18:00,28.7,76,0,2.3,100
2025-05-10T19:00,28.2,79,0,4.5,100
2025-05-10T20:00,27.3,88,0.8,5.6,100
2025-05-10T21:00,27.4,84,0,6.1,86
2025-05-10T22:00,27.1,87,0,3.9,100
2025-05-10T23:00,26.6,90,0,5.8,100
2025-05-11T00:00,26.4,90,0,6,100
2025-05-11T01:00,26.2,90,0,6,100
2025-05-11T02:00,26,90,0,5.6,100
2025-05-11T03:00,25.8,90,0,4.7,49
2025-05-11T04:00,25.5,91,0,4.3,13
2025-05-11T05:00,25.2,91,0,4.2,5
2025-05-11T06:00,25,91,0,4.8,9
2025-05-11T07:00,25.6,87,0,3.8,5
2025-05-11T08:00,27.5,80,0,2.1,2
2025-05-11T09:00,29.3,72,0,4.5,0
2025-05-11T10:00,30.3,64,0,5.6,0
2025-05-11T11:00,31,60,0,6.2,28
2025-05-11T12:00,31.4,58,0,8,97
2025-05-11T13:00,31.2,58,0,9.5,100
2025-05-11T14:00,31.1,57,0,8.2,86
2025-05-11T15:00,31.5,55,0,6.3,29
2025-05-11T16:00,30.9,60,0,2.2,93
2025-05-11T17:00,30.2,63,0,5.8,88
2025-05-11T18:00,28.9,73,0,8.3,19
2025-05-11T19:00,28,79,0,6.5,15
2025-05-11T20:00,27.6,82,0,6.1,16
2025-05-11T21:00,28.5,75,0,6.3,4
2025-05-11T22:00,28.2,75,0,6.4,4
2025-05-11T23:00,27.6,79,0,7.7,1
2025-05-12T00:00,27.5,79,0,6.7,3
2025-05-12T01:00,26.9,82,0,6.7,9
2025-05-12T02:00,26.5,83,0,6.4,40
2025-05-12T03:00,26.2,83,0,6.9,85
2025-05-12T04:00,25.9,82,0,4.9,92
2025-05-12T05:00,25.7,83,0,5.2,99
2025-05-12T06:00,25.6,83,0,3.2,98
2025-05-12T07:00,26,81,0,5.2,99
2025-05-12T08:00,27.9,70,0,2.7,97
2025-05-12T09:00,30.1,59,0,3.2,75
2025-05-12T10:00,31.2,54,0,4.8,21
2025-05-12T11:00,31.7,53,0,6.5,1
2025-05-12T12:00,31.8,53,0,8.4,57
2025-05-12T13:00,31.8,53,0,7.3,97
2025-05-12T14:00,31.5,56,0,10.1,100
2025-05-12T15:00,31,59,0,8,5
2025-05-12T16:00,30.6,61,0,6.9,3
2025-05-12T17:00,30.2,62,0,6.9,6
2025-05-12T18:00,29.6,67,0,7.1,9
2025-05-12T19:00,29.3,68,0,4.4,9
2025-05-12T20:00,29.1,69,0,2.2,6
2025-05-12T21:00,29.5,65,0,2.5,23
2025-05-12T22:00,28.8,70,0,5.1,25
2025-05-12T23:00,27.7,78,0,8.6,40
2025-05-13T00:00,27.2,80,0,7.4,38
2025-05-13T01:00,26.9,79,0,6.1,94
2025-05-13T02:00,26.7,78,0,6.2,6
2025-05-13T03:00,26.4,78,0,5.6,11
2025-05-13T04:00,26.2,78,0,5.2,91
2025-05-13T05:00,26,80,0,5.4,98
2025-05-13T06:00,25.7,79,0,6.2,97
2025-05-13T07:00,26.1,77,0,5.8,92
2025-05-13T08:00,28,69,0,4.4,100
2025-05-13T09:00,30.4,58,0,2.3,16
2025-05-13T10:00,31.4,55,0,2.7,2
2025-05-13T11:00,32.3,50,0,2.2,70
2025-05-13T12:00,32.3,52,0,5.8,100
2025-05-13T13:00,31.8,58,0,7.4,100
2025-05-13T14:00,31.5,60,0.1,8.6,100
2025-05-13T15:00,31.3,61,0.1,6.8,100
2025-05-13T16:00,31,62,0,4.8,100
2025-05-13T17:00,30.8,63,0,3.3,100
2025-05-13T18:00,30.3,65,0,2.6,100
2025-05-13T19:00,29.9,67,0,3.1,95
2025-05-13T20:00,29.4,72,0,4.1,90
2025-05-13T21:00,29.3,73,0,5.9,100
2025-05-13T22:00,28.7,77,0,5.8,100
2025-05-13T23:00,28.2,80,0,7.4,99
2025-05-14T00:00,27.7,82,0,7.6,99
2025-05-14T01:00,27.2,83,0,6.9,98
2025-05-14T02:00,26.7,85,0,6.3,91
2025-05-14T03:00,26.4,84,0,4.5,82
2025-05-14T04:00,26.3,84,0,4.7,91
2025-05-14T05:00,26,86,0,5.9,48
2025-05-14T06:00,25.9,86,0,4.7,78
2025-05-14T07:00,26.7,82,0,4,99
2025-05-14T08:00,28.4,73,0,2.1,100
2025-05-14T09:00,30.2,65,0,4.8,94
2025-05-14T10:00,31.1,60,0,3.1,86
2025-05-14T11:00,32,56,0,3.8,93
2025-05-14T12:00,32.3,57,0,5.7,99
2025-05-14T13:00,31.9,61,0,8.2,100
2025-05-14T14:00,28.9,77,1.4,4.6,100
2025-05-14T15:00,27.9,84,4.7,2.1,100
2025-05-14T16:00,28.2,82,0.1,3.6,100
2025-05-14T17:00,28.4,80,0,2.5,100
2025-05-14T18:00,28.1,81,0,4.2,100
2025-05-14T19:00,27.9,83,0,4.2,100
2025-05-14T20:00,27.7,85,0,2.2,100
2025-05-14T21:00,28.8,75,0,3.6,100
2025-05-14T22:00,28.3,79,0,6,78
2025-05-14T23:00,27.8,82,0,6.7,77
2025-05-15T00:00,27.3,84,0,3.8,60
2025-05-15T01:00,26.9,86,0,5.1,39
2025-05-15T02:00,26.6,86,0,5.1,6
2025-05-15T03:00,26.3,84,0,5,18
2025-05-15T04:00,26,83,0,3.3,26
2025-05-15T05:00,26,83,0,3.5,61
2025-05-15T06:00,25.9,81,0,4,92
2025-05-15T07:00,26.5,78,0,3.2,100
2025-05-15T08:00,28.1,72,0,2.4,100
2025-05-15T09:00,29.9,61,0,1,99
2025-05-15T10:00,31.1,56,0,3.9,100
2025-05-15T11:00,31.8,54,0,5.8,100
2025-05-15T12:00,31.8,56,0,9.5,100
2025-05-15T13:00,30.6,66,0,10,100
2025-05-15T14:00,30.8,65,0,7,99
2025-05-15T15:00,30.7,65,0.1,7.1,99
2025-05-15T16:00,30.6,64,0.1,7.2,100
2025-05-15T17:00,30.1,66,0,4.6,100
2025-05-15T18:00,29.3,70,0.2,5,100
2025-05-15T19:00,28.6,75,0,5.1,78
2025-05-15T20:00,28,80,0,5.3,68
2025-05-15T21:00,28,80,0.2,7.6,98
2025-05-15T22:00,27.4,83,0.1,7,97
2025-05-15T23:00,27,84,0.6,2.7,100
2025-05-16T00:00,27.1,85,0,3.6,98
2025-05-16T01:00,26.8,87,0,4.9,94
2025-05-16T02:00,26.4,90,0,4.9,53
2025-05-16T03:00,26,92,0,5,82
2025-05-16T04:00,25.5,93,0,5.8,3
2025-05-16T05:00,25.2,91,0,6.1,1
2025-05-16T06:00,25.3,89,0,3.6,0
2025-05-16T07:00,26.1,85,0,2.1,7
2025-05-16T08:00,27.7,76,0,1.7,11
2025-05-16T09:00,30.1,62,0,2.4,10
2025-05-16T10:00,31.2,60,0,7.5,1
2025-05-16T11:00,31.5,60,0,8.5,13
2025-05-16T12:00,31.7,60,0,8,100
2025-05-16T13:00,31.8,59,0,7.6,99
2025-05-16T14:00,31.4,59,0.2,6.9,99
2025-05-16T15:00,29.9,64,0.1,5.6,100
2025-05-16T16:00,29.5,68,0.1,6.4,100
2025-05-16T17:00,29.6,67,0,3.7,100
2025-05-16T18:00,29.1,71,0,4.5,100
2025-05-16T19:00,28.5,76,0,4.7,100
2025-05-16T20:00,27.9,79,0,5.6,99
2025-05-16T21:00,26.7,85,1.1,6.9,100
2025-05-16T22:00,25.8,90,2.7,7.1,100
2025-05-16T23:00,25.3,90,2.5,8.3,100
2025-05-17T00:00,25.1,93,6.1,8.7,100
2025-05-17T01:00,25.4,93,1.4,7.5,99
2025-05-17T02:00,25.2,96,0.7,3.7,100
2025-05-17T03:00,24.8,96,0.4,6.3,92
2025-05-17T04:00,24.7,96,0.1,2.4,99
2025-05-17T05:00,24.7,96,0,2.2,87
2025-05-17T06:00,24.7,96,0,2.5,39
2025-05-17T07:00,25.4,93,0,4.6,15
2025-05-17T08:00,26.3,86,0,2.9,8
2025-05-17T09:00,29.3,70,0,0.9,100
2025-05-17T10:00,30.4,63,0,2.6,97
2025-05-17T11:00,31.1,60,0,5.6,100
2025-05-17T12:00,31.1,61,0,10.2,100
2025-05-17T13:00,30.9,59,0,9.8,100
2025-05-17T14:00,29.6,63,0,5.3,100
2025-05-17T15:00,28.7,72,0.1,7.5,100
2025-05-17T16:00,28.6,74,0.2,3.9,100
2025-05-17T17:00,28.2,77,0,5.9,100
2025-05-17T18:00,27.4,81,0,7.2,100
2025-05-17T19:00,27.2,81,0,5.8,100
2025-05-17T20:00,27.2,80,0,3.1,100
2025-05-17T21:00,26.9,85,0.9,7.7,100
2025-05-17T22:00,26.8,88,0.2,3.8,100
2025-05-17T23:00,26.8,88,0,3.8,98
2025-05-18T00:00,26.4,92,0,6.2,90
2025-05-18T01:00,25.9,94,0,6,100
2025-05-18T02:00,25.5,96,0,6,100
2025-05-18T03:00,25.3,95,0,6.3,100
2025-05-18T04:00,25.3,92,0,4.1,96
2025-05-18T05:00,25.5,91,0,2.1,97
2025-05-18T06:00,25.5,92,0,4.6,94
2025-05-18T07:00,26,89,0,5.3,94
2025-05-18T08:00,27.3,82,0,2.9,19
2025-05-18T09:00,29.2,71,0,2.1,22
2025-05-18T10:00,30.4,64,0.1,2.3,87
2025-05-18T11:00,31.1,61,0.1,3.7,96
2025-05-18T12:00,31.3,61,0,4.7,100
2025-05-18T13:00,31.5,60,0,6.6,98
2025-05-18T14:00,31,59,0.1,3.8,99
2025-05-18T15:00,28.5,73,0.3,11.5,100
2025-05-18T16:00,27.8,76,0.1,9.1,100
2025-05-18T17:00,28.1,75,0,6.8,100
2025-05-18T18:00,27.7,77,0,6.1,100
2025-05-18T19:00,27.4,79,0,5.5,100
2025-05-18T20:00,27.4,79,0,1.3,99
2025-05-18T21:00,27.8,81,0,3.2,100
2025-05-18T22:00,27.8,83,0,4.3,100
2025-05-18T23:00,27.6,84,0,5.8,100
2025-05-19T00:00,27.2,85,0,5.5,99
2025-05-19T01:00,26.8,84,0,7.3,97
2025-05-19T02:00,26.6,81,0,5.6,66
2025-05-19T03:00,26.6,81,0,3.2,71
2025-05-19T04:00,26.3,83,0,3.4,6
2025-05-19T05:00,25.9,86,0,4.2,9
2025-05-19T06:00,25.5,88,0,5.6,7
2025-05-19T07:00,26.2,82,0,4.7,7
2025-05-19T08:00,27.9,72,0,1.5,7
2025-05-19T09:00,30.1,60,0,1.5,4
2025-05-19T10:00,31.2,56,0,2.7,24
2025-05-19T11:00,31.9,53,0,3.1,94
2025-05-19T12:00,31.4,58,0,6.8,95
2025-05-19T13:00,31.5,57,0,4.7,30
2025-05-19T14:00,31.9,54,0,7.2,99
2025-05-19T15:00,31.6,55,0,4.3,94
2025-05-19T16:00,30.3,61,0,4.2,97
2025-05-19T17:00,30,65,0,5.1,41
2025-05-19T18:00,29.3,71,0,5.1,100
2025-05-19T19:00,28.5,79,0,4.7,100
2025-05-19T20:00,28.1,81,0,2.3,70
2025-05-19T21:00,28,80,0,5.3,100
2025-05-19T22:00,27.9,80,0,4.2,100
2025-05-19T23:00,27.5,82,0,4.4,100
2025-05-20T00:00,27,85,0,4.1,100
2025-05-20T01:00,26.7,84,0,5,88
2025-05-20T02:00,26.5,83,0,5.1,86
2025-05-20T03:00,26.6,81,0,5.8,50
2025-05-20T04:00,26.2,83,0,3.1,59
2025-05-20T05:00,25.9,85,0,3.5,60
2025-05-20T06:00,25.7,86,0,6.9,7
2025-05-20T07:00,26.7,82,0,5.5,12
2025-05-20T08:00,28.4,72,0,2.2,40
2025-05-20T09:00,29.6,68,0.1,5.6,60
2025-05-20T10:00,30.5,63,0,5.1,77
2025-05-20T11:00,30.6,63,0,6.2,100
2025-05-20T12:00,29.8,68,0.3,9.5,100
2025-05-20T13:00,29.4,71,0.3,8.4,100
2025-05-20T14:00,29.9,69,0.2,8.4,100
2025-05-20T15:00,28.8,73,0.1,3.8,100
2025-05-20T16:00,28.9,72,0,0.8,100
2025-05-20T17:00,29,71,0,2.6,100
2025-05-20T18:00,28.5,74,0,4.1,100
2025-05-20T19:00,27.8,80,0,4.1,100
2025-05-20T20:00,27.3,83,0,3.9,96
2025-05-20T21:00,25.9,93,3.3,4.2,100
2025-05-20T22:00,25.6,94,1,7.3,100
2025-05-20T23:00,25.4,94,0.2,3.6,100
2025-05-21T00:00,25,94,2.8,3,100
2025-05-21T01:00,25.4,93,0.2,2.8,100
2025-05-21T02:00,25.2,95,0.1,2.2,100
2025-05-21T03:00,25.1,95,0.1,2.7,100
2025-05-21T04:00,25.2,96,0.1,0.2,100
2025-05-21T05:00,25.2,93,1.9,2.5,100
2025-05-21T06:00,24.8,97,3.2,3.9,100
2025-05-21T07:00,24.9,95,1.5,4.8,100
2025-05-21T08:00,26.1,89,0,3.4,98
2025-05-21T09:00,27.3,83,0,4.3,100
2025-05-21T10:00,28.2,77,0.1,3.3,100
2025-05-21T11:00,29.1,73,0.1,1.8,98
2025-05-21T12:00,30.1,69,0,3.1,40
2025-05-21T13:00,30.6,67,0,6.6,58
2025-05-21T14:00,30.3,66,0.1,8.3,100
2025-05-21T15:00,28.4,77,4.1,7.8,100
2025-05-21T16:00,27.5,84,0.3,5.2,99
2025-05-21T17:00,27.5,85,0.2,7.9,61
2025-05-21T18:00,27.1,86,0.1,4.9,58
2025-05-21T19:00,26.8,89,0,3,100
2025-05-21T20:00,26.4,91,0,3.6,87
2025-05-21T21:00,27.4,85,0,6.4,37
2025-05-21T22:00,27.7,86,0,9.3,35
2025-05-21T23:00,27.8,84,0,8.4,27
2025-05-22T00:00,27.4,87,0,5.9,31
2025-05-22T01:00,26.7,86,0.1,5.9,61
2025-05-22T02:00,26.6,88,0.2,5.3,50
2025-05-22T03:00,26,91,0.1,5.4,55
2025-05-22T04:00,25.4,95,0.1,6.8,57
2025-05-22T05:00,25,95,3.3,1.4,94
2025-05-22T06:00,25.1,97,0,4.5,50
2025-05-22T07:00,25.8,95,0.1,4.9,90
2025-05-22T08:00,27,86,0,4.5,92
2025-05-22T09:00,29.4,69,0,4,99
2025-05-22T10:00,30.2,64,0,2.3,100
2025-05-22T11:00,30.8,62,0,1.8,100
2025-05-22T12:00,31.2,61,0,5.1,100
2025-05-22T13:00,30.3,64,0,7.9,100
2025-05-22T14:00,29.6,67,0,8.1,100
2025-05-22T15:00,29.7,68,0.1,6.7,100
2025-05-22T16:00,29.5,71,0,5.7,100
2025-05-22T17:00,29.6,71,0,3.6,100
2025-05-22T18:00,29.3,72,0,1.8,100
2025-05-22T19:00,28.7,75,0,0.9,100
2025-05-22T20:00,27.9,81,0,3.8,100
2025-05-22T21:00,28.1,76,0,7.4,100
2025-05-22T22:00,27,83,1,6.8,93
2025-05-22T23:00,26.9,87,0,4.5,93
2025-05-23T00:00,26.8,89,0,3.1,97
2025-05-23T01:00,26.6,91,0,4.2,100
2025-05-23T02:00,26.4,91,0,3.6,97
2025-05-23T03:00,26.1,91,0,4.2,100
2025-05-23T04:00,25.8,92,0,3.7,98
2025-05-23T05:00,25.5,92,0,4.2,97
2025-05-23T06:00,25.2,90,0,5.7,99
2025-05-23T07:00,25.4,88,0,7.3,100
2025-05-23T08:00,27.1,81,0,6.1,100
2025-05-23T09:00,29.4,70,0,3.9,100
2025-05-23T10:00,30.2,65,0,7.2,100
2025-05-23T11:00,30.5,64,0,9.1,96
2025-05-23T12:00,29.7,67,0,9.4,99
2025-05-23T13:00,29,72,0.1,9.4,99
2025-05-23T14:00,29,72,0.1,6.7,98
2025-05-23T15:00,28.8,72,0.2,6.1,92
2025-05-23T16:00,28.6,73,0.2,4.8,100
2025-05-23T17:00,28.4,73,0.1,2.3,99
2025-05-23T18:00,28,76,0,4,100
2025-05-23T19:00,27.7,78,0,4.3,100
2025-05-23T20:00,27.6,80,0,2.3,100
2025-05-23T21:00,27.1,85,0,5.9,100
2025-05-23T22:00,26.7,88,0,6.5,90
2025-05-23T23:00,26.5,89,0,6.2,99
2025-05-24T00:00,26.3,87,0,7.6,96
2025-05-24T01:00,26.2,87,0,4.5,99
2025-05-24T02:00,26.2,87,0,4.5,100
2025-05-24T03:00,26.1,87,0,3.2,100
2025-05-24T04:00,25.8,89,0,5.2,100
2025-05-24T05:00,25.4,90,0,5,8
2025-05-24T06:00,25.2,90,0,5.3,98
2025-05-24T07:00,25.7,86,0,4.4,94
2025-05-24T08:00,27.5,77,0,4.2,99
2025-05-24T09:00,29.2,69,0,2.2,20
2025-05-24T10:00,30.4,62,0,2.2,10
2025-05-24T11:00,31,59,0,3.8,18
2025-05-24T12:00,31.4,58,0,3.9,10
2025-05-24T13:00,31.6,58,0,3.9,8
2025-05-24T14:00,31.6,59,0,5.2,37
2025-05-24T15:00,31,61,0,8.2,73
2025-05-24T16:00,30.7,63,0,8.2,90
2025-05-24T17:00,30.5,65,0,5.4,98
2025-05-24T18:00,30.1,66,0,4.3,91
2025-05-24T19:00,29.4,71,0,5.8,79
2025-05-24T20:00,28.8,78,0,4.9,99
2025-05-24T21:00,29.1,74,0,4.8,92
2025-05-24T22:00,28.5,79,0,6.5,77
2025-05-24T23:00,28.4,81,0,5.9,32
2025-05-25T00:00,28.1,83,0,6.4,72
2025-05-25T01:00,27.4,85,0,6.4,63
2025-05-25T02:00,26.9,87,0,6.7,97
2025-05-25T03:00,26.5,87,0,5.7,94
2025-05-25T04:00,26.1,88,0,6.1,96
2025-05-25T05:00,26.2,85,0,5.6,35
2025-05-25T06:00,26.1,86,0,5.4,47
2025-05-25T07:00,26.6,84,0,3.8,74
2025-05-25T08:00,28.2,77,0,2.2,99
2025-05-25T09:00,30,67,0,1.2,14
2025-05-25T10:00,31.4,62,0,3.6,31
2025-05-25T11:00,32,58,0.1,4.5,11
2025-05-25T12:00,32.6,56,0,4.5,13
2025-05-25T13:00,33,54,0,4.5,83
2025-05-25T14:00,31.2,59,0.1,2.7,95
2025-05-25T15:00,31,62,0,4.8,64
2025-05-25T16:00,31.4,62,0,4.5,96
2025-05-25T17:00,31.2,63,0,5.4,86
2025-05-25T18:00,30.7,66,0,3.8,88
2025-05-25T19:00,30.3,68,0,2.7,100
2025-05-25T20:00,30,71,0,5.7,96
2025-05-25T21:00,27.6,86,0,6.1,100
2025-05-25T22:00,27.6,86,0,5,100
2025-05-25T23:00,27.4,88,0,5.5,100
2025-05-26T00:00,27.3,86,0,5.7,91
2025-05-26T01:00,27.1,87,0,6.1,31
2025-05-26T02:00,26.9,87,0,5.6,3
2025-05-26T03:00,26.3,88,0,7.4,4
2025-05-26T04:00,26.2,84,0,7,23
2025-05-26T05:00,25.8,86,0,6.2,88
2025-05-26T06:00,25.4,87,0,6.3,100
2025-05-26T07:00,25.9,85,0,4.2,97
2025-05-26T08:00,28.1,74,0,0.4,84
2025-05-26T09:00,30.3,65,0,1,2
2025-05-26T10:00,31.7,57,0,3,3
2025-05-26T11:00,32.5,53,0,4.8,9
2025-05-26T12:00,32.9,52,0,5.4,51
2025-05-26T13:00,32.9,53,0,8.4,67
2025-05-26T14:00,32.3,56,0,8.9,70
2025-05-26T15:00,32.2,56,0,8.6,70
2025-05-26T16:00,31.5,60,0,8.3,86
2025-05-26T17:00,31.2,64,0,7.6,92
2025-05-26T18:00,30.8,66,0,6.6,52
2025-05-26T19:00,30.7,66,0,2.7,49
2025-05-26T20:00,29.7,72,0,6.7,29
2025-05-26T21:00,28.8,76,0,10.1,100
2025-05-26T22:00,28.7,73,0,8.9,100
2025-05-26T23:00,28.7,72,0,6.9,100
2025-05-27T00:00,28.4,75,0.1,8.8,100
2025-05-27T01:00,28.4,76,0,8.1,100
2025-05-27T02:00,27.5,85,0.7,7.4,100
2025-05-27T03:00,27.3,89,0.1,6.5,100
2025-05-27T04:00,27.3,86,0.1,7.4,100
2025-05-27T05:00,27,85,0,4.3,100
2025-05-27T06:00,26.4,88,0,5.5,100
2025-05-27T07:00,26.1,90,0,7.2,100
2025-05-27T08:00,27.1,83,0,5.4,97
2025-05-27T09:00,28.3,71,0,8.3,100
2025-05-27T10:00,28.1,72,0,10.5,100
2025-05-27T11:00,28.3,71,0,8.5,100
2025-05-27T12:00,28.4,70,0,7.1,97
2025-05-27T13:00,29.1,68,0,6,99
2025-05-27T14:00,29.5,66,0,5.4,97
2025-05-27T15:00,29.3,66,0,5.9,100
2025-05-27T16:00,29,68,0,5.5,100
2025-05-27T17:00,28.7,68,0,6.8,100
2025-05-27T18:00,28.4,69,0,7,100
2025-05-27T19:00,28.1,73,0,6.5,68
2025-05-27T20:00,27.7,79,0,7.6,54
2025-05-27T21:00,27.5,76,0.2,8.3,100
2025-05-27T22:00,27.3,77,0,6.2,100
2025-05-27T23:00,27,81,0,6.4,100
2025-05-28T00:00,26.4,85,0,9.3,100
2025-05-28T01:00,26.2,85,0,9.3,100
2025-05-28T02:00,26.1,85,0,6.4,100
2025-05-28T03:00,25.9,86,0,6.6,100
2025-05-28T04:00,25.7,85,0,6.3,100
2025-05-28T05:00,25.7,83,0,4.9,86
2025-05-28T06:00,25.2,82,0,6.8,76
2025-05-28T07:00,25.3,80,0,7.7,100
2025-05-28T08:00,26.5,70,0,5.8,98
2025-05-28T09:00,29.3,63,0,1.8,7
2025-05-28T10:00,30.5,57,0,1.1,22
2025-05-28T11:00,31.4,54,0,3.2,40
2025-05-28T12:00,31.9,53,0,6.5,95
2025-05-28T13:00,32,55,0,7,78
2025-05-28T14:00,31.8,58,0,7.1,30
2025-05-28T15:00,31.9,58,0.3,5.4,45
2025-05-28T16:00,31.6,59,0.1,6.7,71
2025-05-28T17:00,31.1,64,0,6.2,59
2025-05-28T18:00,30.3,68,0,5.7,55
2025-05-28T19:00,29.6,71,0,6,45
2025-05-28T20:00,29.1,73,0,4.7,11
2025-05-28T21:00,28.8,78,0,5,15
2025-05-28T22:00,28.4,79,0,3.6,96
2025-05-28T23:00,28.1,80,0,2.6,56
2025-05-29T00:00,27.6,83,0,3.3,100
2025-05-29T01:00,27.3,86,0,3.9,100
2025-05-29T02:00,27.3,84,0,2.9,98
2025-05-29T03:00,27.2,83,0,2.6,57
2025-05-29T04:00,27,85,0,1.7,18
2025-05-29T05:00,26.7,86,0,3.3,20
2025-05-29T06:00,26.4,87,0,2.6,10
2025-05-29T07:00,26.8,83,0,3.3,10
2025-05-29T08:00,28.6,76,0,2.3,16
2025-05-29T09:00,30.1,66,0,1.9,14
2025-05-29T10:00,30.9,65,0,6.5,20
2025-05-29T11:00,31,65,0.1,5.5,45
2025-05-29T12:00,30.8,62,0.1,1.8,53
2025-05-29T13:00,31.1,61,0,6.5,59
2025-05-29T14:00,30.5,66,0,5.7,94
2025-05-29T15:00,30.5,68,0.1,4.3,97
2025-05-29T16:00,29.8,72,0.1,4.2,93
2025-05-29T17:00,28.6,77,0.2,5,100
2025-05-29T18:00,26.6,87,1.3,7.7,99
2025-05-29T19:00,26.7,84,0,7,93
2025-05-29T20:00,26.4,86,0,6.4,75
2025-05-29T21:00,27.6,80,0,8.1,50
2025-05-29T22:00,27.5,80,0,6.7,13
2025-05-29T23:00,27.4,80,0,4.8,2
2025-05-30T00:00,27.1,82,0,3.2,3
2025-05-30T01:00,26.8,83,0,2,7
2025-05-30T02:00,26.6,84,0,2.6,11
2025-05-30T03:00,26.2,87,0,2.9,2
2025-05-30T04:00,26,89,0,4,57
2025-05-30T05:00,25.8,88,0,4.7,90
2025-05-30T06:00,25.6,87,0,6.7,76
2025-05-30T07:00,26,82,0,7,100
2025-05-30T08:00,27.8,72,0,5,98
2025-05-30T09:00,29.8,64,0,3.5,97
2025-05-30T10:00,30.9,58,0,3.1,100
2025-05-30T11:00,31.8,55,0,2.5,96
2025-05-30T12:00,32.1,54,0,4.5,100
2025-05-30T13:00,31.5,55,0,3.7,98
2025-05-30T14:00,32.2,53,0,6.1,98
2025-05-30T15:00,30.1,64,0.1,5.8,99
2025-05-30T16:00,29.6,68,0.1,3.2,95
2025-05-30T17:00,29.6,69,0,2.1,83
2025-05-30T18:00,29.3,70,0,1.8,100
2025-05-30T19:00,28.8,73,0,2.3,100
2025-05-30T20:00,28,80,0,3.6,100
2025-05-30T21:00,27,92,0,1.2,100
2025-05-30T22:00,26.7,96,0,4.4,100
2025-05-30T23:00,26.5,96,0,6.9,100
2025-05-31T00:00,26.6,94,0,6.6,100
2025-05-31T01:00,26,93,2.4,6.7,100
2025-05-31T02:00,25.8,96,0.5,5.1,100
2025-05-31T03:00,25.6,98,0.5,3.6,100
2025-05-31T04:00,25.6,98,0,4.9,100
2025-05-31T05:00,25.3,98,0,4.8,100
2025-05-31T06:00,25,99,0,4.9,99
2025-05-31T07:00,25.5,94,1.7,8.1,100
2025-05-31T08:00,26.4,90,3,6.7,95
2025-05-31T09:00,27.9,82,0.1,4.3,100
2025-05-31T10:00,27.8,82,0.1,7.4,100
2025-05-31T11:00,28.1,80,0.1,7.4,98
2025-05-31T12:00,28.4,80,0.1,5.9,100
2025-05-31T13:00,28.4,79,0.2,7.7,100
2025-05-31T14:00,27.8,81,4.9,7.3,100
2025-05-31T15:00,26.3,89,10.3,7.2,100
2025-05-31T16:00,26.1,90,0.3,1.5,100
2025-05-31T17:00,26.4,89,0.1,0.2,82
2025-05-31T18:00,26.3,90,0,4.7,100
2025-05-31T19:00,26.2,92,0.1,2.7,99
2025-05-31T20:00,26.2,91,0.2,1.8,100
2025-05-31T21:00,25.8,96,0.3,3.5,100
2025-05-31T22:00,25.8,97,0.3,3.6,99
2025-05-31T23:00,25.4,99,0.2,6.1,100
2025-06-01T00:00,24.7,97,4.7,4.5,100
2025-06-01T01:00,24.8,96,1,6.3,100
2025-06-01T02:00,24.7,97,0.7,4.6,100
2025-06-01T03:00,24.4,98,1.4,3.8,100
2025-06-01T04:00,24.4,98,4.9,4.9,100
2025-06-01T05:00,24.8,95,0.9,4.2,100
2025-06-01T06:00,24.3,98,0.3,6.4,95
2025-06-01T07:00,24.5,97,0,5,89
2025-06-01T08:00,25.9,88,0,2.7,80
2025-06-01T09:00,26.8,85,0.1,0.8,98
2025-06-01T10:00,27.6,84,0.2,3.3,94
2025-06-01T11:00,27.6,83,0.3,6.6,100
2025-06-01T12:00,27.7,82,0.2,8.6,97
2025-06-01T13:00,26.8,81,16,10.9,91
2025-06-01T14:00,26.7,85,6.8,5.2,100
2025-06-01T15:00,26.1,91,2.3,4.5,100
2025-06-01T16:00,26.1,91,1.2,4.1,100
2025-06-01T17:00,25.4,94,4.2,4,100
2025-06-01T18:00,25.2,95,2.8,6.3,100
2025-06-01T19:00,24.6,96,1,7.6,100
2025-06-01T20:00,24.3,96,0.8,9.5,100
2025-06-01T21:00,24.5,95,1,2.6,100
2025-06-01T22:00,24,97,1.6,3.3,100
2025-06-01T23:00,24,96,2.2,6,100
2025-06-02T00:00,23.8,96,0.9,4.5,100
2025-06-02T01:00,23.7,95,0.6,8.3,100
2025-06-02T02:00,23.5,96,0.7,7,100
2025-06-02T03:00,23.7,96,1,6.9,100
2025-06-02T04:00,23.8,95,1.3,5.6,100
2025-06-02T05:00,23.9,96,2.1,4.7,100
2025-06-02T06:00,24,96,1.4,5,100
2025-06-02T07:00,24.1,96,1.1,5.3,100
2025-06-02T08:00,24.9,92,0.2,5.4,100
2025-06-02T09:00,25.3,90,0.2,9.8,100
2025-06-02T10:00,25.6,90,0.2,6.9,100
2025-06-02T11:00,26.4,85,0.4,6.2,100
2025-06-02T12:00,27,81,0.2,7.2,100
2025-06-02T13:00,26.9,79,0,7,100
2025-06-02T14:00,26.9,77,0,8.1,100
2025-06-02T15:00,27.1,77,0,6,100
2025-06-02T16:00,27,78,0.3,4,100
2025-06-02T17:00,26.6,83,0.2,6,100
2025-06-02T18:00,26.1,89,1.4,5.5,100
2025-06-02T19:00,25.8,93,1.1,6.1,100
2025-06-02T20:00,25.6,95,1.3,3.3,100
2025-06-02T21:00,24.9,89,2.7,6.3,100
2025-06-02T22:00,24.6,93,2.3,4.5,100
2025-06-02T23:00,24.6,93,1.7,6,100
2025-06-03T00:00,24.2,92,0.6,6.5,100
2025-06-03T01:00,23.8,90,0.6,6.3,100
2025-06-03T02:00,23.5,90,1.6,7.6,100
2025-06-03T03:00,23.5,89,0.9,8.9,100
2025-06-03T04:00,23.4,90,0.4,8,100
2025-06-03T05:00,23.5,91,0.3,7.6,100
2025-06-03T06:00,23.7,87,0,6.3,100
2025-06-03T07:00,24.3,86,0,4.7,94
2025-06-03T08:00,24.9,88,0,4.9,100
2025-06-03T09:00,25.8,81,0,10.1,100
2025-06-03T10:00,27.2,72,0,8.7,100
2025-06-03T11:00,28.2,68,0,7.3,100
2025-06-03T12:00,28.6,67,0,6,100
2025-06-03T13:00,28.8,66,0,2.7,100
2025-06-03T14:00,28.5,66,0.1,1.3,100
2025-06-03T15:00,27.7,72,0.4,3.6,100
2025-06-03T16:00,27.5,74,0,3.9,100
2025-06-03T17:00,27.6,74,0,4.4,100
2025-06-03T18:00,26.9,81,0,5.3,100
2025-06-03T19:00,26.2,87,0,4.2,100
2025-06-03T20:00,25.5,91,0,5.8,100
2025-06-03T21:00,25.9,85,0,7.5,100
2025-06-03T22:00,25.8,86,0,8.3,100
2025-06-03T23:00,25.9,86,0,7.6,100
2025-06-04T00:00,25.7,87,0,7.8,100
2025-06-04T01:00,25.4,88,0,6.3,100
2025-06-04T02:00,25.4,88,0,7.7,98
2025-06-04T03:00,25.4,89,0,5.5,98
2025-06-04T04:00,25.2,90,0,5.6,82
2025-06-04T05:00,24.5,93,0,5.6,100
2025-06-04T06:00,23.9,90,0,7.2,62
2025-06-04T07:00,24.3,89,0,6.2,94
2025-06-04T08:00,26.5,84,0,2.9,98
2025-06-04T09:00,28.5,76,0,2.5,70
2025-06-04T10:00,29.4,69,0,1.4,86
2025-06-04T11:00,29.8,66,0,1.4,73
2025-06-04T12:00,30.1,65,0,1.5,37
2025-06-04T13:00,30.1,66,0,2.7,86
2025-06-04T14:00,30,68,0,5.4,99
2025-06-04T15:00,29.6,70,0,5.8,53
2025-06-04T16:00,29.3,71,0,4.8,28
2025-06-04T17:00,28.9,72,0,3.7,42
2025-06-04T18:00,28.5,76,0,1.4,38
2025-06-04T19:00,28.2,77,0,1.2,92
2025-06-04T20:00,27.5,83,0,3.6,99
2025-06-04T21:00,26.9,85,0,7.7,27
2025-06-04T22:00,26.2,84,0,7.3,19
2025-06-04T23:00,25.8,83,0,5.9,34
2025-06-05T00:00,25.5,85,0,5.2,51
2025-06-05T01:00,25.1,86,0,6.3,58
2025-06-05T02:00,24.8,85,0,6.7,61
2025-06-05T03:00,24.5,85,0,7.1,93
2025-06-05T04:00,24.2,87,0,6.5,100
2025-06-05T05:00,24.3,87,0,6.1,100
2025-06-05T06:00,24.6,86,0,6.2,100
2025-06-05T07:00,25.1,84,0,6.5,100
2025-06-05T08:00,26.5,81,0,5.7,79
2025-06-05T09:00,28.5,77,0,5.1,13
2025-06-05T10:00,29.9,66,0,6.2,20
2025-06-05T11:00,30.7,60,0,6.6,26
2025-06-05T12:00,30.7,60,0.1,10.1,39
2025-06-05T13:00,29.7,67,0.3,13.2,34
2025-06-05T14:00,30,66,0.1,13,19
2025-06-05T15:00,29.5,68,0.1,14.7,29
2025-06-05T16:00,29.4,69,0,15.5,16
2025-06-05T17:00,28.8,74,0,15.5,14
2025-06-05T18:00,27.8,77,0,14.5,24
2025-06-05T19:00,27.1,80,0,12.7,17
2025-06-05T20:00,26.6,82,0,9.8,74
2025-06-05T21:00,26.6,82,0,8.8,25
2025-06-05T22:00,26.2,84,0,8.4,79
2025-06-05T23:00,25.8,85,0,8,97
2025-06-06T00:00,25.7,85,0,6.7,97
2025-06-06T01:00,25.4,85,0,3.9,17
2025-06-06T02:00,25,87,0,3.4,35
2025-06-06T03:00,24.4,91,0,4.8,14
2025-06-06T04:00,24.1,92,0,4.7,21
2025-06-06T05:00,24,91,0,4.7,46
2025-06-06T06:00,23.9,89,0,4.7,32
2025-06-06T07:00,24.3,86,0,5.2,31
2025-06-06T08:00,26,83,0,4.7,24
2025-06-06T09:00,27.4,79,0,1.1,100
2025-06-06T10:00,28.8,76,0,0.9,100
2025-06-06T11:00,29.7,71,0,3.4,98
2025-06-06T12:00,29.8,71,0,6,98
2025-06-06T13:00,29.4,72,0,9.7,13
2025-06-06T14:00,29.6,65,0,9.6,19
2025-06-06T15:00,29.7,65,0,7.6,17
2025-06-06T16:00,29.8,67,0,7,15
2025-06-06T17:00,29.3,71,0,10,19
2025-06-06T18:00,28.5,79,0,11.3,17
2025-06-06T19:00,27.8,84,0,9.5,9
2025-06-06T20:00,27.1,87,0,8.5,5
2025-06-06T21:00,26.9,89,0,6.4,11
2025-06-06T22:00,26.6,90,0,4.1,15
2025-06-06T23:00,26.5,90,0.1,3.6,38
2025-06-07T00:00,26.3,92,0,1,25
2025-06-07T01:00,25.7,95,0,5.1,50
2025-06-07T02:00,25.5,93,0,7.2,100
2025-06-07T03:00,25.1,93,0,7.3,96
2025-06-07T04:00,25.1,92,0,6.5,94
2025-06-07T05:00,25,90,0,8.6,91
2025-06-07T06:00,24.9,89,0,7.4,88
2025-06-07T07:00,25.7,85,0,5.8,93
2025-06-07T08:00,26.9,81,0,4.7,95
2025-06-07T09:00,27.8,78,0.6,7.7,98
2025-06-07T10:00,28.4,74,0.2,2.3,93
2025-06-07T11:00,28.5,75,0,3.7,82
2025-06-07T12:00,28.9,75,0,6,95
2025-06-07T13:00,29.2,70,0,9.2,99
2025-06-07T14:00,28.9,69,0.8,10.5,100
2025-06-07T15:00,27.6,79,0.3,3,100
2025-06-07T16:00,27.4,81,0.1,5.1,95
2025-06-07T17:00,27.3,82,0,6.5,100
2025-06-07T18:00,26.7,86,0,7.7,100
2025-06-07T19:00,26.2,89,0,6.8,100
2025-06-07T20:00,26,91,0,4.1,93
2025-06-07T21:00,25.7,92,0,6.3,89
2025-06-07T22:00,25.6,92,0,5.5,60
2025-06-07T23:00,25.5,93,0,3.3,40
2025-06-08T00:00,25.4,93,0,3.7,88
2025-06-08T01:00,25.3,93,0,3.9,100
2025-06-08T02:00,25.1,94,0,3.6,40
2025-06-08T03:00,24.9,93,0,5.6,57
2025-06-08T04:00,24.6,89,0,6.5,20
2025-06-08T05:00,24.5,88,0,6.5,5
2025-06-08T06:00,24.6,87,0,4.7,20
2025-06-08T07:00,25.1,86,0,3.8,6
2025-06-08T08:00,26.3,80,0,2.1,1
2025-06-08T09:00,28.2,74,0,0.4,39
2025-06-08T10:00,29.2,69,0,2.3,60
2025-06-08T11:00,30,65,0,5,66
2025-06-08T12:00,30.2,62,0,8.8,66
2025-06-08T13:00,30.1,63,0,7.5,30
2025-06-08T14:00,30.2,63,0,6.2,29
2025-06-08T15:00,30.4,61,0,5,85
2025-06-08T16:00,30.2,61,0,5.9,100
2025-06-08T17:00,29.7,64,0,6.1,95
2025-06-08T18:00,29,70,0,8.8,19
2025-06-08T19:00,28.4,75,0,6.4,90
2025-06-08T20:00,27.5,82,0,4,100
2025-06-08T21:00,27.2,84,0,6.5,48
2025-06-08T22:00,26.5,87,0,6.1,57
2025-06-08T23:00,25.6,92,0,5.2,9
2025-06-09T00:00,25.2,93,0,2.4,3
2025-06-09T01:00,25,91,0,3.3,2
2025-06-09T02:00,24.8,88,0,5.9,3
2025-06-09T03:00,25,86,0,5.4,4
2025-06-09T04:00,24.9,87,0,5.1,5
2025-06-09T05:00,24.6,89,0,5,1
2025-06-09T06:00,24.3,89,0,6.3,6
2025-06-09T07:00,24.9,88,0,8,15
2025-06-09T08:00,27.1,82,0,7,5
2025-06-09T09:00,27.9,75,0,4.1,5
2025-06-09T10:00,29.4,70,0,2.8,62
2025-06-09T11:00,30.4,62,0,5.8,89
2025-06-09T12:00,30.2,63,0,8.8,91
2025-06-09T13:00,29.8,66,0,7.5,92
2025-06-09T14:00,29.7,64,0,7.7,97
2025-06-09T15:00,30,60,0,8.1,99
2025-06-09T16:00,29.7,61,0,6.8,100
2025-06-09T17:00,29.3,62,0,3.3,94
2025-06-09T18:00,28.8,64,0,0.7,19
2025-06-09T19:00,28.4,69,0,2.5,8
2025-06-09T20:00,27.7,79,0,4.2,22
2025-06-09T21:00,26.9,84,0,7.4,7
2025-06-09T22:00,26.6,86,0,5.4,8
2025-06-09T23:00,26.4,85,0,4.8,7
2025-06-10T00:00,26.2,85,0,4.7,10
2025-06-10T01:00,26,85,0,3.8,8
2025-06-10T02:00,25.6,87,0,4.2,1
2025-06-10T03:00,24.8,88,0,4.6,1
2025-06-10T04:00,24.3,90,0,5,2
2025-06-10T05:00,24,89,0,5.1,2
2025-06-10T06:00,23.8,87,0,5.7,2
2025-06-10T07:00,24.3,84,0,5.2,10
2025-06-10T08:00,26.2,78,0,5.1,66
2025-06-10T09:00,27.8,73,0,1,0
2025-06-10T10:00,29.1,66,0,1,1
2025-06-10T11:00,30,62,0,3,36
2025-06-10T12:00,30.5,60,0,4.5,28
2025-06-10T13:00,30.9,57,0,7.6,78
2025-06-10T14:00,30.9,59,0,8.6,83
2025-06-10T15:00,31.3,57,0,8.3,17
2025-06-10T16:00,31.3,56,0.1,7.6,29
2025-06-10T17:00,30.5,61,0,3.1,20
2025-06-10T18:00,29.4,65,0,1.4,99
2025-06-10T19:00,28.6,70,0,4.2,62
2025-06-10T20:00,27.8,76,0,3.2,100
2025-06-10T21:00,27.6,79,0,2,57
2025-06-10T22:00,27.2,83,0,4.5,50
2025-06-10T23:00,27.1,85,0,6.2,73
2025-06-11T00:00,27.2,84,0,7.7,98
2025-06-11T01:00,27.2,83,0,4.2,31
2025-06-11T02:00,26.8,86,0,0.5,33
2025-06-11T03:00,26.5,88,0,2.9,42
2025-06-11T04:00,26,90,0,5.4,90
2025-06-11T05:00,25.5,88,0,7,51
2025-06-11T06:00,25.1,86,0,7.5,53
2025-06-11T07:00,25.3,84,0,5.1,60
2025-06-11T08:00,27.2,76,0,2,72
2025-06-11T09:00,29.5,65,0,6.7,81
2025-06-11T10:00,30.6,61,0,5,51
2025-06-11T11:00,31.3,57,0,3.2,46
2025-06-11T12:00,31.5,57,0.1,4.6,35
2025-06-11T13:00,31.5,57,0.1,6.8,51
2025-06-11T14:00,31.2,58,0.1,5,81
2025-06-11T15:00,30,63,0,8,100
2025-06-11T16:00,28.6,72,0,6.2,99
2025-06-11T17:00,28.5,73,0,2.8,97
2025-06-11T18:00,28.2,75,0,3.2,99
2025-06-11T19:00,28,75,0,6.7,100
2025-06-11T20:00,27.8,77,0,5.8,100
2025-06-11T21:00,27.7,80,0,4,75
2025-06-11T22:00,27.5,82,0,2.2,88
2025-06-11T23:00,27,86,0,2.5,69
2025-06-12T00:00,25.9,92,3,6.5,89
2025-06-12T01:00,24.8,95,8.9,3.3,100
2025-06-12T02:00,25,95,0.1,5.5,100
2025-06-12T03:00,25.2,94,0.1,1.3,100
2025-06-12T04:00,24.7,96,5.3,5.9,100
2025-06-12T05:00,24.6,97,0.2,3.3,100
2025-06-12T06:00,24.5,97,0.2,7.4,70
2025-06-12T07:00,25.1,94,0.1,3.1,99
2025-06-12T08:00,26,90,5.7,2.3,91
2025-06-12T09:00,25.8,91,0.7,4.4,100
2025-06-12T10:00,26.5,88,0.2,1.3,100
2025-06-12T11:00,26.9,87,0.5,1.6,100
2025-06-12T12:00,27.8,82,0.3,2.8,100
2025-06-12T13:00,28.1,82,0.4,3.5,100
2025-06-12T14:00,28.1,83,0.4,2.7,100
2025-06-12T15:00,28.3,83,0.4,2.4,100
2025-06-12T16:00,28.4,82,0,2.3,99
2025-06-12T17:00,28.4,81,0,1.2,100
2025-06-12T18:00,28.1,83,0,1.5,100
2025-06-12T19:00,27.7,87,0,0.7,79
2025-06-12T20:00,27.4,89,0,4.8,98
2025-06-12T21:00,26.8,97,0,1.7,97
2025-06-12T22:00,26.7,97,0,1.7,17
2025-06-12T23:00,26.7,96,0,3.6,2
2025-06-13T00:00,26.9,92,0,4.3,53
2025-06-13T01:00,27.1,85,0,5.2,64
2025-06-13T02:00,26.6,85,0,6.4,49
2025-06-13T03:00,25.7,89,0,8.2,15
2025-06-13T04:00,25.1,93,0,7.4,64
2025-06-13T05:00,24.7,95,0,6.7,78
2025-06-13T06:00,24.7,94,0,6.7,90
2025-06-13T07:00,25.1,94,0,7.6,96
2025-06-13T08:00,26.8,89,0,5.3,41
2025-06-13T09:00,28.5,80,0,2.8,40
2025-06-13T10:00,29.4,76,0,4.4,80
2025-06-13T11:00,29.8,74,0.1,5.9,78
2025-06-13T12:00,29.7,72,0.5,8.2,68
2025-06-13T13:00,29.5,75,0.7,9.5,52
2025-06-13T14:00,29.5,77,0,8.1,44
2025-06-13T15:00,29.5,76,0.1,9.3,61
2025-06-13T16:00,29.3,77,0,7,72
2025-06-13T17:00,28.8,78,0,4.8,42
2025-06-13T18:00,28.5,83,0,1.9,36
2025-06-13T19:00,27.9,88,0,4,100
2025-06-13T20:00,27.3,92,0,5,99
2025-06-13T21:00,27.2,89,0,7.4,11
2025-06-13T22:00,27,88,0,7.4,41
2025-06-13T23:00,26.8,87,0,9.2,83
2025-06-14T00:00,26.9,88,0,7,75
2025-06-14T01:00,26,91,1.7,7,75
2025-06-14T02:00,25.9,94,0,8.6,56
2025-06-14T03:00,25.6,93,0,7.6,76
2025-06-14T04:00,25.3,93,0,5.4,69
2025-06-14T05:00,25.1,94,0,4.2,93
2025-06-14T06:00,24.9,94,0,8.3,100
2025-06-14T07:00,25.1,94,0,5.8,100
2025-06-14T08:00,26.1,89,0,5.8,96
2025-06-14T09:00,27.1,83,0.1,4.1,100
2025-06-14T10:00,27.9,80,0.1,2.5,40
2025-06-14T11:00,28.7,77,0.1,2.7,97
2025-06-14T12:00,29.1,77,0.1,3.9,89
2025-06-14T13:00,29.3,77,0.1,6,68
2025-06-14T14:00,28.7,76,0.4,9.5,96
2025-06-14T15:00,27.5,83,0.3,8.4,99
2025-06-14T16:00,27.4,85,0.5,5.6,92
2025-06-14T17:00,27.6,85,0.1,2.9,93
2025-06-14T18:00,27.2,88,0,3.5,97
2025-06-14T19:00,26.8,92,0,4.2,81
2025-06-14T20:00,26.7,93,0,4.2,97
2025-06-14T21:00,26.2,96,0.1,5.6,87
2025-06-14T22:00,25.8,95,0.2,6.3,74
2025-06-14T23:00,25.5,94,0,6.4,98
2025-06-15T00:00,25.6,93,0,6.1,81
2025-06-15T01:00,25.7,92,0,6,74
2025-06-15T02:00,25.5,93,0,5.8,100
2025-06-15T03:00,25,95,0,7.7,68
2025-06-15T04:00,24.8,95,0,5.8,23
2025-06-15T05:00,24.7,94,0,5.2,87
2025-06-15T06:00,24.6,93,0,6.4,11
2025-06-15T07:00,24.5,93,0,6.7,24
2025-06-15T08:00,26,88,0,4.9,7
2025-06-15T09:00,27.3,84,0,3.3,68
2025-06-15T10:00,28.6,78,0,1.2,87
2025-06-15T11:00,29.4,74,0,2.7,76
2025-06-15T12:00,29.6,72,0,8.5,3
2025-06-15T13:00,29.3,73,0,9.8,36
2025-06-15T14:00,29.6,71,0,7.6,28
2025-06-15T15:00,29,75,0.6,1.6,70
2025-06-15T16:00,28,77,0.2,4.6,58
2025-06-15T17:00,28.2,79,0.1,6.3,17
2025-06-15T18:00,27.5,87,0,6.7,59
2025-06-15T19:00,26.9,92,0,4.8,57
2025-06-15T20:00,26.7,94,0,4.8,17
2025-06-15T21:00,26.8,89,0,5.6,81
2025-06-15T22:00,26.9,89,0,5.8,16
2025-06-15T23:00,26.8,89,0,3.4,10
2025-06-16T00:00,26.6,90,0,4.6,56
2025-06-16T01:00,26,93,0,1.6,65
2025-06-16T02:00,25.4,95,0,4.5,58
2025-06-16T03:00,24.6,96,0,6.4,82
2025-06-16T04:00,24.7,92,0,5.9,60
2025-06-16T05:00,24.8,91,0,5,13
2025-06-16T06:00,24.6,92,0,2.3,9
2025-06-16T07:00,25,89,0,3.7,5
2025-06-16T08:00,26.8,87,0,3.1,3
2025-06-16T09:00,28.6,79,0,6.4,0
2025-06-16T10:00,29.2,74,0,5.7,1
2025-06-16T11:00,29.7,72,0,5.6,37
2025-06-16T12:00,29.6,74,0.1,7.1,14
2025-06-16T13:00,29.7,72,0.1,6.9,18
2025-06-16T14:00,30,70,0.1,2.8,13
2025-06-16T15:00,30.2,69,0,1.6,8
2025-06-16T16:00,29.8,71,0,1.5,8
2025-06-16T17:00,29.2,74,0,1.5,13
2025-06-16T18:00,28.6,78,0,3.9,2
2025-06-16T19:00,28.2,81,0,4.9,1
2025-06-16T20:00,27.8,84,0,2.6,87
2025-06-16T21:00,27.8,84,0,0.6,65
2025-06-16T22:00,26.8,89,0,2.6,17
2025-06-16T23:00,25.9,91,0,4.2,37
2025-06-17T00:00,25.4,88,0,4.3,59
2025-06-17T01:00,24.9,82,0,4.4,17
2025-06-17T02:00,24.3,83,0,3.2,1
2025-06-17T03:00,24.2,80,0,3.4,1
2025-06-17T04:00,23.8,88,0,3.9,77
2025-06-17T05:00,23.7,90,0,5,65
2025-06-17T06:00,23.5,91,0,5.6,71
2025-06-17T07:00,23.9,91,0,5.6,48
2025-06-17T08:00,26,81,0,4.6,85
2025-06-17T09:00,28,74,0,6.1,82
2025-06-17T10:00,29.2,69,0,6.6,89
2025-06-17T11:00,30,64,0,6.8,93
2025-06-17T12:00,30.1,63,0,7.6,99
2025-06-17T13:00,30.1,64,0,7.3,99
2025-06-17T14:00,30.1,67,0,8.3,99
2025-06-17T15:00,29.3,70,0.3,9.4,96
2025-06-17T16:00,29,68,0,6.8,81
2025-06-17T17:00,28.9,66,0,3.6,18
2025-06-17T18:00,28.2,72,0,5.1,11
2025-06-17T19:00,27.8,79,0,7.3,12
2025-06-17T20:00,27.7,81,0,6.9,12
2025-06-17T21:00,27.9,79,0,3.5,8
2025-06-17T22:00,26.9,86,0,3.9,12
2025-06-17T23:00,25.9,94,0,4.2,7
2025-06-18T00:00,25.7,95,0,2.7,16
2025-06-18T01:00,25.6,96,0,1.3,14
2025-06-18T02:00,25.3,97,0,1.5,32
2025-06-18T03:00,24.9,96,0.1,4.1,68
2025-06-18T04:00,24.9,90,0,7.3,100
2025-06-18T05:00,24.8,86,0,8.5,42
2025-06-18T06:00,24.5,84,0,7.8,49
2025-06-18T07:00,25,82,0,5.8,99
2025-06-18T08:00,26.6,81,0,4.4,97
2025-06-18T09:00,27.9,77,0,1.7,34
2025-06-18T10:00,28.7,74,0,2.7,44
2025-06-18T11:00,29.1,72,0,2.5,88
2025-06-18T12:00,29.6,69,0,4.6,68
2025-06-18T13:00,29.5,69,0.1,6.3,55
2025-06-18T14:00,29.4,70,0.1,7.1,88
2025-06-18T15:00,29.5,68,0,3.6,97
2025-06-18T16:00,29,69,0.3,3.9,99
2025-06-18T17:00,28.9,70,0,4.4,100
2025-06-18T18:00,28.5,76,0,4,100
2025-06-18T19:00,28,81,0,4.5,100
2025-06-18T20:00,27.4,85,0,4.6,100
2025-06-18T21:00,27,81,0.1,7.1,100
2025-06-18T22:00,26.6,85,0,4.1,100
2025-06-18T23:00,26.1,89,0,3.2,100
2025-06-19T00:00,26.3,89,0,4.8,99
2025-06-19T01:00,26.2,88,0,4.3,100
2025-06-19T02:00,25.9,91,0,3.7,68
2025-06-19T03:00,25.4,93,0,5,74
2025-06-19T04:00,25.1,92,0,7.4,98
2025-06-19T05:00,24.9,91,0.1,4.7,100
2025-06-19T06:00,24.8,90,0.1,4,94
2025-06-19T07:00,25.2,88,0,4,33
2025-06-19T08:00,26.5,81,0,2.7,87
2025-06-19T09:00,28.1,75,0,5.2,66
2025-06-19T10:00,28.8,70,0,5.9,85
2025-06-19T11:00,29.2,70,0,6.7,100
2025-06-19T12:00,29.3,71,0,5.2,100
2025-06-19T13:00,29.7,69,0.1,7.6,100
2025-06-19T14:00,29.3,67,0,8,100
2025-06-19T15:00,29,67,0,4.1,99
2025-06-19T16:00,29.2,66,0,6,100
2025-06-19T17:00,28.6,70,0,4.4,100
2025-06-19T18:00,28,77,0,4.1,100
2025-06-19T19:00,27.5,84,0,5.8,100
2025-06-19T20:00,27,89,0,6.1,99
2025-06-19T21:00,26.4,91,0,8.5,100
2025-06-19T22:00,25.9,91,0,7.6,98
2025-06-19T23:00,25.5,91,0,6.9,100
2025-06-20T00:00,25.3,89,0.6,6.5,100
2025-06-20T01:00,25,91,0.4,2.7,100
2025-06-20T02:00,24.7,94,0.3,6.4,100
2025-06-20T03:00,24.8,94,0.2,3.6,100
2025-06-20T04:00,24.8,95,0.3,4.9,99
2025-06-20T05:00,24.2,96,6,1.5,100
2025-06-20T06:00,24.5,95,2.5,2.8,100
2025-06-20T07:00,25,93,1,2.9,100
2025-06-20T08:00,25.5,92,1.2,2,100
2025-06-20T09:00,25.7,89,1.1,4.9,95
2025-06-20T10:00,26.2,88,0.2,2,100
2025-06-20T11:00,26.6,83,0.1,7.4,100
2025-06-20T12:00,25.9,84,3.1,4.8,100
2025-06-20T13:00,26.1,85,1.5,4.1,100
2025-06-20T14:00,26.3,86,0.6,4.2,100
2025-06-20T15:00,26.2,84,0.9,1.8,100
2025-06-20T16:00,25.4,91,3.1,3.8,100
2025-06-20T17:00,25,94,1.2,3.6,100
2025-06-20T18:00,24.9,96,0.3,3.9,100
2025-06-20T19:00,24.9,96,0,5.4,100
2025-06-20T20:00,24.8,97,0.1,4.5,100
2025-06-20T21:00,24.5,95,0.1,7.1,100
2025-06-20T22:00,24.2,95,0,7,100
2025-06-20T23:00,24.1,93,0.1,6.8,100
2025-06-21T00:00,24.1,92,0,5.6,100
2025-06-21T01:00,23.9,93,0,5.9,100
2025-06-21T02:00,23.8,93,0.1,5.6,100
2025-06-21T03:00,23.8,93,0.3,4.3,100
2025-06-21T04:00,23.8,93,0.1,4.9,100
2025-06-21T05:00,23.8,94,0,3.3,100
2025-06-21T06:00,23.7,96,0,2.9,100
2025-06-21T07:00,24.1,94,0,3.3,100
2025-06-21T08:00,25.4,87,0,1.7,100
2025-06-21T09:00,27.2,81,0,4,100
2025-06-21T10:00,28.4,75,0,9.3,100
2025-06-21T11:00,29,76,0,8.2,22
2025-06-21T12:00,29.8,75,0,3.4,21
2025-06-21T13:00,29.8,75,0.1,4.5,65
2025-06-21T14:00,29.9,74,0.2,1.8,26
2025-06-21T15:00,30.1,72,0.2,2.2,28
2025-06-21T16:00,29.3,72,0.1,6.2,90
2025-06-21T17:00,28.4,76,0.1,3.3,99
2025-06-21T18:00,28.2,79,0,3.8,100
2025-06-21T19:00,28,82,0.1,5.2,100
2025-06-21T20:00,27.6,84,0,8.3,100
2025-06-21T21:00,27.2,88,0,7.2,100
2025-06-21T22:00,26.8,89,0,3.1,100
2025-06-21T23:00,26.3,92,0,5,100
2025-06-22T00:00,25.9,93,0.1,5.1,100
2025-06-22T01:00,25.6,92,0,5.9,100
2025-06-22T02:00,25.3,92,0,5.7,100
2025-06-22T03:00,25.2,91,0,4.2,90
2025-06-22T04:00,24.9,93,0,4.9,100
2025-06-22T05:00,24.8,94,0,3.5,75
2025-06-22T06:00,24.7,94,0,3.3,79
2025-06-22T07:00,25.1,91,0,1.1,69
2025-06-22T08:00,26.4,88,0,1.5,100
2025-06-22T09:00,27.7,80,0,3.5,100
2025-06-22T10:00,28.6,76,0,4.2,100
2025-06-22T11:00,29.2,72,0,5.4,100
2025-06-22T12:00,29.3,69,0,4.4,100
2025-06-22T13:00,29.4,67,0,2.4,100
2025-06-22T14:00,29.3,67,0,7.7,100
2025-06-22T15:00,29.1,62,0,11.7,100
2025-06-22T16:00,28.7,69,0,11.7,100
2025-06-22T17:00,28.3,75,0,11.9,100
2025-06-22T18:00,27.5,80,0,9.4,100
2025-06-22T19:00,26.9,85,0,7.8,100
2025-06-22T20:00,26.5,89,0,5.6,100
2025-06-22T21:00,26.7,88,0,5.4,93
2025-06-22T22:00,26.5,86,0,7.9,99
2025-06-22T23:00,26.3,84,0,5.2,100
2025-06-23T00:00,25.8,88,0,4.6,100
2025-06-23T01:00,25.4,91,0,4.1,100
2025-06-23T02:00,25.4,90,0,3.7,100
2025-06-23T03:00,25.4,86,0,2.7,100
2025-06-23T04:00,25.1,86,0,2.7,100
2025-06-23T05:00,24.7,88,0,5,100
2025-06-23T06:00,24.2,90,0,5.6,100
2025-06-23T07:00,24.4,88,0,6.4,100
2025-06-23T08:00,25.2,88,0,6.6,100
2025-06-23T09:00,27.2,80,0,3.4,99
2025-06-23T10:00,27.9,76,0,4.5,100
2025-06-23T11:00,28.1,72,0,5.1,100
2025-06-23T12:00,28,71,0,7.2,100
2025-06-23T13:00,27.1,75,0,8.4,100
2025-06-23T14:00,26.5,77,0.2,7.8,100
2025-06-23T15:00,26.5,76,0,7.3,100
2025-06-23T16:00,26.2,80,0.8,8.8,100
2025-06-23T17:00,25.2,91,1.3,10.2,100
2025-06-23T18:00,24.6,91,0.5,8.3,100
2025-06-23T19:00,23.3,94,1,10.1,100
2025-06-23T20:00,22.8,92,1.1,10.1,100
2025-06-23T21:00,25.3,84,0,6.2,100
2025-06-23T22:00,25.3,83,0,6.1,100
2025-06-23T23:00,25.3,82,0,4.8,100
2025-06-24T00:00,25.3,83,0,4.1,100
2025-06-24T01:00,25,85,0,2.6,100
2025-06-24T02:00,24.9,86,0,2,100
2025-06-24T03:00,24.6,87,0,6.2,100
2025-06-24T04:00,24.2,86,0,7.6,100
2025-06-24T05:00,23.9,87,0,6.8,100
2025-06-24T06:00,23.7,87,0.2,6.7,100
2025-06-24T07:00,23.7,88,0.1,8.1,100
2025-06-24T08:00,24.3,87,0,6.8,100
2025-06-24T09:00,26.8,79,0,3.5,100
2025-06-24T10:00,27,79,0.3,4.7,100
2025-06-24T11:00,26.7,83,1.4,3.8,100
2025-06-24T12:00,27.8,77,0.2,2.3,97
2025-06-24T13:00,27.6,76,0.1,2.9,100
2025-06-24T14:00,27.5,79,0,3.9,74
2025-06-24T15:00,27.7,80,0.1,6.4,83
2025-06-24T16:00,27.7,75,0.1,7.4,67
2025-06-24T17:00,27.2,76,0,7.8,100
2025-06-24T18:00,26.6,84,0,6.3,100
2025-06-24T19:00,26.1,89,0,7.6,100
2025-06-24T20:00,25.8,90,0,7.2,100
2025-06-24T21:00,25.8,92,0,6,99
2025-06-24T22:00,25.6,91,0,4.3,99
2025-06-24T23:00,25.5,92,0,4.5,81
2025-06-25T00:00,25.4,92,0,3.8,67
2025-06-25T01:00,25.2,93,0,2.4,4
2025-06-25T02:00,25,95,0,1.5,35
2025-06-25T03:00,25.1,93,0,2.2,58
2025-06-25T04:00,24.5,95,0,5.2,97
2025-06-25T05:00,24.4,93,0,4.2,100
2025-06-25T06:00,24.6,90,0,4.1,100
2025-06-25T07:00,24.8,91,0,2.8,96
2025-06-25T08:00,26.1,83,0,4,100
2025-06-25T09:00,27.6,80,0,4.4,100
2025-06-25T10:00,28.5,75,0,2.3,100
2025-06-25T11:00,28.9,73,0,2.9,100
2025-06-25T12:00,29.1,72,0,3.8,100
2025-06-25T13:00,29.6,70,0,1.7,100
2025-06-25T14:00,27.9,76,2.5,5.6,100
2025-06-25T15:00,26.4,87,0.6,10.5,100
2025-06-25T16:00,26.6,86,0.2,7.5,100
2025-06-25T17:00,26.5,85,0,4.5,100
2025-06-25T18:00,26.2,89,0,4.2,100
2025-06-25T19:00,25.9,92,0,3.8,100
2025-06-25T20:00,25.8,93,0,1.5,100
2025-06-25T21:00,26,89,0,7.2,100
2025-06-25T22:00,26,90,0,3.8,100
2025-06-25T23:00,25.7,93,0,4.4,100
2025-06-26T00:00,25.6,94,0,3.3,99
2025-06-26T01:00,25.4,95,0,1.3,100
2025-06-26T02:00,25,98,0,1,100
2025-06-26T03:00,25,98,0,1.5,100
2025-06-26T04:00,25,98,0,0.2,100
2025-06-26T05:00,24.8,99,0,2.3,99
2025-06-26T06:00,24.7,98,0.1,1,99
2025-06-26T07:00,25.2,96,0.1,1.3,98
2025-06-26T08:00,26.4,90,0,2.2,95
2025-06-26T09:00,27.5,80,0,4,92
2025-06-26T10:00,28.8,70,0,7.1,93
2025-06-26T11:00,29.2,67,0,7.2,61
2025-06-26T12:00,29.6,67,0,6.5,91
2025-06-26T13:00,29.8,67,0,2.5,97
2025-06-26T14:00,30.2,67,0,0.8,100
2025-06-26T15:00,28,75,0,9,99
2025-06-26T16:00,27.8,77,0.1,6.1,100
2025-06-26T17:00,27.8,78,0,4.7,100
2025-06-26T18:00,27.2,83,0,2.9,100
2025-06-26T19:00,26.4,89,0,5.8,100
2025-06-26T20:00,26.1,91,0,2.8,100
2025-06-26T21:00,27.2,86,0,2.8,100
2025-06-26T22:00,26.6,90,0,3,100
2025-06-26T23:00,26,93,0,1.2,99
2025-06-27T00:00,25.6,95,0,3.9,97
2025-06-27T01:00,25.2,95,0,3.8,100
2025-06-27T02:00,24.7,96,0,3.6,98
2025-06-27T03:00,24.5,97,0,4.5,100
2025-06-27T04:00,24.4,95,0,4.8,47
2025-06-27T05:00,24.6,93,0,4.7,42
2025-06-27T06:00,24.4,92,0,6,74
2025-06-27T07:00,24.6,91,0,7.1,23
2025-06-27T08:00,26.1,86,0,5.7,57
2025-06-27T09:00,28.2,82,0,4.1,100
2025-06-27T10:00,29.1,77,0.1,6.6,100
2025-06-27T11:00,29.5,74,0.1,5.4,94
2025-06-27T12:00,30.1,71,0,5.8,64
2025-06-27T13:00,29.4,75,0.1,9.2,86
2025-06-27T14:00,28.3,79,0.5,8.5,99
2025-06-27T15:00,29.2,74,1,2,99
2025-06-27T16:00,28.9,77,0.1,0.2,100
2025-06-27T17:00,28.7,79,0,2.7,100
2025-06-27T18:00,28,84,0,4,90
2025-06-27T19:00,27.2,90,0,3.1,100
2025-06-27T20:00,26.5,93,0,4,100
2025-06-27T21:00,26.7,90,0,3.5,100
2025-06-27T22:00,26.8,90,0,2.4,100
2025-06-27T23:00,26.5,93,0,5.2,100
2025-06-28T00:00,26.3,93,0,4,100
2025-06-28T01:00,26.2,93,0,1.9,100
2025-06-28T02:00,26,93,0,1.8,100
2025-06-28T03:00,25.9,93,0,3,100
2025-06-28T04:00,25.7,93,0,4.3,100
2025-06-28T05:00,25.6,92,0,3.2,100
2025-06-28T06:00,25.3,92,0,4.4,100
2025-06-28T07:00,25.5,92,0,5.6,97
2025-06-28T08:00,26.9,85,0,3.6,94
2025-06-28T09:00,28,82,0,4.1,100
2025-06-28T10:00,28.5,79,0,7.2,100
2025-06-28T11:00,28.5,77,0.3,10,97
2025-06-28T12:00,28.9,74,0.9,6.9,79
2025-06-28T13:00,27.7,81,0.2,4.1,88
2025-06-28T14:00,28.3,79,0.2,2,76
2025-06-28T15:00,28.4,79,0.2,0.6,48
2025-06-28T16:00,28.4,79,0.3,2,64
2025-06-28T17:00,27.1,84,1.9,1.8,99
2025-06-28T18:00,25.2,93,3.7,8.5,98
2025-06-28T19:00,24.8,96,0.1,6,100
2025-06-28T20:00,25.1,94,0.3,2.9,100
2025-06-28T21:00,25.2,92,0,5.2,100
2025-06-28T22:00,25.1,93,0,5,99
2025-06-28T23:00,24.9,93,0.4,4.5,100
2025-06-29T00:00,24.5,95,3.9,5.5,100
2025-06-29T01:00,24,97,7.6,6.6,100
2025-06-29T02:00,23.7,98,1.7,4.8,100
2025-06-29T03:00,23.5,98,0.6,7,100
2025-06-29T04:00,23.5,96,1.2,9,100
2025-06-29T05:00,23.4,96,1.3,5.1,99
2025-06-29T06:00,23.3,96,0.9,6.9,100
2025-06-29T07:00,23.7,95,0.6,2.6,100
2025-06-29T08:00,24.9,91,0,3.1,100
2025-06-29T09:00,25.6,91,0.7,1.4,100
2025-06-29T10:00,25.8,91,0.5,2.2,100
2025-06-29T11:00,25.9,92,1.1,2.6,100
2025-06-29T12:00,26.1,90,2.7,2.4,100
2025-06-29T13:00,25.5,91,4.8,3.9,100
2025-06-29T14:00,25.1,95,2.4,6.5,100
2025-06-29T15:00,24.9,94,3,6.2,100
2025-06-29T16:00,25,95,1.4,5.7,100
2025-06-29T17:00,25,95,0.3,5.7,100
2025-06-29T18:00,24.6,94,0.2,9,100
2025-06-29T19:00,24.3,91,0.5,8.6,100
2025-06-29T20:00,24.2,88,0.5,7.8,100
2025-06-29T21:00,24.4,96,1.7,7.8,100
2025-06-29T22:00,24.1,94,0.8,7.4,60
2025-06-29T23:00,24,92,0,4.3,84
2025-06-30T00:00,24.1,91,0,3.3,63
2025-06-30T01:00,23.8,92,0.3,1.3,65
2025-06-30T02:00,23.6,93,0,1.1,95
2025-06-30T03:00,23.3,95,0,2.7,100
2025-06-30T04:00,23.6,94,0,5.4,100
2025-06-30T05:00,23.5,92,0,5.9,100
2025-06-30T06:00,23.3,91,0,6.1,100
2025-06-30T07:00,23.7,91,0,4.9,93
2025-06-30T08:00,24.7,90,0,3.9,96
2025-06-30T09:00,26.6,79,0,1.4,43
2025-06-30T10:00,27.9,75,0,3.4,99
2025-06-30T11:00,28.2,73,0,5.6,100
2025-06-30T12:00,28.2,73,0,6.5,99
2025-06-30T13:00,28.6,72,0,6.6,97
2025-06-30T14:00,28.6,70,0,5,99
2025-06-30T15:00,28.9,68,0,5.2,98
2025-06-30T16:00,28.5,69,0,3.2,100
2025-06-30T17:00,26.9,84,0.2,7.1,100
2025-06-30T18:00,25.7,92,0.4,8.1,100
2025-06-30T19:00,25.3,93,0.1,7,100
2025-06-30T20:00,25.1,93,0.2,7,100
2025-06-30T21:00,25.8,88,0,8,100
2025-06-30T22:00,25.6,90,0,8.7,99
2025-06-30T23:00,25.3,90,0,8.5,100
2025-07-01T00:00,25.1,89,0,7.8,100
2025-07-01T01:00,24.8,90,0,5.9,100
2025-07-01T02:00,24.5,89,0,6.9,97
2025-07-01T03:00,24.3,88,0,6.9,97
2025-07-01T04:00,24.2,87,0,6.1,100
2025-07-01T05:00,23.9,88,0,5.4,100
2025-07-01T06:00,23.8,90,0,2.1,66
2025-07-01T07:00,24.3,89,0,0.9,97
2025-07-01T08:00,26.1,85,0,3.6,96
2025-07-01T09:00,28.1,78,0,5.8,99
2025-07-01T10:00,29.2,68,0,6.4,100
2025-07-01T11:00,30,65,0,4.8,43
2025-07-01T12:00,30.5,65,0,3.5,72
2025-07-01T13:00,30.3,66,0,2.3,100
2025-07-01T14:00,29.4,70,0.1,5.6,100
2025-07-01T15:00,29,74,0,7.6,87
2025-07-01T16:00,28.8,76,0,2.4,100
2025-07-01T17:00,28.6,77,0,2.9,100
2025-07-01T18:00,28,82,0,5.6,100
2025-07-01T19:00,27.6,85,0,4.9,100
2025-07-01T20:00,27.6,85,0,3,100
2025-07-01T21:00,27.3,87,0,6.5,81
2025-07-01T22:00,26.7,91,0,6,80
2025-07-01T23:00,26,95,0,5.2,62
2025-07-02T00:00,25.7,94,0,4.7,74
2025-07-02T01:00,25.7,92,0,3,84
2025-07-02T02:00,25.7,90,0,4.6,100
2025-07-02T03:00,25.6,90,0,4,100
2025-07-02T04:00,25.2,90,0,5,90
2025-07-02T05:00,24.9,90,0,5.1,97
2025-07-02T06:00,24.6,92,0,5.1,100
2025-07-02T07:00,25,89,0,5.4,100
2025-07-02T08:00,25.2,90,0,7.1,100
2025-07-02T09:00,25.8,88,0.4,2.7,97
2025-07-02T10:00,26.3,87,0.5,8,100
2025-07-02T11:00,26.3,88,0.7,6.4,99
2025-07-02T12:00,27.1,81,0.2,8.1,99
2025-07-02T13:00,28.3,76,0.1,4.6,98
2025-07-02T14:00,28.8,74,0.1,4,100
2025-07-02T15:00,28.8,75,0.2,3.7,97
2025-07-02T16:00,29,72,0.1,5.2,98
2025-07-02T17:00,28.6,74,0,5.1,100
2025-07-02T18:00,28,80,0,6.8,100
2025-07-02T19:00,27.4,82,0,7.4,100
2025-07-02T20:00,26.9,83,0,5.8,100
2025-07-02T21:00,26.8,82,0,3.3,95
2025-07-02T22:00,26.5,83,0,0.5,81
2025-07-02T23:00,26,84,0,2,61
2025-07-03T00:00,25.3,91,0,2.3,100
2025-07-03T01:00,25.3,93,0,0.4,94
2025-07-03T02:00,25.2,94,0,0.4,100
2025-07-03T03:00,25.2,95,0,0.8,99
2025-07-03T04:00,24.9,96,0,3.4,99
2025-07-03T05:00,24.6,96,0,4.9,100
2025-07-03T06:00,24.6,94,0,4.5,100
2025-07-03T07:00,24.9,93,0,4.5,81
2025-07-03T08:00,26.2,87,0,3.3,86
2025-07-03T09:00,27.4,81,0,2.1,8
2025-07-03T10:00,28.4,76,0,4,10
2025-07-03T11:00,28.7,74,0,6,25
2025-07-03T12:00,28.9,74,0.1,9.7,12
2025-07-03T13:00,29.6,71,0.1,11.6,42
2025-07-03T14:00,28.7,72,0.7,10,81
2025-07-03T15:00,29.2,69,0.1,9.9,95
2025-07-03T16:00,28.5,72,0.1,6.3,96
2025-07-03T17:00,27.7,78,0.3,4,93
2025-07-03T18:00,26.9,86,0.1,8.3,100
2025-07-03T19:00,26,93,0,9,99
2025-07-03T20:00,25.5,95,0,7.9,90
2025-07-03T21:00,26,90,0,6.5,51
2025-07-03T22:00,25.8,92,0,6.2,44
2025-07-03T23:00,25.9,91,0,3.6,13
2025-07-04T00:00,25.5,93,0,2.9,36
2025-07-04T01:00,25.2,94,0,3.5,33
2025-07-04T02:00,25.2,91,0,3.8,67
2025-07-04T03:00,25,90,0,3.6,62
2025-07-04T04:00,24.5,93,0,5.9,82
2025-07-04T05:00,24.3,93,0,5.6,20
2025-07-04T06:00,24.2,92,0,5.3,37
2025-07-04T07:00,24.5,92,0,4.1,18
2025-07-04T08:00,25.8,85,0,2.5,31
2025-07-04T09:00,27.7,77,0,0.4,95
2025-07-04T10:00,28.5,76,0,1.7,96
2025-07-04T11:00,28.9,76,0.1,3.1,100
2025-07-04T12:00,28.6,79,0.2,5.5,100
2025-07-04T13:00,27.6,82,0.2,8.8,100
2025-07-04T14:00,27.8,78,0.1,6.9,100
2025-07-04T15:00,27.4,81,0.2,6,100
2025-07-04T16:00,27.1,85,0.4,5.6,100
2025-07-04T17:00,26.3,89,0.1,7.2,99
2025-07-04T18:00,25.8,90,0.1,5.6,100
2025-07-04T19:00,25.5,92,0,4,100
2025-07-04T20:00,25.6,90,0,1.9,100
2025-07-04T21:00,25.6,95,0,4,94
2025-07-04T22:00,25.5,96,0,2.9,99
2025-07-04T23:00,25.4,96,0,3.9,99
2025-07-05T00:00,25.3,96,0,5,100
2025-07-05T01:00,24.6,97,0.3,4.4,99
2025-07-05T02:00,24.4,94,0.5,5.3,100
2025-07-05T03:00,24.5,94,0.2,2.3,100
2025-07-05T04:00,24.3,97,0.7,3.2,100
2025-07-05T05:00,24.4,96,3.2,3.2,100
2025-07-05T06:00,24.1,98,0.9,5.8,100
2025-07-05T07:00,24,97,0.7,7.7,100
2025-07-05T08:00,24.5,94,0.2,8.1,100
2025-07-05T09:00,25.8,87,1.1,3.6,100
2025-07-05T10:00,25.8,88,0.2,5.6,100
2025-07-05T11:00,25.9,88,0.1,3.8,100
2025-07-05T12:00,25.9,87,0.1,5.8,100
2025-07-05T13:00,25.9,87,0.6,5.8,100
2025-07-05T14:00,26.1,85,0.4,6,100
2025-07-05T15:00,27,82,0,2.3,100
2025-07-05T16:00,27.5,79,0,2.9,100
2025-07-05T17:00,27.3,81,0,3.4,100
2025-07-05T18:00,26.7,87,0,5,99
2025-07-05T19:00,26,92,0,7,99
2025-07-05T20:00,25.6,93,0,6.7,98
2025-07-05T21:00,26.3,88,0,6.6,100
2025-07-05T22:00,26.1,90,0,1.3,100
2025-07-05T23:00,26.2,90,0,4.1,100
2025-07-06T00:00,26.3,90,0.1,6.4,100
2025-07-06T01:00,26.5,87,0,6.7,34
2025-07-06T02:00,26.3,86,0,2.9,7
2025-07-06T03:00,25.4,91,0,3.9,11
2025-07-06T04:00,24.7,93,0,4.9,43
2025-07-06T05:00,24.3,93,0,4.8,69
2025-07-06T06:00,24.3,91,0,4.8,67
2025-07-06T07:00,24.9,89,0,4.4,36
2025-07-06T08:00,26.2,84,0,4.2,45
2025-07-06T09:00,26.7,81,0,4.6,50
2025-07-06T10:00,28.3,75,0,4.1,15
2025-07-06T11:00,29.4,71,0,2.2,33
2025-07-06T12:00,29.9,68,0,2.9,46
2025-07-06T13:00,29.7,68,0,7.2,53
2025-07-06T14:00,29,70,0,9.8,69
2025-07-06T15:00,28.5,72,0,8.2,57
2025-07-06T16:00,28.5,76,0,4.2,97
2025-07-06T17:00,28.1,78,0.1,5,97
2025-07-06T18:00,27.3,85,0,8.9,98
2025-07-06T19:00,26.4,89,0,7.9,96
2025-07-06T20:00,26,90,0,6.4,94
2025-07-06T21:00,26.6,87,0,5.8,92
2025-07-06T22:00,26.3,89,0,4.4,99
2025-07-06T23:00,26,90,0,2.4,100
2025-07-07T00:00,25.6,93,0,2.7,58
2025-07-07T01:00,25.2,93,0,4.3,78
2025-07-07T02:00,24.9,91,0,4.6,100
2025-07-07T03:00,24.5,91,0,6.2,7
2025-07-07T04:00,24.2,90,0,7.6,14
2025-07-07T05:00,23.9,90,0,7.3,41
2025-07-07T06:00,23.9,90,0,6.8,57
2025-07-07T07:00,24.1,89,0,6.5,13
2025-07-07T08:00,25.6,86,0,5.1,10
2025-07-07T09:00,27.8,77,0,3.4,1
2025-07-07T10:00,28.9,70,0,2.2,11
2025-07-07T11:00,29.4,65,0,5.1,21
2025-07-07T12:00,29.5,64,0,5.9,32
2025-07-07T13:00,29.7,64,0,5.5,29
2025-07-07T14:00,29.7,61,0,6.6,27
2025-07-07T15:00,29.9,59,0,8.3,24
2025-07-07T16:00,29.6,63,0,7.9,11
2025-07-07T17:00,28.9,70,0,7,10
2025-07-07T18:00,27.7,81,0,5.9,28
2025-07-07T19:00,27,86,0,2.1,27
2025-07-07T20:00,26.7,80,0,8.1,66
2025-07-07T21:00,26.7,76,0,10.4,93
2025-07-07T22:00,26.1,77,0,9.4,60
2025-07-07T23:00,25.4,82,0,5.1,49
2025-07-08T00:00,24.9,88,0,2.1,86
2025-07-08T01:00,24.7,91,0,4.7,94
2025-07-08T02:00,24.7,90,0,3.7,65
2025-07-08T03:00,24.5,90,0,2.8,20
2025-07-08T04:00,23.9,92,0,4.3,26
2025-07-08T05:00,23.2,91,0,6.2,23
2025-07-08T06:00,22.9,89,0,7,19
2025-07-08T07:00,23.4,86,0,6.6,24
2025-07-08T08:00,25.2,83,0,5.7,20
2025-07-08T09:00,27.1,76,0,3.5,94
2025-07-08T10:00,28.1,72,0,2.5,89
2025-07-08T11:00,28.6,69,0,4,100
2025-07-08T12:00,28.6,71,0.2,7.7,77
2025-07-08T13:00,28.4,73,0.1,9.3,77
2025-07-08T14:00,28,73,0.3,9.2,40
2025-07-08T15:00,28.3,69,0.1,10.1,90
2025-07-08T16:00,28.1,68,0,10.5,50
2025-07-08T17:00,27.4,72,0,10.6,100
2025-07-08T18:00,26.7,79,0,10,100
2025-07-08T19:00,26.5,80,0,10.6,100
2025-07-08T20:00,26,83,0,10.5,100
2025-07-08T21:00,26,87,0,6.6,100
2025-07-08T22:00,25.7,87,0.1,6.9,100
2025-07-08T23:00,25.7,85,0,8.6,100
2025-07-09T00:00,25.6,84,0,8.7,100
2025-07-09T01:00,25.2,85,0,8.9,42
2025-07-09T02:00,24.8,88,0,7.7,26
2025-07-09T03:00,24.6,89,0,6.9,15
2025-07-09T04:00,24.6,88,0,7.6,12
2025-07-09T05:00,24.5,87,0,8.5,12
2025-07-09T06:00,24.3,86,0,7.7,25
2025-07-09T07:00,24.4,86,0,10.1,15
2025-07-09T08:00,25.6,82,0,8.5,16
2025-07-09T09:00,27.8,74,0,11,28
2025-07-09T10:00,28.9,67,0,9.5,5
2025-07-09T11:00,29.7,63,0,8,13
2025-07-09T12:00,30.1,63,0,7.5,27
2025-07-09T13:00,29.6,66,0.3,12.4,33
2025-07-09T14:00,28.5,70,0.7,15.9,65
2025-07-09T15:00,29.1,67,0.2,13.3,69
2025-07-09T16:00,26.7,79,0.4,16,55
2025-07-09T17:00,27.2,80,0.8,9,87
2025-07-09T18:00,26.8,87,0.1,9,100
2025-07-09T19:00,26.5,87,0,8.5,100
2025-07-09T20:00,26.1,89,0,7.1,100
2025-07-09T21:00,25.5,91,0,1.2,100
2025-07-09T22:00,25.2,93,0.1,5.5,100
2025-07-09T23:00,24.9,92,0.2,2.4,100
2025-07-10T00:00,24.9,92,0,1.6,100
2025-07-10T01:00,25,89,0,0.4,100
2025-07-10T02:00,24.6,92,0,2.7,100
2025-07-10T03:00,24.3,96,0,3.4,100
2025-07-10T04:00,24.2,95,0,3.7,100
2025-07-10T05:00,24.1,94,0,4.8,100
2025-07-10T06:00,24,92,0,5,100
2025-07-10T07:00,24.3,90,0,4.3,92
2025-07-10T08:00,25.7,86,0,1,41
2025-07-10T09:00,27,82,0,3.3,80
2025-07-10T10:00,27.9,78,0,5.8,41
2025-07-10T11:00,28.2,77,0.1,5.9,40
2025-07-10T12:00,28,76,0.1,5.2,48
2025-07-10T13:00,28.3,73,0,4.2,100
2025-07-10T14:00,26.9,80,0.1,4.4,100
2025-07-10T15:00,26.4,84,0.7,3,100
2025-07-10T16:00,26.5,84,0.5,1.4,99
2025-07-10T17:00,26,85,0.1,7.6,95
2025-07-10T18:00,25.2,89,0.1,7,92
2025-07-10T19:00,24.8,93,0,3.8,79
2025-07-10T20:00,24.8,94,0,3.4,79
2025-07-10T21:00,24.7,92,0,7.6,100
2025-07-10T22:00,24.3,92,0,6.5,100
2025-07-10T23:00,24.2,91,0,5.2,98
2025-07-11T00:00,24.4,90,0,3.8,84
2025-07-11T01:00,24.2,93,0,4.5,100
2025-07-11T02:00,24.1,93,0,4.8,100
2025-07-11T03:00,23.9,94,0,4.8,100
2025-07-11T04:00,23.7,93,0,6.4,100
2025-07-11T05:00,23.5,92,0,5.1,100
2025-07-11T06:00,23.7,91,0,2.8,100
2025-07-11T07:00,24,91,0,2.8,100
2025-07-11T08:00,25.5,86,0,3.5,35
2025-07-11T09:00,25.4,86,0,1.9,100
2025-07-11T10:00,26.8,83,0,1.1,100
2025-07-11T11:00,27.7,80,0,1.2,100
2025-07-11T12:00,28.1,79,0,2.8,100
2025-07-11T13:00,28.2,79,0,5,100
2025-07-11T14:00,28.1,79,0,5.8,98
2025-07-11T15:00,28.1,78,0,7,86
2025-07-11T16:00,27.7,75,0,7.4,100
2025-07-11T17:00,27.4,75,0,5.6,100
2025-07-11T18:00,27.1,78,0,5.8,100
2025-07-11T19:00,27.1,80,0,6.1,100
2025-07-11T20:00,27.2,80,0,5.5,100
2025-07-11T21:00,27.3,74,0,10.7,100
2025-07-11T22:00,26.7,78,0,7.7,100
2025-07-11T23:00,25.9,85,0,5.3,96
2025-07-12T00:00,25.4,90,0,6.4,83
2025-07-12T01:00,25.1,92,0,5.8,100
2025-07-12T02:00,25.2,93,0,3.1,100
2025-07-12T03:00,25.2,94,0,1,90
2025-07-12T04:00,25.6,91,0,2.3,100
2025-07-12T05:00,26.1,88,0,5.3,100
2025-07-12T06:00,26.1,89,0,3.5,98
2025-07-12T07:00,26,88,0,3.3,85
2025-07-12T08:00,27.1,85,0,4,100
2025-07-12T09:00,28.4,81,0,2.5,95
2025-07-12T10:00,29.2,77,0.1,6.6,100
2025-07-12T11:00,29.6,73,0,7.3,95
2025-07-12T12:00,29.8,69,0,8.8,91
2025-07-12T13:00,29.7,68,0.1,7.9,52
2025-07-12T14:00,29.9,68,0.1,9.6,53
2025-07-12T15:00,29.6,69,0.5,9.7,50
2025-07-12T16:00,29.2,71,0,3.4,45
2025-07-12T17:00,28.2,77,0.7,5.2,67
2025-07-12T18:00,27.2,84,0,6.9,90
2025-07-12T19:00,26.6,89,0,7.7,44
2025-07-12T20:00,26.1,90,0,6.1,47
2025-07-12T21:00,26,90,0,5.6,95
2025-07-12T22:00,26.1,89,0,3.5,83
2025-07-12T23:00,26.2,89,0,2.2,41
2025-07-13T00:00,25.6,90,0,4.3,58
2025-07-13T01:00,25.1,93,0,3.8,21
2025-07-13T02:00,24.6,93,0,4.7,33
2025-07-13T03:00,24.2,92,0,6.3,11
2025-07-13T04:00,23.9,91,0,7,67
2025-07-13T05:00,23.8,90,0,7.4,86
2025-07-13T06:00,23.7,91,0,6.7,75
2025-07-13T07:00,24.5,88,0,4.7,100
2025-07-13T08:00,26.2,85,0,2.8,100
2025-07-13T09:00,27.8,79,0,1.2,90
2025-07-13T10:00,29.1,74,0,3.6,64
2025-07-13T11:00,29.7,71,0,4.4,99
2025-07-13T12:00,29.9,70,0,5,100
2025-07-13T13:00,29.6,70,0,8.3,100
2025-07-13T14:00,29.5,68,0,7.2,100
2025-07-13T15:00,29.5,66,0,5.7,100
2025-07-13T16:00,29.3,67,0,3.5,100
2025-07-13T17:00,28.8,70,0,3.3,100
2025-07-13T18:00,28.2,76,0,5.9,100
2025-07-13T19:00,27.8,84,0,8.2,100
2025-07-13T20:00,27.5,85,0,8.6,100
2025-07-13T21:00,27.2,86,0,4.7,100
2025-07-13T22:00,26.8,89,0,1.4,100
2025-07-13T23:00,26.6,91,0,5.2,100
2025-07-14T00:00,26.7,90,0,6.5,100
2025-07-14T01:00,26.9,88,0.1,7.7,100
2025-07-14T02:00,26.9,87,0.2,6.5,100
2025-07-14T03:00,26,91,0.1,4.7,100
2025-07-14T04:00,25.2,95,0,6.9,100
2025-07-14T05:00,25.3,93,0.1,5.2,100
2025-07-14T06:00,25.1,91,0.3,4.6,100
2025-07-14T07:00,25.3,93,0.3,3.3,99
2025-07-14T08:00,26.2,91,0.1,3.3,100
2025-07-14T09:00,28.2,77,0,4.3,99
2025-07-14T10:00,29.1,75,0,1.5,98
2025-07-14T11:00,29.7,73,0,5.4,100
2025-07-14T12:00,29.3,75,0,6.3,90
2025-07-14T13:00,29.2,74,0.3,6.2,89
2025-07-14T14:00,29.6,71,0.3,5.6,79
2025-07-14T15:00,28.8,75,0.4,4.5,99
2025-07-14T16:00,25.6,90,8.5,8.1,100
2025-07-14T17:00,25.2,90,1.3,3.3,100
2025-07-14T18:00,25.2,93,1.2,0.9,100
2025-07-14T19:00,25.1,93,0.2,2,97
2025-07-14T20:00,24.8,96,0,3.2,83
2025-07-14T21:00,25.2,94,0,3.6,91
2025-07-14T22:00,24.8,96,0,4.5,99
2025-07-14T23:00,24.6,97,0,3.3,91
2025-07-15T00:00,24.5,96,0,0.4,99
2025-07-15T01:00,24.5,94,0,0.4,100
2025-07-15T02:00,24.5,94,0,0.6,98
2025-07-15T03:00,24.2,94,0,2.2,100
2025-07-15T04:00,24,94,0,2.2,99
2025-07-15T05:00,23.9,95,0,2.1,96
2025-07-15T06:00,24.1,94,0,4.1,100
2025-07-15T07:00,24.7,92,0,2.9,100
2025-07-15T08:00,25.9,86,0,2.7,99
2025-07-15T09:00,27.1,81,0,1.5,100
2025-07-15T10:00,28,79,0.1,2.2,100
2025-07-15T11:00,28.4,78,0.2,5.7,100
2025-07-15T12:00,28.3,78,0.2,7,100
2025-07-15T13:00,28.2,79,0.2,6.2,100
2025-07-15T14:00,28.2,80,0.4,5.1,100
2025-07-15T15:00,28.1,78,0.3,3.2,100
2025-07-15T16:00,27.6,81,0.3,3.6,99
2025-07-15T17:00,27.3,81,0.1,3,73
2025-07-15T18:00,27,82,0,1.3,52
2025-07-15T19:00,26.5,85,0,1.1,100
2025-07-15T20:00,26.1,88,0,2.1,96
2025-07-15T21:00,25.4,93,0,5.5,62
2025-07-15T22:00,25.3,94,0,3.9,94
2025-07-15T23:00,25.1,95,0,3.9,100
2025-07-16T00:00,24.9,94,0,5.4,100
2025-07-16T01:00,24.7,93,0,5.1,100
2025-07-16T02:00,24.5,94,0,2.2,100
2025-07-16T03:00,24.3,95,0,3.5,100
2025-07-16T04:00,24.1,94,0,4.5,100
2025-07-16T05:00,23.8,94,0,4.4,47
2025-07-16T06:00,23.7,91,0,4.6,13
2025-07-16T07:00,24.2,89,0,4.7,36
2025-07-16T08:00,25.7,84,0,4.1,13
2025-07-16T09:00,26.9,74,0,1.6,86
2025-07-16T10:00,28,68,0,1.5,25
2025-07-16T11:00,28.7,67,0,2.8,21
2025-07-16T12:00,28.8,68,0,6.7,51
2025-07-16T13:00,28.8,64,0,9.3,78
2025-07-16T14:00,28.7,66,0,10.3,26
2025-07-16T15:00,29.1,68,0,8.4,16
2025-07-16T16:00,29.2,67,0,3.5,18
2025-07-16T17:00,29.1,67,0,3.7,9
2025-07-16T18:00,28,77,0,5.8,10
2025-07-16T19:00,27,85,0,4.3,5
2025-07-16T20:00,26.5,90,0,1.7,3
2025-07-16T21:00,26.3,90,0,1,4
2025-07-16T22:00,26,88,0,5.6,76
2025-07-16T23:00,25.3,90,0,4.5,97
2025-07-17T00:00,24.3,96,0,5.1,100
2025-07-17T01:00,24.5,94,0,6.1,99
2025-07-17T02:00,24.6,90,0,5.9,100
2025-07-17T03:00,23.7,93,0,4.1,92
2025-07-17T04:00,23.1,92,0,4.2,90
2025-07-17T05:00,22.7,91,0,4.8,99
2025-07-17T06:00,22.4,86,0,5.7,100
2025-07-17T07:00,22.6,82,0,4.2,100
2025-07-17T08:00,24.2,78,0,2.4,100
2025-07-17T09:00,26.4,74,0,2.7,100
2025-07-17T10:00,28,69,0,3.8,100
2025-07-17T11:00,29.1,61,0,4.6,100
2025-07-17T12:00,29.8,57,0,4.3,100
2025-07-17T13:00,30.2,56,0,4,30
2025-07-17T14:00,30.4,56,0,6.1,27
2025-07-17T15:00,30.4,56,0,8.9,5
2025-07-17T16:00,30.1,57,0,12.3,13
2025-07-17T17:00,28.9,62,0,15.9,9
2025-07-17T18:00,27.2,67,0,15.5,1
2025-07-17T19:00,26,70,0,12.8,1
2025-07-17T20:00,25.4,72,0,9,1
2025-07-17T21:00,24.9,76,0,5.5,1
2025-07-17T22:00,24.4,83,0,3.5,97
2025-07-17T23:00,23.8,89,0,4.7,95
2025-07-18T00:00,23.4,93,0,4.5,99
2025-07-18T01:00,23.5,87,0,4.7,74
2025-07-18T02:00,23.4,81,0,5.7,3
2025-07-18T03:00,22.8,81,0,5.2,1
2025-07-18T04:00,22.2,84,0,4.6,63
2025-07-18T05:00,21.7,86,0,4.8,100
2025-07-18T06:00,21.3,88,0,5.3,96
2025-07-18T07:00,21.3,88,0,5.5,100
2025-07-18T08:00,23,82,0,4.1,100
2025-07-18T09:00,25.5,72,0,2.2,99
2025-07-18T10:00,27.5,59,0,3.3,47
2025-07-18T11:00,29,41,0,3.3,95
2025-07-18T12:00,29.4,40,0,5.4,93
2025-07-18T13:00,29.3,49,0,6.6,100
2025-07-18T14:00,29,57,0,8.8,100
2025-07-18T15:00,28.6,58,0,15.7,78
2025-07-18T16:00,28.3,59,0,20.2,6
2025-07-18T17:00,28,59,0,18.6,1
2025-07-18T18:00,27,65,0,16.9,31
2025-07-18T19:00,26.1,68,0,15,39
2025-07-18T20:00,25.4,70,0,13.6,90
2025-07-18T21:00,25.2,72,0,11.6,12
2025-07-18T22:00,24.9,74,0,7.9,13
2025-07-18T23:00,24.6,75,0,6.4,9
2025-07-19T00:00,24,78,0,6.2,37
2025-07-19T01:00,23.2,81,0,6.1,15
2025-07-19T02:00,22.4,84,0,4.8,7
2025-07-19T03:00,21.5,90,0,5.8,28
2025-07-19T04:00,20.8,90,0,7.7,30
2025-07-19T05:00,20.8,86,0,6.5,41
2025-07-19T06:00,21.1,82,0,6,100
2025-07-19T07:00,21.5,79,0,6.2,99
2025-07-19T08:00,23,75,0,5.9,60
2025-07-19T09:00,26.2,66,0,5.4,83
2025-07-19T10:00,27.9,59,0,4.8,6
2025-07-19T11:00,29.1,51,0,0.6,23
2025-07-19T12:00,29.6,49,0,3.3,0
2025-07-19T13:00,29.9,48,0,5.3,2
2025-07-19T14:00,29.9,48,0,7.3,1
2025-07-19T15:00,29.7,50,0,7.4,5
2025-07-19T16:00,29.2,52,0,10.7,6
2025-07-19T17:00,27.9,57,0,13.9,0
2025-07-19T18:00,26.9,60,0,14.6,0
2025-07-19T19:00,26.5,65,0,13.3,2
2025-07-19T20:00,25.6,71,0,10.6,15
2025-07-19T21:00,25.5,72,0,9.9,24
2025-07-19T22:00,24.6,77,0,7.5,3
2025-07-19T23:00,23.9,80,0,6.7,4
2025-07-20T00:00,23.4,83,0,7.6,5
2025-07-20T01:00,23.1,83,0,6.2,4
2025-07-20T02:00,22.9,83,0,5,5
2025-07-20T03:00,22.7,83,0,4.4,16
2025-07-20T04:00,22.2,86,0,5.5,12
2025-07-20T05:00,21.6,87,0,6.1,34
2025-07-20T06:00,21.2,87,0,5.7,12
2025-07-20T07:00,21.3,85,0,4.3,23
2025-07-20T08:00,23.2,73,0,2.1,25
2025-07-20T09:00,25.7,71,0,4.6,18
2025-07-20T10:00,27.7,61,0,4.5,52
2025-07-20T11:00,28.9,54,0,3.2,48
2025-07-20T12:00,29.6,51,0,4.7,87
2025-07-20T13:00,30.3,46,0,5.5,36
2025-07-20T14:00,30.7,44,0,7.6,19
2025-07-20T15:00,30.6,45,0,9.8,16
2025-07-20T16:00,30.3,49,0,10.5,0
2025-07-20T17:00,30.1,52,0,8.3,0
2025-07-20T18:00,29.2,56,0,6.7,0
2025-07-20T19:00,28,64,0,4.6,0
2025-07-20T20:00,26.9,72,0,4,0
2025-07-20T21:00,27.2,67,0,6.6,0
2025-07-20T22:00,26.1,72,0,4.2,0
2025-07-20T23:00,25.5,78,0,2.3,0
2025-07-21T00:00,24.9,81,0,3.1,0
2025-07-21T01:00,24.3,83,0,2,1
2025-07-21T02:00,24.3,84,0,3,0
2025-07-21T03:00,24.5,85,0,4,0
2025-07-21T04:00,23.8,90,0,4.3,0
2025-07-21T05:00,23.3,89,0,6.8,1
2025-07-21T06:00,22.9,85,0,6.7,1
2025-07-21T07:00,23.2,84,0,6.1,1
2025-07-21T08:00,25.5,74,0,3.9,2
2025-07-21T09:00,27.6,69,0,3.8,21
2025-07-21T10:00,29.4,63,0,4.8,16
2025-07-21T11:00,30.4,57,0,7.8,40
2025-07-21T12:00,30.1,59,0.1,12.6,75
2025-07-21T13:00,29.8,60,0.1,15.1,94
2025-07-21T14:00,29.3,63,0,16.1,99
2025-07-21T15:00,29.2,67,0,14.4,19
2025-07-21T16:00,29.3,69,0,10.4,30
2025-07-21T17:00,29.5,67,0,9.3,16
2025-07-21T18:00,29.2,68,0,8.5,23
2025-07-21T19:00,28.5,72,0,8.8,22
2025-07-21T20:00,27.6,76,0,7.2,13
2025-07-21T21:00,27.2,77,0,7.1,12
2025-07-21T22:00,26.9,83,0,6.6,10
2025-07-21T23:00,26.9,84,0,7,13
2025-07-22T00:00,26.3,86,0,6.5,8
2025-07-22T01:00,25.4,88,0,5.6,7
2025-07-22T02:00,25.2,88,0,4.4,2
2025-07-22T03:00,25.2,87,0,3.4,7
2025-07-22T04:00,25,87,0,3.1,5
2025-07-22T05:00,24.7,87,0,2.8,34
2025-07-22T06:00,24.1,90,0,3.4,88
2025-07-22T07:00,24,90,0,3.4,88
2025-07-22T08:00,25.7,79,0,3.1,90
2025-07-22T09:00,27.9,71,0,0.3,81
2025-07-22T10:00,28.9,66,0,2.8,75
2025-07-22T11:00,29.7,63,0,6,61
2025-07-22T12:00,30.1,61,0,8.3,88
2025-07-22T13:00,30.2,60,0,8.8,93
2025-07-22T14:00,30.5,60,0,5.6,94
2025-07-22T15:00,30.9,58,0,3.5,89
2025-07-22T16:00,31.1,56,0,2.5,96
2025-07-22T17:00,30.5,59,0,2.1,100
2025-07-22T18:00,29.3,65,0,3.3,99
2025-07-22T19:00,28.5,72,0,3.8,96
2025-07-22T20:00,28,76,0,5.4,97
2025-07-22T21:00,27.7,79,0,5.1,97
2025-07-22T22:00,27.3,80,0,4.8,87
2025-07-22T23:00,26.7,84,0,1.7,92
2025-07-23T00:00,26.5,85,0,3.1,32
2025-07-23T01:00,26.4,85,0,2.7,5
2025-07-23T02:00,26,87,0,1.6,17
2025-07-23T03:00,25.6,89,0,2.3,15
2025-07-23T04:00,25.4,90,0,2.8,9
2025-07-23T05:00,25.1,90,0,6.4,8
2025-07-23T06:00,24.7,88,0,7.1,2
2025-07-23T07:00,25,84,0,6,5
2025-07-23T08:00,26.9,75,0,3.7,0
2025-07-23T09:00,28.5,72,0,2.9,2
2025-07-23T10:00,29.8,66,0,1.7,0
2025-07-23T11:00,30.7,61,0,2.8,6
2025-07-23T12:00,31,60,0,6.1,4
2025-07-23T13:00,30.8,62,0,7.8,9
2025-07-23T14:00,30.8,59,0,8,12
2025-07-23T15:00,30.8,57,0,8.7,6
2025-07-23T16:00,30.5,59,0,8.8,6
2025-07-23T17:00,29.8,66,0,7.7,2
2025-07-23T18:00,29.2,70,0,7.2,12
2025-07-23T19:00,29,71,0,5.6,9
2025-07-23T20:00,28.8,69,0,8.3,1
2025-07-23T21:00,28.9,72,0,8.1,0
2025-07-23T22:00,28.4,75,0,7.5,0
2025-07-23T23:00,27.7,78,0,5.2,0
2025-07-24T00:00,27.2,81,0,4.1,0
2025-07-24T01:00,26.9,82,0,2.7,1
2025-07-24T02:00,26.7,83,0,2,1
2025-07-24T03:00,26.2,85,0,3.5,1
2025-07-24T04:00,25.3,85,0,7.2,18
2025-07-24T05:00,24.7,84,0,6.7,0
2025-07-24T06:00,24.3,82,0,5.8,1
2025-07-24T07:00,24.9,78,0,4.7,0
2025-07-24T08:00,27,71,0,2.9,0
2025-07-24T09:00,29,66,0,1.1,0
2025-07-24T10:00,30.4,61,0,2.5,2
2025-07-24T11:00,31.1,61,0,5.4,0
2025-07-24T12:00,31.3,62,0,7.6,1
2025-07-24T13:00,31.4,59,0,9.8,3
2025-07-24T14:00,31.3,57,0,11.3,2
2025-07-24T15:00,30.7,60,0,12.2,1
2025-07-24T16:00,30.3,63,0,9.8,0
2025-07-24T17:00,30.1,64,0,5.7,0
2025-07-24T18:00,29.9,63,0,1.9,0
2025-07-24T19:00,29.8,63,0,2.3,0
2025-07-24T20:00,29.3,68,0,3.4,0
2025-07-24T21:00,28.7,78,0,8.9,0
2025-07-24T22:00,28.4,77,0,7.9,0
2025-07-24T23:00,27.9,79,0,6.7,0
2025-07-25T00:00,27.3,82,0,5.2,0
2025-07-25T01:00,26.9,83,0,4,0
2025-07-25T02:00,26.7,83,0,3.1,2
2025-07-25T03:00,26.5,83,0,0.6,2
2025-07-25T04:00,26.2,85,0,2.2,0
2025-07-25T05:00,25.8,87,0,2.7,1
2025-07-25T06:00,25.3,89,0,1.8,3
2025-07-25T07:00,26,85,0,2.8,0
2025-07-25T08:00,27.9,74,0,2.5,0
2025-07-25T09:00,29.8,63,0,2.2,0
2025-07-25T10:00,30.9,59,0,3.2,0
2025-07-25T11:00,31.6,57,0,3.7,0
2025-07-25T12:00,31.9,56,0,6.3,1
2025-07-25T13:00,32.1,55,0,9.5,2
2025-07-25T14:00,32.2,50,0,12.3,2
2025-07-25T15:00,32.3,53,0,10.6,52
2025-07-25T16:00,32.5,56,0,4.9,45
2025-07-25T17:00,32.5,56,0,3.2,28
2025-07-25T18:00,31.6,59,0,3.7,16
2025-07-25T19:00,30.6,62,0,6.4,41
2025-07-25T20:00,29.8,64,0,7.3,2
2025-07-25T21:00,29.2,65,0,9.4,1
2025-07-25T22:00,28.6,67,0,5.2,0
2025-07-25T23:00,28.2,68,0,2.3,0
2025-07-26T00:00,27.8,70,0,1.6,0
2025-07-26T01:00,27.6,72,0,6.4,0
2025-07-26T02:00,27.4,74,0,4.9,0
2025-07-26T03:00,26.7,78,0,2.7,0
2025-07-26T04:00,26.4,80,0,6.1,1
2025-07-26T05:00,26.2,81,0,6.4,1
2025-07-26T06:00,26,80,0,4.8,0
2025-07-26T07:00,26.2,75,0,5.3,0
2025-07-26T08:00,28,66,0,4.7,0
2025-07-26T09:00,29.4,65,0,2.4,0
2025-07-26T10:00,30.8,58,0,2.4,0
2025-07-26T11:00,31.8,53,0,5.5,0
2025-07-26T12:00,32.3,49,0,8.5,0
2025-07-26T13:00,32.4,47,0,12.6,0
2025-07-26T14:00,32.4,51,0,11.8,2
2025-07-26T15:00,32.9,52,0,5.4,7
2025-07-26T16:00,33.2,51,0,7,18
2025-07-26T17:00,32.6,54,0,6.7,21
2025-07-26T18:00,31.4,59,0,4,6
2025-07-26T19:00,30.4,63,0,3.6,1
2025-07-26T20:00,29.9,65,0,3.1,2
2025-07-26T21:00,29.1,68,0,3,3
2025-07-26T22:00,28.7,70,0,2.3,99
2025-07-26T23:00,28.3,73,0,3.1,19
2025-07-27T00:00,27.9,76,0,5.8,35
2025-07-27T01:00,27.6,79,0,5.2,100
2025-07-27T02:00,27.3,81,0,4.6,100
2025-07-27T03:00,26.9,82,0,4.6,100
2025-07-27T04:00,26.4,83,0,2.7,99
2025-07-27T05:00,26,86,0,2.4,94
2025-07-27T06:00,25.7,86,0,5.8,100
2025-07-27T07:00,25.9,84,0,6.4,100
2025-07-27T08:00,27.6,74,0,4.7,98
2025-07-27T09:00,29.6,64,0,0.2,47
2025-07-27T10:00,30.8,57,0,4,0
2025-07-27T11:00,31.2,56,0,7.3,3
2025-07-27T12:00,31.3,55,0,9.5,6
2025-07-27T13:00,31.3,54,0,12.6,34
2025-07-27T14:00,31.2,55,0,11.2,37
2025-07-27T15:00,31.6,56,0,8.4,62
2025-07-27T16:00,31.1,56,0,8.3,53
2025-07-27T17:00,29.7,63,0,13.6,90
2025-07-27T18:00,28.6,67,0,11.8,94
2025-07-27T19:00,28.2,67,0,7.3,100
2025-07-27T20:00,27.6,71,0,5.2,100
2025-07-27T21:00,28.5,71,0,2.6,10
2025-07-27T22:00,28,74,0,3.4,17
2025-07-27T23:00,27.5,76,0,3.3,54
2025-07-28T00:00,27,78,0,4.2,49
2025-07-28T01:00,26.5,79,0,4.2,93
2025-07-28T02:00,26.1,81,0,3.1,95
2025-07-28T03:00,25.7,83,0,2.9,100
2025-07-28T04:00,25.5,85,0,2.7,97
2025-07-28T05:00,24.9,87,0,4.5,100
2025-07-28T06:00,24.5,85,0,6.3,97
2025-07-28T07:00,24.9,80,0,5.7,3
2025-07-28T08:00,26.8,70,0,2.5,22
2025-07-28T09:00,28.8,65,0,0.9,4
2025-07-28T10:00,30.5,58,0,4.5,1
2025-07-28T11:00,31.4,53,0,7.4,1
2025-07-28T12:00,32,51,0,9.9,5
2025-07-28T13:00,32.6,48,0,10.6,13
2025-07-28T14:00,32.7,49,0,10.2,22
2025-07-28T15:00,32.4,51,0,9.3,31
2025-07-28T16:00,32.1,51,0,6.1,50
2025-07-28T17:00,31.9,51,0,3.7,39
2025-07-28T18:00,31.3,53,0,3.5,24
2025-07-28T19:00,30.5,57,0,2,15
2025-07-28T20:00,29.6,61,0,1.2,7
2025-07-28T21:00,29,67,0,5.2,5
2025-07-28T22:00,28.3,70,0,2.7,1
2025-07-28T23:00,27.7,73,0,3.7,0
2025-07-29T00:00,27.4,76,0,7.1,0
2025-07-29T01:00,27.2,75,0,6.2,3
2025-07-29T02:00,26.8,75,0,1.9,3
2025-07-29T03:00,26.2,80,0,4.6,1
2025-07-29T04:00,25.7,82,0,6.4,1
2025-07-29T05:00,25.5,81,0,5.8,8
2025-07-29T06:00,25.3,81,0,5,9
2025-07-29T07:00,25.5,80,0,3.6,9
2025-07-29T08:00,27.2,73,0,1.2,0
2025-07-29T09:00,28.7,66,0,3.1,0
2025-07-29T10:00,30.3,59,0,1.4,15
2025-07-29T11:00,31.6,51,0,3.2,7
2025-07-29T12:00,31.9,49,0.1,4,24
2025-07-29T13:00,32.4,47,0.4,6.8,35
2025-07-29T14:00,32.2,49,0.7,10.3,43
2025-07-29T15:00,31.9,51,0.6,9.4,40
2025-07-29T16:00,32,51,0.5,8.8,29
2025-07-29T17:00,31.3,56,0.3,10.9,31
2025-07-29T18:00,29.6,65,0,15.5,10
2025-07-29T19:00,28,71,0,15.2,6
2025-07-29T20:00,27.5,73,0,11.6,5
2025-07-29T21:00,27.9,71,0,4.4,1
2025-07-29T22:00,27.8,72,0,1.2,1
2025-07-29T23:00,27.4,74,0,2.1,11
2025-07-30T00:00,27.2,76,0,3.3,7
2025-07-30T01:00,26.9,79,0,5.1,24
2025-07-30T02:00,26.7,80,0,6.1,27
2025-07-30T03:00,26.5,81,0,5,30
2025-07-30T04:00,26.1,83,0,5.1,8
2025-07-30T05:00,26,85,0,5.5,23
2025-07-30T06:00,25.6,88,0,3.3,80
2025-07-30T07:00,25.5,90,0,3,87
2025-07-30T08:00,27.2,77,0,3.9,83
2025-07-30T09:00,28.5,67,0,4.7,2
2025-07-30T10:00,29.8,60,0,4.1,5
2025-07-30T11:00,30.7,57,0,5.6,9
2025-07-30T12:00,31,58,0,7.8,69
2025-07-30T13:00,30.8,60,0.3,9.6,19
2025-07-30T14:00,30.8,58,0.1,12.5,26
2025-07-30T15:00,30.6,58,0,12.7,17
2025-07-30T16:00,30.8,56,0,9,12
2025-07-30T17:00,31,57,0,7.1,17
2025-07-30T18:00,30.1,63,0,11,10
2025-07-30T19:00,29,70,0,11.7,4
2025-07-30T20:00,28.1,74,0,9.1,1
2025-07-30T21:00,27.7,77,0,7.3,0
2025-07-30T22:00,27.4,79,0,5.6,11
2025-07-30T23:00,27,79,0,7.4,25
2025-07-31T00:00,26.8,78,0,6.7,77
2025-07-31T01:00,26.4,79,0,4.9,70
2025-07-31T02:00,25.9,82,0,3.4,91
2025-07-31T03:00,25.6,85,0,2.3,77
2025-07-31T04:00,25.5,86,0,2.4,96
2025-07-31T05:00,25.4,87,0,2.8,100
2025-07-31T06:00,25.3,88,0,2.3,99
2025-07-31T07:00,25.7,87,0,3.7,35
2025-07-31T08:00,27.4,79,0,2.3,89
2025-07-31T09:00,28.8,73,0,2.4,46
2025-07-31T10:00,29.6,69,0.1,2.6,30
2025-07-31T11:00,30,68,0,6.2,35
2025-07-31T12:00,29.5,69,0.1,8.2,44
2025-07-31T13:00,30,64,0.2,8.9,68
2025-07-31T14:00,30,64,0,7.9,93
2025-07-31T15:00,30.7,62,0,8.4,22
2025-07-31T16:00,30.7,62,0.1,10.6,36
2025-07-31T17:00,30.4,64,0.3,11.8,41
2025-07-31T18:00,29.6,68,0.1,12.3,31
2025-07-31T19:00,28.7,71,0,8.8,15
2025-07-31T20:00,28,75,0,7.2,15
2025-07-31T21:00,28,78,0,4.2,6
2025-07-31T22:00,27.6,82,0,5,6
2025-07-31T23:00,27,86,0,6.3,23
2025-08-01T00:00,26.8,88,0,3.9,39
2025-08-01T01:00,26.7,89,0,2.2,23
2025-08-01T02:00,26.5,90,0,3.8,51
2025-08-01T03:00,26.3,91,0,5.3,65
2025-08-01T04:00,26.3,87,0,7.4,13
2025-08-01T05:00,25.6,90,0,4.2,44
2025-08-01T06:00,25.1,94,0,3.6,4
2025-08-01T07:00,25.2,92,0,4.3,4
2025-08-01T08:00,26.7,85,0,1.5,13
2025-08-01T09:00,28.3,79,0,2.7,12
2025-08-01T10:00,29.8,72,0,3,5
2025-08-01T11:00,30.8,65,0,3.8,16
2025-08-01T12:00,31.1,64,0.1,8.7,48
2025-08-01T13:00,30.8,62,0,8.3,46
2025-08-01T14:00,31.3,59,0.1,9,51
2025-08-01T15:00,30.9,60,0.1,0.4,49
2025-08-01T16:00,30.8,61,0,4.5,58
2025-08-01T17:00,30.9,62,0,3.4,27
2025-08-01T18:00,30.6,64,0,4.7,23
2025-08-01T19:00,29.8,68,0,7,75
2025-08-01T20:00,28.8,74,0,5.8,9
2025-08-01T21:00,28.8,72,0,5,16
2025-08-01T22:00,28.3,74,0,2,25
2025-08-01T23:00,28,76,0,3.7,22
2025-08-02T00:00,27.9,77,0,6.3,23
2025-08-02T01:00,27.7,77,0,5.6,24
2025-08-02T02:00,27.5,78,0,0.8,50
2025-08-02T03:00,27,81,0,4,19
2025-08-02T04:00,27,83,0,2.4,16
2025-08-02T05:00,26.8,84,0,2.2,12
2025-08-02T06:00,26.5,86,0,2.4,21
2025-08-02T07:00,26.6,85,0,1.9,29
2025-08-02T08:00,28.2,77,0,3.9,13
2025-08-02T09:00,29.9,67,0,6.5,10
2025-08-02T10:00,31.1,58,0,4.8,2
2025-08-02T11:00,32.1,55,0,4.7,4
2025-08-02T12:00,32.4,57,0,8.7,21
2025-08-02T13:00,31.9,61,0.2,12.6,28
2025-08-02T14:00,31.6,60,0,14.5,29
2025-08-02T15:00,31.4,62,0.1,14.2,37
2025-08-02T16:00,30.8,62,0,13.5,59
2025-08-02T17:00,30.2,63,0,11.6,74
2025-08-02T18:00,29.6,66,0,10.6,70
2025-08-02T19:00,29.4,69,0,10.9,17
2025-08-02T20:00,29.2,71,0,8.9,7
2025-08-02T21:00,29.2,72,0,7,25
2025-08-02T22:00,28.7,74,0,4.9,82
2025-08-02T23:00,28.4,73,0,2.9,54
2025-08-03T00:00,28.1,71,0,3.8,98
2025-08-03T01:00,28,66,0,6,96
2025-08-03T02:00,27.4,67,0,6.2,8
2025-08-03T03:00,26.5,78,0,5.6,1
2025-08-03T04:00,25.9,86,0,4.7,0
2025-08-03T05:00,25.5,89,0,3.5,0
2025-08-03T06:00,25.4,89,0,1.5,0
2025-08-03T07:00,26.1,86,0,2.1,0
2025-08-03T08:00,28.2,73,0,4.4,0
2025-08-03T09:00,29.6,65,0,5.8,1
2025-08-03T10:00,30.6,60,0,6.7,1
2025-08-03T11:00,31.1,57,0,5.5,21
2025-08-03T12:00,31.5,55,0.1,4.7,19
2025-08-03T13:00,31.2,59,0.1,8.7,21
2025-08-03T14:00,31.3,56,0,5.6,33
2025-08-03T15:00,31.1,56,0,3.7,31
2025-08-03T16:00,31,55,0,7.4,24
2025-08-03T17:00,30.6,56,0,8.3,5
2025-08-03T18:00,29.8,59,0,7.5,9
2025-08-03T19:00,29.5,60,0,5.9,14
2025-08-03T20:00,29.1,65,0,7,7
2025-08-03T21:00,28.8,67,0,7.1,0
2025-08-03T22:00,28.4,67,0,2.2,7
2025-08-03T23:00,27.9,72,0,6.2,25
2025-08-04T00:00,27.6,75,0,5.4,91
2025-08-04T01:00,27.2,76,0,3.1,100
2025-08-04T02:00,26.9,79,0,5.8,30
2025-08-04T03:00,26.9,79,0,7.5,1
2025-08-04T04:00,26.7,78,0,8,5
2025-08-04T05:00,26.3,80,0,4.8,29
2025-08-04T06:00,25.8,82,0,2.6,52
2025-08-04T07:00,26.2,81,0,4.6,100
2025-08-04T08:00,27.8,74,0,3.8,100
2025-08-04T09:00,29.4,62,0,2.7,95
2025-08-04T10:00,30.5,56,0,4.5,84
2025-08-04T11:00,31.2,54,0,4.2,73
2025-08-04T12:00,31.6,54,0,5.6,82
2025-08-04T13:00,31.4,55,0,8.5,99
2025-08-04T14:00,31.5,52,0,9.6,100
2025-08-04T15:00,31.7,48,0,9.2,100
2025-08-04T16:00,31.5,47,0,9.3,98
2025-08-04T17:00,31.1,50,0,7.3,100
2025-08-04T18:00,30.5,53,0,5.6,100
2025-08-04T19:00,30.1,55,0,5.8,100
2025-08-04T20:00,29.6,62,0,11.4,100
2025-08-04T21:00,28.9,68,0,12.3,100
2025-08-04T22:00,28.3,71,0,14.2,100
2025-08-04T23:00,28.1,74,0,13.6,100
2025-08-05T00:00,27.5,76,0,11.9,99
2025-08-05T01:00,27.2,78,0,9,100
2025-08-05T02:00,26.8,79,0,7.1,99
2025-08-05T03:00,26.5,80,0,4.7,99
2025-08-05T04:00,25.8,81,0,4.7,94
2025-08-05T05:00,25.7,82,0,1.8,53
2025-08-05T06:00,25.9,82,0,2.1,48
2025-08-05T07:00,26.3,81,0,1.5,97
2025-08-05T08:00,27.6,74,0,4.5,97
2025-08-05T09:00,29.1,63,0,3.8,100
2025-08-05T10:00,30.3,57,0,2.4,100
2025-08-05T11:00,31.5,50,0.1,0.9,97
2025-08-05T12:00,32.1,47,0.2,1.4,98
2025-08-05T13:00,32.8,47,0,3.1,48
2025-08-05T14:00,32.4,48,0.1,4.8,52
2025-08-05T15:00,29.9,58,0.5,8.9,76
2025-08-05T16:00,30.9,55,0.1,4,85
2025-08-05T17:00,30.2,57,0.2,5,100
2025-08-05T18:00,29.5,63,0.1,5.9,100
2025-08-05T19:00,28.9,68,0,4.4,100
2025-08-05T20:00,28.4,70,0,1.5,100
2025-08-05T21:00,28.5,68,0,2.4,94
2025-08-05T22:00,28.1,70,0,2.4,95
2025-08-05T23:00,27.8,71,0,1.8,95
2025-08-06T00:00,27.2,75,0,1.2,9
2025-08-06T01:00,26.7,78,0,0.6,20
2025-08-06T02:00,26.3,82,0,0.5,91
2025-08-06T03:00,25.9,84,0,1.4,99
2025-08-06T04:00,25.7,85,0,3.1,100
2025-08-06T05:00,25.3,86,0,3.9,95
2025-08-06T06:00,25,87,0,3.7,100
2025-08-06T07:00,25.2,85,0,3.9,97
2025-08-06T08:00,26.8,75,0,3.4,100
2025-08-06T09:00,28.7,67,0,4.2,100
2025-08-06T10:00,30.3,58,0,5,99
2025-08-06T11:00,31.3,50,0.1,3.8,98
2025-08-06T12:00,31.7,47,0.1,4.6,99
2025-08-06T13:00,31.9,47,0.1,10,99
2025-08-06T14:00,31.9,49,0,13.7,100
2025-08-06T15:00,31.7,52,0.1,15.5,100
2025-08-06T16:00,31.4,54,0,16.5,75
2025-08-06T17:00,30.9,58,0,14.9,34
2025-08-06T18:00,30.3,59,0,9,33
2025-08-06T19:00,29.6,61,0,5.6,13
2025-08-06T20:00,28.8,66,0,8.6,10
2025-08-06T21:00,28.4,72,0,7.9,50
2025-08-06T22:00,27.9,76,0,9.6,75
2025-08-06T23:00,27.5,76,0,9.1,11
2025-08-07T00:00,26.9,78,0,6.6,11
2025-08-07T01:00,26.5,79,0,3.5,7
2025-08-07T02:00,26.3,80,0,4,8
2025-08-07T03:00,26,82,0,4,7
2025-08-07T04:00,25.7,84,0,2.7,0
2025-08-07T05:00,25.3,87,0,3.9,68
2025-08-07T06:00,24.9,88,0,4.2,11
2025-08-07T07:00,25.2,84,0,4,73
2025-08-07T08:00,26.8,74,0,2.9,70
2025-08-07T09:00,28.4,67,0,1.2,0
2025-08-07T10:00,29.6,62,0,4.1,0
2025-08-07T11:00,30.2,60,0,6.7,6
2025-08-07T12:00,30.4,59,0,8,11
2025-08-07T13:00,30.6,56,0,8.6,20
2025-08-07T14:00,30.9,51,0,9.7,26
2025-08-07T15:00,31.2,47,0,8.7,92
2025-08-07T16:00,31.3,46,0,8.8,71
2025-08-07T17:00,31,51,0,9,82
2025-08-07T18:00,30,60,0,10.9,41
2025-08-07T19:00,29.1,65,0,10.6,24
2025-08-07T20:00,28.8,66,0,4.1,76
2025-08-07T21:00,29,66,0,5.4,80
2025-08-07T22:00,28.5,71,0,9.3,92
2025-08-07T23:00,28,69,0,6.2,100
2025-08-08T00:00,27.1,75,0,5.2,100
2025-08-08T01:00,26.8,76,0,4.5,100
2025-08-08T02:00,26.6,76,0,1.1,100
2025-08-08T03:00,26.3,77,0,0.2,100
2025-08-08T04:00,25.9,80,0,3.1,95
2025-08-08T05:00,25.7,82,0,3.5,99
2025-08-08T06:00,25.7,83,0,2.7,99
2025-08-08T07:00,26.2,82,0,2.3,2
2025-08-08T08:00,27.8,72,0,4.4,28
2025-08-08T09:00,29.2,63,0,6,21
2025-08-08T10:00,30.1,60,0,4.2,18
2025-08-08T11:00,30.7,58,0,4.9,53
2025-08-08T12:00,31.1,58,0,6.5,50
2025-08-08T13:00,30.2,64,0,10.4,83
2025-08-08T14:00,29,70,1.7,6,32
2025-08-08T15:00,29.2,67,0.1,5,64
2025-08-08T16:00,29.5,65,0,3.8,100
2025-08-08T17:00,27,78,1.1,5.7,90
2025-08-08T18:00,26.6,80,0.1,7.6,100
2025-08-08T19:00,26.7,80,0,8.1,99
2025-08-08T20:00,26.5,83,0,7.4,100
2025-08-08T21:00,24.8,91,1.2,3.2,100
2025-08-08T22:00,24.8,91,0.2,3,99
2025-08-08T23:00,24.8,92,0,5.6,95
2025-08-09T00:00,24.6,93,0,5.2,95
2025-08-09T01:00,24.5,94,0,2,89
2025-08-09T02:00,24.7,92,0,3.5,98
2025-08-09T03:00,24.7,92,0,3.9,100
2025-08-09T04:00,24.8,92,0,3.4,100
2025-08-09T05:00,24.7,91,0,3.3,89
2025-08-09T06:00,24.6,91,0,4,60
2025-08-09T07:00,24.8,87,0,5.2,32
2025-08-09T08:00,26.1,80,0,2.4,80
2025-08-09T09:00,28.5,66,0,2.4,77
2025-08-09T10:00,29.9,60,0,3.6,94
2025-08-09T11:00,30.7,56,0,6,86
2025-08-09T12:00,30.6,57,0,7.7,26
2025-08-09T13:00,30.5,54,0,5.7,70
2025-08-09T14:00,31.4,48,0,3.1,77
2025-08-09T15:00,30.4,56,0,4.2,98
2025-08-09T16:00,29.9,62,0.1,5.9,19
2025-08-09T17:00,29.6,63,0.1,1.8,31
2025-08-09T18:00,29.3,64,0,2,100
2025-08-09T19:00,28.8,67,0,6.2,100
2025-08-09T20:00,28.4,69,0,3.9,88
2025-08-09T21:00,29,64,0,2.8,56
2025-08-09T22:00,28.9,64,0,4.1,100
2025-08-09T23:00,28.5,65,0,4.4,88
2025-08-10T00:00,27.6,72,0,3.9,98
2025-08-10T01:00,26.9,77,0,5.1,99
2025-08-10T02:00,26.3,80,0,6.5,91
2025-08-10T03:00,26.2,79,0,7.7,91
2025-08-10T04:00,26.1,79,0,6.1,29
2025-08-10T05:00,25.8,80,0,2.6,68
2025-08-10T06:00,25.6,81,0,4.6,87
2025-08-10T07:00,26.1,77,0,4.8,98
2025-08-10T08:00,27.7,71,0,3.6,99
2025-08-10T09:00,27.4,69,0.1,7.7,78
2025-08-10T10:00,28.9,60,0,6.5,100
2025-08-10T11:00,30,57,0,5.7,99
2025-08-10T12:00,30.1,57,0,7,90
2025-08-10T13:00,29.9,57,0.1,5.9,99
2025-08-10T14:00,30.4,55,0,6.4,100
2025-08-10T15:00,29.3,62,0.1,6.6,100
2025-08-10T16:00,29.1,62,0,7,100
2025-08-10T17:00,28.7,67,0.6,5.9,97
2025-08-10T18:00,28.1,71,0.2,1.9,92
2025-08-10T19:00,27.2,74,0.4,8.1,99
2025-08-10T20:00,26.9,77,0.1,4,99
2025-08-10T21:00,26.3,89,0,5.6,95
2025-08-10T22:00,26.1,92,0,5.2,99
2025-08-10T23:00,25.8,92,0,6.2,100
2025-08-11T00:00,25.8,90,0,4.9,100
2025-08-11T01:00,25.6,89,0,4.5,100
2025-08-11T02:00,25.3,88,0,4.4,100
2025-08-11T03:00,25.1,87,0,3.6,99
2025-08-11T04:00,24.9,88,0,2.7,87
2025-08-11T05:00,24.9,91,0,3.5,22
2025-08-11T06:00,24.9,93,0,1.4,9
2025-08-11T07:00,25.3,91,0,2.2,13
2025-08-11T08:00,26.8,83,0,1.7,1
2025-08-11T09:00,28.7,69,0,6,19
2025-08-11T10:00,29.3,68,0.1,3.4,34
2025-08-11T11:00,29.7,68,0.2,2.7,78
2025-08-11T12:00,29.1,71,0.6,7.2,98
2025-08-11T13:00,30,64,0.3,6.1,49
2025-08-11T14:00,30.1,66,3.6,7.7,69
2025-08-11T15:00,29.5,70,3.8,5.5,65
2025-08-11T16:00,29.8,68,0,2.6,34
2025-08-11T17:00,29.6,68,0,2.3,19
2025-08-11T18:00,28.9,73,0,3.4,63
2025-08-11T19:00,28.2,80,0,5.6,9
2025-08-11T20:00,28,80,0,6.9,12
2025-08-11T21:00,28.1,74,0,6.4,3
2025-08-11T22:00,27.5,75,0,3.4,12
2025-08-11T23:00,26.8,76,0,3.8,21
2025-08-12T00:00,26.5,75,0,1.1,15
2025-08-12T01:00,26.1,78,0,1.4,45
2025-08-12T02:00,25.7,79,0,4.1,57
2025-08-12T03:00,25.3,81,0,5.2,39
2025-08-12T04:00,24.9,83,0,4.5,51
2025-08-12T05:00,24.5,84,0,1.8,2
2025-08-12T06:00,24.3,89,0,0.7,3
2025-08-12T07:00,24.9,87,0,2.3,14
2025-08-12T08:00,26.7,78,0,4.8,19
2025-08-12T09:00,28.1,65,0,4.8,68
2025-08-12T10:00,29.2,61,0,5.5,63
2025-08-12T11:00,29.7,59,0,8.5,86
2025-08-12T12:00,29.6,57,0,11.7,100
2025-08-12T13:00,30.2,47,0,10.9,81
2025-08-12T14:00,30.9,42,0,10.3,95
2025-08-12T15:00,30.7,49,0,11.3,90
2025-08-12T16:00,30.5,51,0,6.8,95
2025-08-12T17:00,30.4,50,0,7.3,100
2025-08-12T18:00,29.7,54,0,9.2,94
2025-08-12T19:00,29.2,59,0,10.9,86
2025-08-12T20:00,28.3,66,0,5.3,40
2025-08-12T21:00,27.5,68,0,5.7,51
2025-08-12T22:00,26.9,71,0,4.2,78
2025-08-12T23:00,26.4,74,0,2.2,82
2025-08-13T00:00,26,76,0,1.6,85
2025-08-13T01:00,25.6,77,0,5.2,93
2025-08-13T02:00,25.2,76,0,6.6,94
2025-08-13T03:00,24.9,76,0,8.6,99
2025-08-13T04:00,24.6,76,0,7.4,99
2025-08-13T05:00,23.9,79,0,5.4,94
2025-08-13T06:00,23.4,80,0,3.6,98
2025-08-13T07:00,24,77,0,0.8,61
2025-08-13T08:00,26.1,63,0,1.2,89
2025-08-13T09:00,27.6,58,0,3.2,99
2025-08-13T10:00,28.8,57,0,5.2,100
2025-08-13T11:00,29.4,55,0,9.8,99
2025-08-13T12:00,29.6,55,0,10.5,100
2025-08-13T13:00,29.7,53,0,11.6,99
2025-08-13T14:00,30.2,47,0,12.6,99
2025-08-13T15:00,30.2,49,0,13.8,80
2025-08-13T16:00,30.4,47,0,8.3,94
2025-08-13T17:00,30.7,44,0,5.6,70
2025-08-13T18:00,30,46,0,7,66
2025-08-13T19:00,28.9,50,0,3.5,73
2025-08-13T20:00,28,55,0,3.7,22
2025-08-13T21:00,27.6,53,0,2.8,97
2025-08-13T22:00,27.2,55,0,4.2,99
2025-08-13T23:00,26.7,59,0,3.8,94
2025-08-14T00:00,26,63,0,2.1,98
2025-08-14T01:00,25.4,66,0,1.1,100
2025-08-14T02:00,24.7,70,0,1.8,97
2025-08-14T03:00,23.8,75,0,3.8,68
2025-08-14T04:00,23.2,80,0,2.2,13
2025-08-14T05:00,22.9,84,0,3.6,47
2025-08-14T06:00,23,84,0,3.2,0
2025-08-14T07:00,23.5,82,0,1.5,0
2025-08-14T08:00,25.5,69,0,4,89
2025-08-14T09:00,27.2,58,0,4.4,94
2025-08-14T10:00,29,49,0,3.1,95
2025-08-14T11:00,30.2,42,0,7.1,98
2025-08-14T12:00,31,40,0,11.2,96
2025-08-14T13:00,31.5,40,0,13.4,93
2025-08-14T14:00,31.9,41,0,12.2,96
2025-08-14T15:00,32.4,40,0,8.7,88
2025-08-14T16:00,32,41,0,4.9,93
2025-08-14T17:00,31.1,43,0,3.5,93
2025-08-14T18:00,30.1,46,0,5.6,93
2025-08-14T19:00,28.8,52,0,5.8,95
2025-08-14T20:00,27.8,57,0,3.2,76
2025-08-14T21:00,27.9,60,0,5.4,96
2025-08-14T22:00,27.2,63,0,3.1,97
2025-08-14T23:00,26.5,66,0,2.8,16
2025-08-15T00:00,25.9,70,0,2.9,8
2025-08-15T01:00,25.3,74,0,2.2,7
2025-08-15T02:00,24.8,76,0,4,33
2025-08-15T03:00,24.7,76,0,3.8,1
2025-08-15T04:00,24.3,76,0,4.1,4
2025-08-15T05:00,23.9,78,0,4.3,50
2025-08-15T06:00,23.5,79,0,4.9,10
2025-08-15T07:00,23.9,74,0,3.8,68
2025-08-15T08:00,26,62,0,3.3,60
2025-08-15T09:00,27.4,60,0,1.3,94
2025-08-15T10:00,29,56,0,4.1,97
2025-08-15T11:00,29.8,55,0,6.4,94
2025-08-15T12:00,29.9,53,0,8.7,87
2025-08-15T13:00,30.6,45,0,11.7,96
2025-08-15T14:00,31.3,44,0,11.6,89
2025-08-15T15:00,32,44,0,10.4,91
2025-08-15T16:00,32,44,0,11.3,94
2025-08-15T17:00,31.3,48,0,11.5,67
2025-08-15T18:00,30.3,53,0,10.1,3
2025-08-15T19:00,29.1,56,0,1,11
2025-08-15T20:00,28.1,61,0,4.2,85
2025-08-15T21:00,27.6,65,0,4.7,99
2025-08-15T22:00,27.2,70,0,3.4,86
2025-08-15T23:00,26.7,73,0,3.5,5
2025-08-16T00:00,26.4,73,0,7.9,28
2025-08-16T01:00,26.3,70,0,9.2,97
2025-08-16T02:00,26,68,0,5.4,67
2025-08-16T03:00,25.2,70,0,2.5,1
2025-08-16T04:00,24.7,72,0,3.6,14
2025-08-16T05:00,24.2,75,0,4.8,13
2025-08-16T06:00,23.8,79,0,3.4,1
2025-08-16T07:00,24.4,76,0,3.1,21
2025-08-16T08:00,26.6,65,0,1.5,73
2025-08-16T09:00,27.9,58,0,1.3,92
2025-08-16T10:00,29.5,53,0,1.5,100
2025-08-16T11:00,30.2,52,0,4.7,81
2025-08-16T12:00,30.2,54,0,8.2,91
2025-08-16T13:00,29.9,54,0,7.3,97
2025-08-16T14:00,30.1,51,0,9.5,86
2025-08-16T15:00,29.9,52,0,12.2,87
2025-08-16T16:00,29.8,54,0,11.5,100
2025-08-16T17:00,29.3,56,0,12.1,100
2025-08-16T18:00,29.2,58,0,10.9,100
2025-08-16T19:00,29,56,0,5,98
2025-08-16T20:00,28.4,58,0,4.1,100
2025-08-16T21:00,28.6,55,0,2.1,80
2025-08-16T22:00,28.1,59,0,3.9,82
2025-08-16T23:00,28,56,0,6.7,77
2025-08-17T00:00,28,55,0,7.6,64
2025-08-17T01:00,28.2,56,0,8.2,100
2025-08-17T02:00,28.1,57,0,10.4,98
2025-08-17T03:00,27.4,62,0,10.5,98
2025-08-17T04:00,26.3,67,0,10.6,93
2025-08-17T05:00,25.5,73,0,8.3,99
2025-08-17T06:00,25.8,72,0,4.7,100
2025-08-17T07:00,26.5,70,0,3.4,92
2025-08-17T08:00,28.6,62,0,6.3,100
2025-08-17T09:00,29.3,58,0,7.3,100
2025-08-17T10:00,29.4,57,0,8.3,100
2025-08-17T11:00,30.4,52,0,5,100
2025-08-17T12:00,30.5,50,0,3,90
2025-08-17T13:00,31.5,48,0,8.2,78
2025-08-17T14:00,30.5,54,0,12.2,84
2025-08-17T15:00,30,57,0,9.9,51
2025-08-17T16:00,29.2,63,0,11.1,100
2025-08-17T17:00,28.5,67,0.1,7.2,100
2025-08-17T18:00,28.3,68,0,9.1,44
2025-08-17T19:00,27.4,70,0,11,43
2025-08-17T20:00,26.9,74,0,7.3,29
2025-08-17T21:00,25.4,89,0.9,4,100
2025-08-17T22:00,25.7,88,0,0.7,100
2025-08-17T23:00,25.7,90,0.3,1.5,77
2025-08-18T00:00,25.3,93,0.1,3.3,53
2025-08-18T01:00,25.1,94,0,3.5,69
2025-08-18T02:00,24.8,95,0,4.1,100
2025-08-18T03:00,24.7,94,0,5.3,44
2025-08-18T04:00,24.4,93,0,5.8,32
2025-08-18T05:00,24.2,91,0,7.3,35
2025-08-18T06:00,24.1,89,0,7.2,22
2025-08-18T07:00,24.6,87,0,4.3,12
2025-08-18T08:00,26.5,78,0,3.6,13
2025-08-18T09:00,28.5,66,0,0.5,17
2025-08-18T10:00,29.7,60,0,4.2,35
2025-08-18T11:00,30.6,57,0,4.4,52
2025-08-18T12:00,31,57,0,7.6,79
2025-08-18T13:00,30.5,61,0,7.9,69
2025-08-18T14:00,30,64,0.1,7,87
2025-08-18T15:00,28.4,72,0.3,3.8,100
2025-08-18T16:00,27.2,78,0.6,1.8,94
2025-08-18T17:00,27.8,76,0.2,2,100
2025-08-18T18:00,27.4,79,0.4,4.5,97
2025-08-18T19:00,27,82,0.1,3.5,95
2025-08-18T20:00,26.4,86,0,4.6,92
2025-08-18T21:00,27,89,0,5.4,100
2025-08-18T22:00,26.6,91,0,4.7,100
2025-08-18T23:00,26.1,95,0,4.9,100
2025-08-19T00:00,25.6,96,0.4,6.5,100
2025-08-19T01:00,25.5,93,0.1,7.3,100
2025-08-19T02:00,25.4,91,0,7.6,99
2025-08-19T03:00,25.2,91,0,8,97
2025-08-19T04:00,25,90,0,7,59
2025-08-19T05:00,25.1,89,0,4.7,6
2025-08-19T06:00,24.8,90,0,5.9,3
2025-08-19T07:00,25.1,89,0,5.3,11
2025-08-19T08:00,26.5,84,0,3.9,20
2025-08-19T09:00,28.5,72,0,7.2,33
2025-08-19T10:00,29.3,66,0,4.9,10
2025-08-19T11:00,29.5,66,0,7.4,49
2025-08-19T12:00,28.8,70,0,7.3,74
2025-08-19T13:00,29.3,68,0.3,6.4,35
2025-08-19T14:00,29.6,66,0,8.7,27
2025-08-19T15:00,29.4,66,0.4,8.7,63
2025-08-19T16:00,28,74,4.1,2.8,90
2025-08-19T17:00,25.6,92,7.2,11.8,88
2025-08-19T18:00,25.7,92,0.7,6.5,28
2025-08-19T19:00,25.4,95,0.1,3.5,14
2025-08-19T20:00,25,97,0,3.7,8
2025-08-19T21:00,26.2,91,0,4.3,61
2025-08-19T22:00,26.6,89,0,3.8,13
2025-08-19T23:00,26.6,88,0,3.2,63
2025-08-20T00:00,25.8,93,0,5.1,22
2025-08-20T01:00,25.1,96,0,5.9,18
2025-08-20T02:00,24.6,97,0,4.3,43
2025-08-20T03:00,24.4,96,0,4.8,44
2025-08-20T04:00,24,96,0,5.2,8
2025-08-20T05:00,24,94,0,4.3,67
2025-08-20T06:00,24.1,92,0,5.1,59
2025-08-20T07:00,24.5,90,0,4.9,12
2025-08-20T08:00,26.3,85,0,3.1,30
2025-08-20T09:00,27.6,80,0,3.1,2
2025-08-20T10:00,28.6,73,0,7.2,4
2025-08-20T11:00,29.1,69,0,7.1,13
2025-08-20T12:00,29.1,70,0,7,13
2025-08-20T13:00,29.1,70,0,7.6,24
2025-08-20T14:00,28.8,69,0,7.1,74
2025-08-20T15:00,29.4,65,0,6.1,72
2025-08-20T16:00,29.4,66,0,6.3,93
2025-08-20T17:00,29.2,67,0,3,60
2025-08-20T18:00,28.5,73,0,5.5,24
2025-08-20T19:00,27.6,79,0,7.5,91
2025-08-20T20:00,27.4,81,0,4.3,62
2025-08-20T21:00,27.6,81,0,2.9,14
2025-08-20T22:00,27,83,0,5.4,75
2025-08-20T23:00,26.5,85,0,3.5,67
2025-08-21T00:00,25.9,89,0,4.2,0
2025-08-21T01:00,25.5,91,0,4.1,1
2025-08-21T02:00,25.1,93,0,4,1
2025-08-21T03:00,24.9,93,0,2.5,1
2025-08-21T04:00,24.6,93,0,2.9,0
2025-08-21T05:00,24.2,94,0,4.4,39
2025-08-21T06:00,23.9,91,0,5.4,23
2025-08-21T07:00,24.2,88,0,5.6,1
2025-08-21T08:00,26.2,80,0,4,0
2025-08-21T09:00,27.7,79,0,3.3,89
2025-08-21T10:00,28.5,72,0.1,4.6,97
2025-08-21T11:00,28.7,71,0.1,6.3,99
2025-08-21T12:00,28.7,71,0,9.3,100
2025-08-21T13:00,28.4,73,0.1,5.2,100
2025-08-21T14:00,29.3,68,0.2,5.7,28
2025-08-21T15:00,29.8,63,0.6,8.1,91
2025-08-21T16:00,28.5,72,3.8,5.3,86
2025-08-21T17:00,28,73,0.1,3.5,99
2025-08-21T18:00,27.4,78,0,4.9,100
2025-08-21T19:00,26.9,81,0,6.1,100
2025-08-21T20:00,26.4,80,0,5.4,99
2025-08-21T21:00,26.7,85,0,5.5,100
2025-08-21T22:00,26.3,85,0,4.2,99
2025-08-21T23:00,26,86,0,3.1,100
2025-08-22T00:00,25.7,88,0,1.2,99
2025-08-22T01:00,25.4,88,0,0.3,100
2025-08-22T02:00,25.1,91,0,1.5,100
2025-08-22T03:00,24.6,94,0,3.4,44
2025-08-22T04:00,24.1,95,0,3.1,32
2025-08-22T05:00,23.9,95,0,4,90
2025-08-22T06:00,23.7,93,0,4.2,99
2025-08-22T07:00,24.2,90,0,5.3,15
2025-08-22T08:00,26.3,79,0,4.3,5
2025-08-22T09:00,28.2,70,0,2.4,10
2025-08-22T10:00,29.3,62,0,2.3,37
2025-08-22T11:00,29.8,62,0,5.8,25
2025-08-22T12:00,29.6,63,0,9.9,20
2025-08-22T13:00,29.3,60,0,12.3,80
2025-08-22T14:00,29.1,65,0,12.7,98
2025-08-22T15:00,29.3,67,0,8.7,52
2025-08-22T16:00,30.1,59,0,5,31
2025-08-22T17:00,30.3,54,0,1.3,9
2025-08-22T18:00,29.2,64,0,5.2,11
2025-08-22T19:00,28,76,0,6.1,5
2025-08-22T20:00,27.2,82,0,4.6,52
2025-08-22T21:00,27.5,73,0,8.8,30
2025-08-22T22:00,26.9,75,0,9.9,43
2025-08-22T23:00,26.1,78,0,8.6,11
2025-08-23T00:00,25.2,83,0,6.4,2
2025-08-23T01:00,24.5,90,0,4.4,41
2025-08-23T02:00,24.6,87,0,3.2,20
2025-08-23T03:00,24.6,86,0,2.9,15
2025-08-23T04:00,23.9,90,0,4.3,21
2025-08-23T05:00,23.1,91,0,4.6,93
2025-08-23T06:00,22.7,88,0,4.6,99
2025-08-23T07:00,23.3,80,0,5.2,100
2025-08-23T08:00,25.2,71,0,6.7,99
2025-08-23T09:00,27.8,67,0,3.2,100
2025-08-23T10:00,29.5,55,0,2.2,100
2025-08-23T11:00,30.2,51,0,4.5,100
2025-08-23T12:00,30.2,52,0,6.8,100
2025-08-23T13:00,30,55,0.1,7.8,100
2025-08-23T14:00,29.5,58,0.1,7.9,100
2025-08-23T15:00,30,54,0,7.5,98
2025-08-23T16:00,30.1,52,0,4.5,66
2025-08-23T17:00,29.1,57,0.1,6.9,100
2025-08-23T18:00,27.3,71,0,8.5,100
2025-08-23T19:00,26.5,77,0,9.4,100
2025-08-23T20:00,26.5,76,0,6.6,100
2025-08-23T21:00,27,78,0,7.9,100
2025-08-23T22:00,26.9,78,0,3.2,100
2025-08-23T23:00,26.8,78,0,1.2,100
2025-08-24T00:00,26.4,81,0,2.9,100
2025-08-24T01:00,25.6,85,0,3.6,100
2025-08-24T02:00,25,88,0,3.2,100
2025-08-24T03:00,24.6,89,0,2.8,100
2025-08-24T04:00,24.2,91,0,4.4,100
2025-08-24T05:00,24.1,87,0,7.3,76
2025-08-24T06:00,23.8,82,0,9.9,97
2025-08-24T07:00,24.3,77,0,7.7,100
2025-08-24T08:00,26.4,68,0,3.2,99
2025-08-24T09:00,28.2,67,0,2.1,100
2025-08-24T10:00,29.3,64,0,1,99
2025-08-24T11:00,30.5,54,0,2,84
2025-08-24T12:00,30.5,56,0,7.7,88
2025-08-24T13:00,29.5,65,0,9.3,92
2025-08-24T14:00,29.2,63,0.2,7.3,100
2025-08-24T15:00,28.6,68,0.2,2.4,100
2025-08-24T16:00,27.9,72,0.7,8.6,91
2025-08-24T17:00,27.4,74,0.1,5.5,100
2025-08-24T18:00,27.4,72,0,4,100
2025-08-24T19:00,27.2,74,0,3.6,100
2025-08-24T20:00,27,76,0,2.5,99
2025-08-24T21:00,27.9,68,0,1,100
2025-08-24T22:00,27.7,68,0,0.4,100
2025-08-24T23:00,27.3,70,0,3.2,53
2025-08-25T00:00,26.7,74,0,4.9,37
2025-08-25T01:00,25.6,81,0,6.6,9
2025-08-25T02:00,24.6,83,0,6.2,28
2025-08-25T03:00,24,83,0,5.2,70
2025-08-25T04:00,23.7,83,0,4.9,84
2025-08-25T05:00,23.5,82,0,5.9,71
2025-08-25T06:00,23.4,82,0,4.5,85
2025-08-25T07:00,24.4,76,0,3.4,99
2025-08-25T08:00,26,69,0,1.9,88
2025-08-25T09:00,28.8,61,0,4.7,100
2025-08-25T10:00,29.9,56,0,3.5,97
2025-08-25T11:00,30.9,52,0,3.5,100
2025-08-25T12:00,30.7,54,0.1,8.7,100
2025-08-25T13:00,28.6,64,1.5,10.3,100
2025-08-25T14:00,29.1,59,0,9.1,100
2025-08-25T15:00,27.2,74,1,8.3,100
2025-08-25T16:00,27.3,77,0.4,8.1,100
2025-08-25T17:00,27.5,76,0,4,100
2025-08-25T18:00,26.9,79,0,7.7,100
2025-08-25T19:00,26.7,77,0,7.9,100
2025-08-25T20:00,26.5,78,0,4.3,100
2025-08-25T21:00,26.7,83,0,6.3,100
2025-08-25T22:00,26.4,82,0,4.6,100
2025-08-25T23:00,26.2,83,0,2.7,99
2025-08-26T00:00,26.3,81,0,4.5,99
2025-08-26T01:00,25.5,85,0.1,4.9,100
2025-08-26T02:00,25.1,86,0,3.4,100
2025-08-26T03:00,24.8,88,0,3,100
2025-08-26T04:00,24.7,91,0.1,3.7,100
2025-08-26T05:00,24.6,92,0.2,3.5,100
2025-08-26T06:00,24.5,93,0.1,4.2,100
2025-08-26T07:00,24.7,91,0,2.6,100
2025-08-26T08:00,25.4,85,0,1.9,100
2025-08-26T09:00,26.6,79,0.2,5,100
2025-08-26T10:00,26.9,76,0,2.3,99
2025-08-26T11:00,27.2,75,0.2,1.9,100
2025-08-26T12:00,28.6,71,0.2,4.9,99
2025-08-26T13:00,28.6,70,0.2,8.3,99
2025-08-26T14:00,28.3,70,0.1,8,99
2025-08-26T15:00,27.5,72,2.9,9.8,100
2025-08-26T16:00,26.2,81,2.9,3.9,100
2025-08-26T17:00,26.2,81,0,2,100
2025-08-26T18:00,26,83,0,3.1,42
2025-08-26T19:00,25.3,87,0,2.1,97
2025-08-26T20:00,25.1,90,0,2.4,71
2025-08-26T21:00,25.9,86,0,5.4,44
2025-08-26T22:00,25.6,88,0,5.2,66
2025-08-26T23:00,25.5,88,0,3.3,99
2025-08-27T00:00,25.4,90,0,1.3,100
2025-08-27T01:00,25.2,92,0,2.3,100
2025-08-27T02:00,25,94,0,1.8,100
2025-08-27T03:00,24.8,96,0,2,100
2025-08-27T04:00,24.6,97,0,2.1,100
2025-08-27T05:00,24.4,98,0,1.1,100
2025-08-27T06:00,24.1,97,0,3.5,99
2025-08-27T07:00,24.5,95,0,3.1,98
2025-08-27T08:00,26.1,87,0,3,67
2025-08-27T09:00,27.8,77,0,4.2,38
2025-08-27T10:00,28.5,73,0,5.5,45
2025-08-27T11:00,28.7,73,0,4.7,16
2025-08-27T12:00,28.7,73,0,5.2,41
2025-08-27T13:00,29.2,66,0,9.8,35
2025-08-27T14:00,29.1,65,0,10.5,100
2025-08-27T15:00,29.7,66,0,7.5,100
2025-08-27T16:00,30,64,0,4.5,98
2025-08-27T17:00,29.7,64,0,7.8,48
2025-08-27T18:00,28.3,75,0,10.1,99
2025-08-27T19:00,27.3,79,0,8.7,87
2025-08-27T20:00,26.6,82,0,6.6,98
2025-08-27T21:00,27,78,0,5.8,100
2025-08-27T22:00,26.7,81,0,3.8,100
2025-08-27T23:00,26.7,79,0,6,100
2025-08-28T00:00,26.3,79,0,7.5,100
2025-08-28T01:00,25.6,82,0,8.6,100
2025-08-28T02:00,24.8,87,0,6.7,100
2025-08-28T03:00,24.3,90,0,4.8,100
2025-08-28T04:00,24,91,0,3.3,80
2025-08-28T05:00,23.7,90,0,3.9,100
2025-08-28T06:00,23.7,90,0,3.7,59
2025-08-28T07:00,24.3,86,0,1.7,2
2025-08-28T08:00,26,81,0,1.3,1
2025-08-28T09:00,27.6,72,0,1.3,0
2025-08-28T10:00,29,67,0,1.3,0
2025-08-28T11:00,30,61,0,3.6,16
2025-08-28T12:00,30.5,56,0,5.8,24
2025-08-28T13:00,30.4,58,0.1,8,38
2025-08-28T14:00,30.7,56,0.1,9.3,69
2025-08-28T15:00,31.1,54,0.1,11.4,97
2025-08-28T16:00,31.3,50,0,13.4,100
2025-08-28T17:00,30.4,53,0,16.3,49
2025-08-28T18:00,29.2,60,0,13.5,100
2025-08-28T19:00,28,66,0,8.4,96
2025-08-28T20:00,27.3,75,0,2.2,97
2025-08-28T21:00,26.7,73,0,4.1,72
2025-08-28T22:00,26.4,75,0,4.3,16
2025-08-28T23:00,26.2,73,0,6.4,79
2025-08-29T00:00,25.6,76,0,6.3,25
2025-08-29T01:00,24.7,84,0,4.6,92
2025-08-29T02:00,23.9,89,0,5.9,62
2025-08-29T03:00,23.8,88,0,4.3,23
2025-08-29T04:00,23.7,86,0,4.8,20
2025-08-29T05:00,23.5,86,0,5.4,3
2025-08-29T06:00,23.3,86,0,5.5,95
2025-08-29T07:00,23.7,83,0,5.3,94
2025-08-29T08:00,25.6,74,0,2.2,100
2025-08-29T09:00,28.2,62,0,3,99
2025-08-29T10:00,29.6,53,0,3.1,100
2025-08-29T11:00,30.6,51,0,4.5,99
2025-08-29T12:00,31.3,53,0,7.7,100
2025-08-29T13:00,31.6,54,0,11.2,100
2025-08-29T14:00,31.4,54,0.1,14.8,100
2025-08-29T15:00,31,55,0.1,17,100
2025-08-29T16:00,30.7,56,0,18,100
2025-08-29T17:00,30,60,0,19.8,100
2025-08-29T18:00,28.6,67,0,20,100
2025-08-29T19:00,28,69,0,15.8,93
2025-08-29T20:00,27.6,71,0,9.7,20
2025-08-29T21:00,27.9,65,0,4.9,100
2025-08-29T22:00,27.8,64,0,2.5,98
2025-08-29T23:00,27.6,67,0,5.1,80
2025-08-30T00:00,27.2,70,0,6.7,83
2025-08-30T01:00,26.7,73,0,5.4,100
2025-08-30T02:00,26,78,0,3.6,94
2025-08-30T03:00,25.5,81,0,4.7,43
2025-08-30T04:00,24.9,84,0,5.4,9
2025-08-30T05:00,24.5,85,0,5.1,34
2025-08-30T06:00,24.3,86,0,2.6,45
2025-08-30T07:00,24.9,83,0,0.9,99
2025-08-30T08:00,26.8,73,0,3,55
2025-08-30T09:00,28.6,64,0,3.1,12
2025-08-30T10:00,29.6,61,0,5.2,3
2025-08-30T11:00,30.2,58,0,5.9,13
2025-08-30T12:00,30.8,55,0,8,14
2025-08-30T13:00,31,54,0,10.3,25
2025-08-30T14:00,31.3,51,0,12.4,13
2025-08-30T15:00,31.3,50,0,14,9
2025-08-30T16:00,30.6,52,0,15.2,16
2025-08-30T17:00,30,55,0,12.8,24
2025-08-30T18:00,29,66,0,14.2,14
2025-08-30T19:00,28.8,62,0,13.9,3
2025-08-30T20:00,28.3,59,0,8.4,14
2025-08-30T21:00,28,60,0,11.6,85
2025-08-30T22:00,27.6,60,0,4.5,34
2025-08-30T23:00,27.3,62,0,2.8,71
2025-08-31T00:00,27.1,65,0,6.3,99
2025-08-31T01:00,26.5,69,0,1.3,99
2025-08-31T02:00,25.9,73,0,5.7,94
2025-08-31T03:00,25.2,74,0,5.8,99
2025-08-31T04:00,24.4,71,0,6.5,54
2025-08-31T05:00,24.2,71,0,2.7,54
2025-08-31T06:00,24.2,75,0,3.7,0
2025-08-31T07:00,25.2,77,0,6.4,41
2025-08-31T08:00,27.4,70,0,5,95
2025-08-31T09:00,29.2,57,0,6.8,88
2025-08-31T10:00,30.5,49,0,4.6,81
2025-08-31T11:00,31.1,49,0,6.5,96
2025-08-31T12:00,31.5,48,0,7,94
2025-08-31T13:00,32.1,44,0,6.5,48
2025-08-31T14:00,31.8,48,0,11.7,21
2025-08-31T15:00,31,50,0,15.3,6
2025-08-31T16:00,30.5,54,0,13.2,4
2025-08-31T17:00,29.9,60,0,9.2,10
2025-08-31T18:00,29.2,68,0,7.6,5
2025-08-31T19:00,29,68,0,7.2,2
2025-08-31T20:00,28.8,65,0,8.5,2
2025-08-31T21:00,28.5,69,0,9,83
2025-08-31T22:00,28.2,68,0,7.6,76
2025-08-31T23:00,27.4,67,0,5.8,97
2025-09-01T00:00,26.4,71,0,3.4,100
2025-09-01T01:00,25.9,73,0,0.9,95
2025-09-01T02:00,25.9,73,0,2.6,88
2025-09-01T03:00,25.9,74,0,2.9,79
2025-09-01T04:00,25.4,78,0,4.7,100
2025-09-01T05:00,25.1,81,0,5.5,100
2025-09-01T06:00,25.3,81,0,7.7,100
2025-09-01T07:00,26,78,0,3.1,10
2025-09-01T08:00,27.5,66,0,1,4
2025-09-01T09:00,29.6,52,0,1.9,93
2025-09-01T10:00,31,48,0,3.1,9
2025-09-01T11:00,31.8,48,0.1,7.7,32
2025-09-01T12:00,31.7,50,0.2,11.7,31
2025-09-01T13:00,31.3,50,0,15.5,53
2025-09-01T14:00,31.1,52,0,15.4,76
2025-09-01T15:00,31.7,50,0,13.3,51
2025-09-01T16:00,31.9,51,0,11.4,64
2025-09-01T17:00,31.5,56,0,10.1,85
2025-09-01T18:00,30.8,57,0,5.9,76
2025-09-01T19:00,30.2,57,0,1,76
2025-09-01T20:00,29.4,57,0,5.9,68
2025-09-01T21:00,28.8,57,0,10.2,99
2025-09-01T22:00,28.6,58,0,9.1,91
2025-09-01T23:00,28.5,58,0,10.3,95
2025-09-02T00:00,28.3,59,0,11.5,64
2025-09-02T01:00,27.9,61,0,11.3,17
2025-09-02T02:00,27.1,65,0,11.7,25
2025-09-02T03:00,26.4,68,0,11.5,9
2025-09-02T04:00,25.7,71,0,10.1,8
2025-09-02T05:00,25.3,76,0,8.4,27
2025-09-02T06:00,25,77,0,8.5,4
2025-09-02T07:00,25.8,71,0,9.2,75
2025-09-02T08:00,28.2,59,0,6.5,50
2025-09-02T09:00,29.9,50,0,4,50
2025-09-02T10:00,31.1,47,0,5.2,68
2025-09-02T11:00,32.1,44,0,7.3,90
2025-09-02T12:00,32.7,44,0,10,97
2025-09-02T13:00,32.8,43,0,13.9,100
2025-09-02T14:00,31.5,50,0,20,86
2025-09-02T15:00,31.7,49,0,20.5,95
2025-09-02T16:00,31.7,51,0,21.1,93
2025-09-02T17:00,31.4,53,0,16.5,99
2025-09-02T18:00,31,52,0,6,100
2025-09-02T19:00,29.9,57,0,6.9,100
2025-09-02T20:00,28.9,61,0,3.3,99
2025-09-02T21:00,29.1,55,0,7,99
2025-09-02T22:00,28.1,65,0,7.7,93
2025-09-02T23:00,27.9,67,0,5.4,98
2025-09-03T00:00,27.5,67,0,3.4,100
2025-09-03T01:00,27.6,66,0,3.2,100
2025-09-03T02:00,26.9,69,0,6.7,98
2025-09-03T03:00,26.2,71,0,7.2,98
2025-09-03T04:00,26.3,69,0,5.4,92
2025-09-03T05:00,26.1,70,0,4.4,98
2025-09-03T06:00,25.9,71,0,5.7,99
2025-09-03T07:00,26.2,68,0,5.9,91
2025-09-03T08:00,27.9,60,0,3.2,95
2025-09-03T09:00,29.8,53,0,3.2,54
2025-09-03T10:00,30.8,49,0,4.9,47
2025-09-03T11:00,31.9,43,0,4.6,64
2025-09-03T12:00,32.5,36,0,5.1,93
2025-09-03T13:00,33.1,33,0,6.3,36
2025-09-03T14:00,32.7,42,0,9.4,35
2025-09-03T15:00,31.8,48,0,15.2,24
2025-09-03T16:00,31.2,47,0,19.3,24
2025-09-03T17:00,30.8,49,0,17.6,26
2025-09-03T18:00,30.3,56,0,13,52
2025-09-03T19:00,30.2,51,0,6.7,85
2025-09-03T20:00,29.8,46,0,3.3,100
2025-09-03T21:00,30.3,32,0,5.7,100
2025-09-03T22:00,29.8,37,0,2.2,100
2025-09-03T23:00,29.6,41,0,2.4,99
2025-09-04T00:00,29.5,40,0,6.8,100
2025-09-04T01:00,29.2,41,0,8.1,98
2025-09-04T02:00,28.4,47,0,6.5,66
2025-09-04T03:00,27.5,54,0,3.2,10
2025-09-04T04:00,27,56,0,1.3,0
2025-09-04T05:00,26.2,56,0,5.8,1
2025-09-04T06:00,25.9,55,0,6.2,1
2025-09-04T07:00,26.2,52,0,4.4,3
2025-09-04T08:00,28.3,45,0,5.1,7
2025-09-04T09:00,30.9,37,0,7.5,10
2025-09-04T10:00,32.3,33,0,3.9,14
2025-09-04T11:00,32.3,37,0,10,5
2025-09-04T12:00,31.5,47,0,15.2,6
2025-09-04T13:00,31.6,43,0,13,5
2025-09-04T14:00,31.6,44,0,12.3,23
2025-09-04T15:00,31,50,0,10.6,14
2025-09-04T16:00,31,47,0,7.5,22
2025-09-04T17:00,30.9,46,0,3.9,58
2025-09-04T18:00,30.4,50,0,4.8,72
2025-09-04T19:00,30.2,52,0,9.6,87
2025-09-04T20:00,29.7,52,0,11.4,76
2025-09-04T21:00,29.2,58,0,13.6,87
2025-09-04T22:00,28.8,60,0,7.3,79
2025-09-04T23:00,28.3,61,0,2.6,25
2025-09-05T00:00,27.9,66,0,6.8,29
2025-09-05T01:00,27.6,68,0,2.3,50
2025-09-05T02:00,27.5,68,0,3.8,5
2025-09-05T03:00,27.4,69,0,3.9,6
2025-09-05T04:00,26.7,71,0,2.2,78
2025-09-05T05:00,26.1,72,0,3.5,7
2025-09-05T06:00,25.9,73,0,2.7,2
2025-09-05T07:00,26.7,70,0,0.7,1
2025-09-05T08:00,28.4,65,0,3.6,5
2025-09-05T09:00,29.5,58,0,4.8,23
2025-09-05T10:00,30.6,55,0,7.8,58
2025-09-05T11:00,31.2,54,0,9,79
2025-09-05T12:00,31.7,54,0,11.3,86
2025-09-05T13:00,31.6,55,0.1,15.2,75
2025-09-05T14:00,30.6,56,0,16.6,77
2025-09-05T15:00,31.2,52,0,14.6,84
2025-09-05T16:00,31.6,45,0,16.5,38
2025-09-05T17:00,31.6,48,0,10.9,39
2025-09-05T18:00,31.6,43,0,5.2,42
2025-09-05T19:00,30.6,47,0,3.6,44
2025-09-05T20:00,29.9,56,0,7.5,58
2025-09-05T21:00,29.7,51,0,1.3,2
2025-09-05T22:00,29.3,54,0,5.6,49
2025-09-05T23:00,28.2,60,0,5.8,97
2025-09-06T00:00,27.3,65,0,5.9,89
2025-09-06T01:00,27.1,67,0,5.6,90
2025-09-06T02:00,26.9,68,0,2.7,30
2025-09-06T03:00,26.5,70,0,1.5,72
2025-09-06T04:00,26,72,0,2.7,29
2025-09-06T05:00,25.5,72,0,5.6,20
2025-09-06T06:00,25.3,69,0,4.7,13
2025-09-06T07:00,25.9,64,0,3.5,16
2025-09-06T08:00,27.5,59,0,2.1,47
2025-09-06T09:00,29.2,52,0,3,82
2025-09-06T10:00,30.6,48,0,4.3,82
2025-09-06T11:00,31.2,47,0,7.9,67
2025-09-06T12:00,30.9,51,0,12.9,52
2025-09-06T13:00,30.2,58,0,17.3,64
2025-09-06T14:00,30.6,62,0,15.4,90
2025-09-06T15:00,32.2,51,0,12.2,98
2025-09-06T16:00,30.5,58,0.2,11,100
2025-09-06T17:00,30.1,62,0.1,8.8,95
2025-09-06T18:00,29.8,63,0,8.6,99
2025-09-06T19:00,29.4,64,0,4.5,94
2025-09-06T20:00,29.2,66,0,6.3,99
2025-09-06T21:00,28.5,72,0,4.8,97
2025-09-06T22:00,27.9,75,0,5.7,100
2025-09-06T23:00,27.2,76,0,6.4,100
2025-09-07T00:00,26.5,76,0,9,100
2025-09-07T01:00,26.5,77,0.1,8.6,92
2025-09-07T02:00,26.8,76,0.1,4.6,100
2025-09-07T03:00,26.5,78,0,3.4,100
2025-09-07T04:00,26,81,0,5.4,85
2025-09-07T05:00,25.7,81,0,5.2,31
2025-09-07T06:00,25.5,82,0,5.4,32
2025-09-07T07:00,26,78,0,6.2,23
2025-09-07T08:00,27.5,70,0,3.7,30
2025-09-07T09:00,28.9,65,0,11.8,27
2025-09-07T10:00,29.7,61,0,11.7,30
2025-09-07T11:00,30.6,60,0.1,12.9,67
2025-09-07T12:00,28.6,68,0.4,11.2,100
2025-09-07T13:00,27.9,77,2.2,1.7,100
2025-09-07T14:00,28.2,75,0.3,4.6,100
2025-09-07T15:00,28.9,71,0.1,5.7,100
2025-09-07T16:00,29.6,67,0,6.6,100
2025-09-07T17:00,29.5,65,0,9.1,100
2025-09-07T18:00,28.6,68,0,9.6,100
2025-09-07T19:00,27.8,73,0,6.9,100
2025-09-07T20:00,27.2,77,0,6.7,100
2025-09-07T21:00,26.8,82,0,9.2,87
2025-09-07T22:00,26.4,85,0,9,87
2025-09-07T23:00,26.3,83,0,7.1,97
2025-09-08T00:00,26.2,83,0,3.9,98
2025-09-08T01:00,26.2,83,0,1.3,100
2025-09-08T02:00,26,85,0,2,100
2025-09-08T03:00,25.9,85,0,3.2,100
2025-09-08T04:00,25.7,86,0.2,2.7,100
2025-09-08T05:00,25.4,88,0,2.2,98
2025-09-08T06:00,24.9,92,0,3.7,99
2025-09-08T07:00,25.2,91,0,4.6,100
2025-09-08T08:00,26.5,85,0,2.9,99
2025-09-08T09:00,27.9,79,0,1.5,92
2025-09-08T10:00,29,74,0,2.1,91
2025-09-08T11:00,29.8,69,0,6.7,98
2025-09-08T12:00,30,66,1.6,9.3,100
2025-09-08T13:00,27.7,80,3.2,2.7,93
2025-09-08T14:00,28.8,72,0.1,7.9,100
2025-09-08T15:00,29.2,71,0.2,7.2,92
2025-09-08T16:00,27.5,79,0.1,14.1,83
2025-09-08T17:00,27.1,81,0.1,11.4,74
2025-09-08T18:00,27.2,84,0.2,5.9,15
2025-09-08T19:00,27.1,88,0,4,19
2025-09-08T20:00,26.9,90,0,1.9,52
2025-09-08T21:00,26.9,84,0,7.5,52
2025-09-08T22:00,26.5,85,2.5,4.5,81
2025-09-08T23:00,25.7,89,5.4,2,99
2025-09-09T00:00,24.5,95,3.4,9.7,100
2025-09-09T01:00,24.5,92,2.2,10,100
2025-09-09T02:00,24.9,93,0,4.9,99
2025-09-09T03:00,24.7,96,0,6.9,100
2025-09-09T04:00,24.7,96,0,4.8,100
2025-09-09T05:00,24.5,98,0,4.5,99
2025-09-09T06:00,24.4,95,0,0.5,100
2025-09-09T07:00,25.4,92,0,3.7,100
2025-09-09T08:00,26.3,86,0,2.8,56
2025-09-09T09:00,27.7,81,0.1,5.8,17
2025-09-09T10:00,28.3,81,0.2,6,96
2025-09-09T11:00,27.4,81,8.6,9.5,98
2025-09-09T12:00,28,78,0.1,10,98
2025-09-09T13:00,27.5,81,10.9,11.7,99
2025-09-09T14:00,26.2,86,12.3,11.3,100
2025-09-09T15:00,26.4,85,0.4,9.2,100
2025-09-09T16:00,26.5,85,0.2,5.3,100
2025-09-09T17:00,26.5,84,0.2,4.2,100
2025-09-09T18:00,25.6,88,0.7,6.4,100
2025-09-09T19:00,25.2,93,0.1,5.6,99
2025-09-09T20:00,25.1,95,0,5.5,100
2025-09-09T21:00,25.2,94,0,6,98
2025-09-09T22:00,24.9,96,0,4.7,98
2025-09-09T23:00,24.6,97,0,6,99
2025-09-10T00:00,24.6,96,0,4.1,100
2025-09-10T01:00,24.5,95,0,4.1,100
2025-09-10T02:00,24.4,96,0,3.7,100
2025-09-10T03:00,24.3,96,0,5.4,99
2025-09-10T04:00,24.3,96,0,6.1,100
2025-09-10T05:00,24.2,94,0,5.1,100
2025-09-10T06:00,24.1,94,0,4.1,93
2025-09-10T07:00,24.8,92,0,2.9,62
2025-09-10T08:00,26.3,85,0,1.3,43
2025-09-10T09:00,27.7,78,0,2.8,41
2025-09-10T10:00,28.4,74,0,5.8,55
2025-09-10T11:00,28.3,74,0.1,8.4,96
2025-09-10T12:00,27.7,76,0,8.6,96
2025-09-10T13:00,26.2,87,1.3,9.7,98
2025-09-10T14:00,27.3,83,0.4,4.5,100
2025-09-10T15:00,27.1,84,0.3,3.6,100
2025-09-10T16:00,27.1,85,0.3,2.1,100
2025-09-10T17:00,27.2,83,0,5.4,100
2025-09-10T18:00,26.9,85,0,3,100
2025-09-10T19:00,26.4,89,0,4.6,100
2025-09-10T20:00,26,92,0,3.1,100
2025-09-10T21:00,25,97,0,4.3,100
2025-09-10T22:00,25,96,0,0.4,100
2025-09-10T23:00,25.2,95,0.1,2.2,100
2025-09-11T00:00,25.1,96,0,3.2,100
2025-09-11T01:00,24.8,96,0,6.1,100
2025-09-11T02:00,24.8,94,0,4,98
2025-09-11T03:00,24.5,93,0,1.4,79
2025-09-11T04:00,24.6,93,0,3.8,68
2025-09-11T05:00,24.3,94,0,4.7,99
2025-09-11T06:00,24.2,94,0,4.7,20
2025-09-11T07:00,25,91,0,3.6,8
2025-09-11T08:00,26.5,86,0,1.1,20
2025-09-11T09:00,27.8,81,0,3.7,35
2025-09-11T10:00,29.1,72,0,7,100
2025-09-11T11:00,29.2,72,0.1,9.3,100
2025-09-11T12:00,28.9,74,0.2,10.5,100
2025-09-11T13:00,29.5,71,0.1,10.4,37
2025-09-11T14:00,30,68,0,11.3,40
2025-09-11T15:00,30.5,66,0,12.7,70
2025-09-11T16:00,30.7,64,0,13.1,66
2025-09-11T17:00,30.3,67,0,12.3,95
2025-09-11T18:00,29.3,71,0,9.1,38
2025-09-11T19:00,28.1,78,0,5.4,27
2025-09-11T20:00,27.5,85,0,1.4,13
2025-09-11T21:00,26.9,88,0,5.4,23
2025-09-11T22:00,26.8,86,0,6.8,3
2025-09-11T23:00,26.1,87,0,5,3
2025-09-12T00:00,25.1,91,0,3.6,8
2025-09-12T01:00,24.5,92,0,1.6,83
2025-09-12T02:00,24.1,94,0,2.1,20
2025-09-12T03:00,24.2,94,0,3.8,18
2025-09-12T04:00,24.3,94,0,1.3,3
2025-09-12T05:00,24.1,94,0,4.6,11
2025-09-12T06:00,23.9,92,0,4.8,8
2025-09-12T07:00,24.9,87,0,4.5,7
2025-09-12T08:00,27.2,73,0,2.8,7
2025-09-12T09:00,28.9,66,0,3.6,88
2025-09-12T10:00,29.8,64,0,6.7,23
2025-09-12T11:00,30.1,64,0,8.3,89
2025-09-12T12:00,29.9,62,0,10.3,94
2025-09-12T13:00,29.7,58,0,12.6,89
2025-09-12T14:00,29.8,59,0,13,75
2025-09-12T15:00,30.3,63,0,10.6,29
2025-09-12T16:00,30.9,65,0,7.4,25
2025-09-12T17:00,31,63,0,0.7,33
2025-09-12T18:00,29.8,73,0,1.6,22
2025-09-12T19:00,28.9,79,0,2.7,9
2025-09-12T20:00,27.9,83,0,4.4,32
2025-09-12T21:00,27.5,76,0,2.2,97
2025-09-12T22:00,26.7,80,0,2.2,100
2025-09-12T23:00,26.4,82,0,1.2,99
2025-09-13T00:00,25.9,81,0,2,99
2025-09-13T01:00,25.4,82,0,1.7,91
2025-09-13T02:00,24.9,81,0,2.9,92
2025-09-13T03:00,24.5,84,0,2.7,73
2025-09-13T04:00,24.1,89,0,0.4,99
2025-09-13T05:00,24.1,85,0,3.2,77
2025-09-13T06:00,23.9,82,0,4.5,60
2025-09-13T07:00,25,77,0,0.8,2
2025-09-13T08:00,26.8,73,0,1.9,13
2025-09-13T09:00,29,62,0,4.6,49
2025-09-13T10:00,29.8,58,0,7.7,44
2025-09-13T11:00,29.8,59,0,10,61
2025-09-13T12:00,30,56,0,11.8,95
2025-09-13T13:00,30.7,56,0,12.9,96
2025-09-13T14:00,30.3,58,0,14.6,48
2025-09-13T15:00,30.6,60,0,9.7,22
2025-09-13T16:00,31.3,54,0,6.7,51
2025-09-13T17:00,31.5,51,0,4.3,24
2025-09-13T18:00,30.2,59,0,3.8,5
2025-09-13T19:00,29,67,0,4.8,3
2025-09-13T20:00,28.2,72,0,4.8,44
2025-09-13T21:00,27.7,72,0,7.8,5
2025-09-13T22:00,26.8,75,0,3.4,67
2025-09-13T23:00,26.5,79,0,2.3,63
2025-09-14T00:00,26.3,81,0,3.4,50
2025-09-14T01:00,26.1,82,0,6.3,48
2025-09-14T02:00,26,84,0,2.3,58
2025-09-14T03:00,25.8,85,0,5.2,87
2025-09-14T04:00,25.7,87,0,6,89
2025-09-14T05:00,25.3,87,0,5.8,90
2025-09-14T06:00,25,82,0,7.5,79
2025-09-14T07:00,25.6,77,0,5.4,91
2025-09-14T08:00,27.8,68,0,1.5,98
2025-09-14T09:00,28.9,66,0,2.3,100
2025-09-14T10:00,29.2,66,0,5.6,96
2025-09-14T11:00,29.7,64,0,7.4,100
2025-09-14T12:00,29.9,62,0,9.1,85
2025-09-14T13:00,29.3,65,0,12.2,98
2025-09-14T14:00,29.6,63,0.1,4.8,99
2025-09-14T15:00,29,66,0.1,3.2,99
2025-09-14T16:00,29,68,0,4.9,100
2025-09-14T17:00,28.5,70,0,7.8,100
2025-09-14T18:00,27.7,76,0,6.1,100
2025-09-14T19:00,27.1,79,0,5.8,100
2025-09-14T20:00,26.8,80,0,3.2,33
2025-09-14T21:00,28,75,0,2.2,91
2025-09-14T22:00,27.4,81,0,2,99
2025-09-14T23:00,26.6,86,0,3.4,99
2025-09-15T00:00,26,87,0,4,100
2025-09-15T01:00,25.5,88,0,3.9,83
2025-09-15T02:00,25.1,89,0,4,98
2025-09-15T03:00,25,87,0,4.4,87
2025-09-15T04:00,24.8,88,0,5.8,46
2025-09-15T05:00,24.6,88,0,5.6,23
2025-09-15T06:00,24.4,88,0,3.8,33
2025-09-15T07:00,25.8,81,0,2.3,75
2025-09-15T08:00,27.4,75,0,4,93
2025-09-15T09:00,29.3,63,0,1.1,89
2025-09-15T10:00,30.6,56,0,2,67
2025-09-15T11:00,31.5,52,0,5.7,81
2025-09-15T12:00,31.5,53,0.1,9.8,30
2025-09-15T13:00,31,53,0.1,13.6,20
2025-09-15T14:00,30.7,57,0,15.3,31
2025-09-15T15:00,30.4,62,0,16.2,35
2025-09-15T16:00,30.6,60,0,11.5,26
2025-09-15T17:00,30.9,58,0,2.8,16
2025-09-15T18:00,30.4,58,0,4.2,39
2025-09-15T19:00,29.7,63,0,2.2,86
2025-09-15T20:00,29.1,66,0,4.7,97
2025-09-15T21:00,28.3,70,0,4,50
2025-09-15T22:00,27.7,72,0,4.6,86
2025-09-15T23:00,27.2,73,0,5.2,99
2025-09-16T00:00,26.7,75,0,3.5,7
2025-09-16T01:00,26.3,77,0,1.8,0
2025-09-16T02:00,25.9,79,0,1.6,1
2025-09-16T03:00,25.6,83,0,1.4,88
2025-09-16T04:00,25.2,87,0,1.9,96
2025-09-16T05:00,24.9,91,0,0.7,79
2025-09-16T06:00,24.6,93,0,4.4,97
2025-09-16T07:00,25.9,81,0,6.8,99
2025-09-16T08:00,27.9,67,0,6.1,98
2025-09-16T09:00,29.3,65,0,7.5,99
2025-09-16T10:00,30.4,59,0,8.2,98
2025-09-16T11:00,31.1,57,0,7.1,99
2025-09-16T12:00,31.2,58,0,9.5,100
2025-09-16T13:00,30.7,56,0,12.2,99
2025-09-16T14:00,30.9,48,0,14.8,93
2025-09-16T15:00,30.7,53,0,11,92
2025-09-16T16:00,31,52,0,10.3,88
2025-09-16T17:00,30.5,56,0,10.1,33
2025-09-16T18:00,29.6,62,0,8.3,46
2025-09-16T19:00,29.1,66,0,4.5,100
2025-09-16T20:00,28.7,69,0,2.4,40
2025-09-16T21:00,27.9,77,0,3.8,33
2025-09-16T22:00,27.4,81,0,2.3,62
2025-09-16T23:00,26.9,84,0,1.7,100
2025-09-17T00:00,26.5,86,0,1.9,96
2025-09-17T01:00,26.1,88,0,2.6,100
2025-09-17T02:00,25.7,89,0,2.7,100
2025-09-17T03:00,25.2,90,0,4,100
2025-09-17T04:00,24.5,91,0,5.8,97
2025-09-17T05:00,24.1,87,0,6.5,68
2025-09-17T06:00,24,80,0,8.2,99
2025-09-17T07:00,25,74,0,6.5,84
2025-09-17T08:00,27.6,65,0,4.7,27
2025-09-17T09:00,29,59,0,4.8,17
2025-09-17T10:00,30.2,54,0,6.4,19
2025-09-17T11:00,30.9,52,0,8.5,99
2025-09-17T12:00,31.3,51,0,7.6,100
2025-09-17T13:00,31.5,52,0.3,7,74
2025-09-17T14:00,31.5,51,0.4,6.9,50
2025-09-17T15:00,30.9,52,0.3,10.6,48
2025-09-17T16:00,30.6,51,0,8.8,11
2025-09-17T17:00,30.4,52,0,3.4,40
2025-09-17T18:00,29.9,54,0,5,18
2025-09-17T19:00,29.3,60,0,5.6,26
2025-09-17T20:00,28.9,65,0,5.5,82
2025-09-17T21:00,29,62,0,6,3
2025-09-17T22:00,27.6,69,0,7.4,23
2025-09-17T23:00,26.4,73,0,7,37
2025-09-18T00:00,25.6,74,0,5.4,87
2025-09-18T01:00,25.3,73,0,3.7,94
2025-09-18T02:00,24.9,72,0,4.6,81
2025-09-18T03:00,24.6,73,0,3.7,100
2025-09-18T04:00,24.9,74,0,2.9,47
2025-09-18T05:00,25.2,76,0,1.8,91
2025-09-18T06:00,25.1,78,0,2.4,100
2025-09-18T07:00,25.7,76,0,4,37
2025-09-18T08:00,28.2,61,0,1.5,0
2025-09-18T09:00,30.1,52,0,3.2,0
2025-09-18T10:00,31.3,45,0,4.7,0
2025-09-18T11:00,31.9,44,0,6.6,51
2025-09-18T12:00,31.9,46,0,9.2,55
2025-09-18T13:00,32.2,43,0,12.1,9
2025-09-18T14:00,32.3,42,0,11.6,8
2025-09-18T15:00,32.7,37,0,9.2,6
2025-09-18T16:00,32.7,37,0,7.2,6
2025-09-18T17:00,32.2,39,0,5.2,4
2025-09-18T18:00,31.3,44,0,7.4,3
2025-09-18T19:00,30.2,50,0,13.3,4
2025-09-18T20:00,29.6,51,0,12,3
2025-09-18T21:00,29.4,54,0,12.9,0
2025-09-18T22:00,28.5,57,0,7.2,16
2025-09-18T23:00,27.8,61,0,2.2,82
2025-09-19T00:00,27.5,63,0,5.1,82
2025-09-19T01:00,27.3,64,0,4.3,93
2025-09-19T02:00,26.5,68,0,1.4,87
2025-09-19T03:00,25.8,71,0,6.8,7
2025-09-19T04:00,25.2,66,0,9.3,11
2025-09-19T05:00,24.7,64,0,9.5,0
2025-09-19T06:00,24.3,67,0,8.3,6
2025-09-19T07:00,25.3,64,0,6.1,4
2025-09-19T08:00,27.9,55,0,3.7,0
2025-09-19T09:00,30.1,51,0,4.2,11
2025-09-19T10:00,31.3,47,0,4.5,9
2025-09-19T11:00,31.9,46,0,5.9,15
2025-09-19T12:00,32.1,47,0,7.4,19
2025-09-19T13:00,32.3,45,0,7.5,14
2025-09-19T14:00,32.4,44,0,10.6,29
2025-09-19T15:00,31.9,43,0,12.1,76
2025-09-19T16:00,32.1,42,0,9.3,47
2025-09-19T17:00,32.1,45,0,10.1,61
2025-09-19T18:00,31.3,49,0,11.1,100
2025-09-19T19:00,30.4,54,0,10.8,100
2025-09-19T20:00,29.6,54,0,10.9,90
2025-09-19T21:00,29.2,53,0,13.9,61
2025-09-19T22:00,28.3,57,0,7.4,65
2025-09-19T23:00,27.7,61,0,2.7,100
2025-09-20T00:00,27.5,63,0,3.4,100
2025-09-20T01:00,27.2,66,0,3.4,99
2025-09-20T02:00,27,68,0,6.2,96
2025-09-20T03:00,26.7,70,0,7.9,83
2025-09-20T04:00,26.4,72,0,7.3,44
2025-09-20T05:00,25.9,76,0,6.2,96
2025-09-20T06:00,25.3,77,0,6.4,1
2025-09-20T07:00,26.4,68,0,5.3,0
2025-09-20T08:00,28.2,58,0,3,0
2025-09-20T09:00,29.8,59,0,3.6,18
2025-09-20T10:00,31,53,0,6.1,0
2025-09-20T11:00,31.7,51,0,8.7,0
2025-09-20T12:00,31.4,54,0,12,28
2025-09-20T13:00,31.2,53,0.1,11.9,26
2025-09-20T14:00,31.3,54,0,12.5,14
2025-09-20T15:00,31.4,55,0,11.8,18
2025-09-20T16:00,31.7,53,0,12.5,16
2025-09-20T17:00,31.3,55,0,14.4,4
2025-09-20T18:00,30.7,58,0,14.2,9
2025-09-20T19:00,30,61,0,13.4,10
2025-09-20T20:00,29,66,0,10.3,7
2025-09-20T21:00,28.1,69,0,9.1,78
2025-09-20T22:00,27.9,71,0,7,100
2025-09-20T23:00,27.7,73,0,5.6,54
2025-09-21T00:00,27.3,75,0,4.2,10
2025-09-21T01:00,26.8,76,0,4.7,48
2025-09-21T02:00,26.2,78,0,6,5
2025-09-21T03:00,25.7,80,0,6.1,3
2025-09-21T04:00,25.4,78,0,5.4,8
2025-09-21T05:00,25.1,79,0,5.1,4
2025-09-21T06:00,24.7,79,0,5.6,6
2025-09-21T07:00,25.6,74,0,5.8,7
2025-09-21T08:00,28.2,62,0,4.4,10
2025-09-21T09:00,29.9,62,0,3.1,73
2025-09-21T10:00,31,55,0.1,5.6,92
2025-09-21T11:00,31.5,52,0.2,8.9,57
2025-09-21T12:00,31.7,52,0.3,11.3,96
2025-09-21T13:00,31.2,58,0.7,14.5,45
2025-09-21T14:00,31.4,56,0.3,17,39
2025-09-21T15:00,31.2,57,0.1,18.7,52
2025-09-21T16:00,30.6,60,0,20.5,74
2025-09-21T17:00,29.9,66,0,19.9,81
2025-09-21T18:00,29.2,68,0,17.7,26
2025-09-21T19:00,28.4,72,0,16.8,10
2025-09-21T20:00,28,73,0,14.2,6
2025-09-21T21:00,27.8,75,0,9.1,6
2025-09-21T22:00,27.6,75,0,5.2,3
2025-09-21T23:00,27.5,76,0,3.7,38
2025-09-22T00:00,27.1,78,0,0.9,7
2025-09-22T01:00,26.8,79,0,3.8,0
2025-09-22T02:00,26.4,82,0,3.6,0
2025-09-22T03:00,25.9,85,0,2,0
2025-09-22T04:00,25.3,85,0,2.7,0
2025-09-22T05:00,24.9,83,0,3.4,2
2025-09-22T06:00,24.5,81,0,4.2,17
2025-09-22T07:00,25.4,75,0,4.8,9
2025-09-22T08:00,27.6,65,0,4.8,1
2025-09-22T09:00,29.9,59,0,0.9,84
2025-09-22T10:00,31.8,49,0,1.5,92
2025-09-22T11:00,33.5,42,0,2,86
2025-09-22T12:00,34,40,0,6,96
2025-09-22T13:00,33.9,41,0.1,11.5,58
2025-09-22T14:00,33.4,45,0.2,15.6,22
2025-09-22T15:00,31.8,55,0.4,17.6,71
2025-09-22T16:00,30.6,63,0.2,18.2,98
2025-09-22T17:00,29.8,67,0,18.1,100
2025-09-22T18:00,29,70,0,18.4,32
2025-09-22T19:00,28.7,72,0,17,28
2025-09-22T20:00,28.7,68,0,12.6,20
2025-09-22T21:00,28.5,69,0,9,77
2025-09-22T22:00,28.4,70,0,7.3,63
2025-09-22T23:00,28.1,72,0,4.6,61
2025-09-23T00:00,27.7,72,0,3.8,30
2025-09-23T01:00,27.3,72,0,3.4,1
2025-09-23T02:00,26.5,75,0,1.8,21
2025-09-23T03:00,25.7,78,0,3.8,4
2025-09-23T04:00,25.3,77,0,6.3,4
2025-09-23T05:00,25.2,69,0,7.2,1
2025-09-23T06:00,25,65,0,5.4,0
2025-09-23T07:00,25.9,60,0,4.3,0
2025-09-23T08:00,27.9,63,0,1,0
2025-09-23T09:00,29.8,51,0,3.8,0
2025-09-23T10:00,31.1,48,0,6.1,7
2025-09-23T11:00,31.3,53,0,9.5,17
2025-09-23T12:00,31.7,48,0.1,9.8,28
2025-09-23T13:00,31.5,48,0,13.2,27
2025-09-23T14:00,31.3,55,0,12.6,45
2025-09-23T15:00,31.4,56,0,9.7,31
2025-09-23T16:00,31.6,54,0,10.2,11
2025-09-23T17:00,31.3,55,0,11.2,100
2025-09-23T18:00,29.6,60,0.2,12.2,100
2025-09-23T19:00,29.4,62,0.1,8.3,100
2025-09-23T20:00,28.9,67,0,11.7,85
2025-09-23T21:00,29,67,0,6.8,33
2025-09-23T22:00,28.6,69,0,6.3,100
2025-09-23T23:00,28.1,71,0,5,100
2025-09-24T00:00,27.7,73,0,5.1,100
2025-09-24T01:00,27.4,75,0,3.3,67
2025-09-24T02:00,26.9,77,0,2.9,41
2025-09-24T03:00,26.5,78,0,2.2,97
2025-09-24T04:00,26.4,79,0,0.4,41
2025-09-24T05:00,26,80,0,2.7,7
2025-09-24T06:00,25.6,81,0,1.5,6
2025-09-24T07:00,26.6,74,0,2.3,3
2025-09-24T08:00,28.2,62,0,0.9,51
2025-09-24T09:00,29.7,56,0,3,75
2025-09-24T10:00,30.9,51,0,4.4,32
2025-09-24T11:00,31.2,53,0,6.7,61
2025-09-24T12:00,31.1,57,0.2,9.3,96
2025-09-24T13:00,31.1,53,0,10.6,100
2025-09-24T14:00,31.4,50,0,6.1,15
2025-09-24T15:00,32.6,46,0,4.6,33
2025-09-24T16:00,32,48,0,1.7,25
2025-09-24T17:00,31.4,50,0,1.9,99
2025-09-24T18:00,31.1,51,0,4.1,100
2025-09-24T19:00,30.6,53,0,7.1,97
2025-09-24T20:00,29.8,56,0,4.7,100
2025-09-24T21:00,29.4,55,0,2.7,45
2025-09-24T22:00,28.5,59,0,1.7,15
2025-09-24T23:00,27.9,60,0,2.1,86
2025-09-25T00:00,27.6,59,0,2.6,67
2025-09-25T01:00,27.3,60,0,3.4,79
2025-09-25T02:00,27.2,62,0,4.3,77
2025-09-25T03:00,26.8,65,0,3.3,76
2025-09-25T04:00,26.1,68,0,3.3,83
2025-09-25T05:00,25.4,73,0,5.1,71
2025-09-25T06:00,24.9,75,0,6.2,36
2025-09-25T07:00,25.8,71,0,3.6,15
2025-09-25T08:00,28.2,60,0,2.3,19
2025-09-25T09:00,30.3,53,0,6.1,29
2025-09-25T10:00,31.1,51,0,7.6,79
2025-09-25T11:00,31.7,49,0,8.9,8
2025-09-25T12:00,32.3,48,0,9.5,12
2025-09-25T13:00,32.8,49,0,10.1,3
2025-09-25T14:00,32.8,51,0,11.2,6
2025-09-25T15:00,31.3,55,0,10.1,38
2025-09-25T16:00,31.5,51,0,9.4,77
2025-09-25T17:00,30.9,52,0,7.1,93
2025-09-25T18:00,30.4,55,0,5.4,62
2025-09-25T19:00,30.3,58,0,6.3,94
2025-09-25T20:00,30,60,0,9.5,75
2025-09-25T21:00,29.9,56,0,14.4,59
2025-09-25T22:00,29.6,57,0,12.6,16
2025-09-25T23:00,28.9,59,0,8.3,31
2025-09-26T00:00,28.2,63,0,6,96
2025-09-26T01:00,27.6,68,0,5.1,100
2025-09-26T02:00,27.2,72,0,4.9,98
2025-09-26T03:00,26.9,75,0,2.1,91
2025-09-26T04:00,26.6,76,0,2.9,60
2025-09-26T05:00,26.5,74,0,5.8,79
2025-09-26T06:00,26.2,73,0,6.5,99
2025-09-26T07:00,27.2,66,0,6.7,100
2025-09-26T08:00,29,64,0,4.2,80
2025-09-26T09:00,30.9,58,0,7,60
2025-09-26T10:00,32,52,0,7,98
2025-09-26T11:00,32,57,0,11.9,91
2025-09-26T12:00,31.6,56,0,13.9,83
2025-09-26T13:00,32.6,49,0.1,9.3,44
2025-09-26T14:00,32.2,53,0,12.1,53
2025-09-26T15:00,32.6,47,0,9.2,79
2025-09-26T16:00,32.7,45,0,7.6,54
2025-09-26T17:00,32.2,48,0,3.8,98
2025-09-26T18:00,31.6,51,0,2.5,46
2025-09-26T19:00,31.1,54,0,1.3,68
2025-09-26T20:00,30.6,57,0,5,75
2025-09-26T21:00,29.9,62,0,0.4,95
2025-09-26T22:00,29.5,63,0,2.3,100
2025-09-26T23:00,29,66,0,2.2,100
2025-09-27T00:00,28.5,69,0,5.3,93
2025-09-27T01:00,27.9,69,0,6.7,99
2025-09-27T02:00,27.5,68,0,8,100
2025-09-27T03:00,27.3,67,0,5.7,100
2025-09-27T04:00,27.1,68,0,3.8,54
2025-09-27T05:00,26.7,73,0,4,77
2025-09-27T06:00,26.6,77,0,3.6,68
2025-09-27T07:00,27.8,73,0,1.7,67
2025-09-27T08:00,29,69,0,3.1,75
2025-09-27T09:00,30.6,60,0,6.6,49
2025-09-27T10:00,31.4,55,0.1,6,78
2025-09-27T11:00,31.8,55,0,7,92
2025-09-27T12:00,32.1,56,0.1,9.9,77
2025-09-27T13:00,32.2,55,0,13.3,91
2025-09-27T14:00,31.9,54,0,12.2,98
2025-09-27T15:00,32.6,51,0,11.1,94
2025-09-27T16:00,31.8,55,0,7.4,100
2025-09-27T17:00,30.9,62,0,6.1,100
2025-09-27T18:00,30,67,0,6.9,100
2025-09-27T19:00,29.7,67,0,7.7,100
2025-09-27T20:00,29.7,68,0,10.2,100
2025-09-27T21:00,29.4,62,0,12.6,100
2025-09-27T22:00,28.8,65,0,13.7,99
2025-09-27T23:00,28.2,67,0,9.6,42
2025-09-28T00:00,27.8,69,0,7.6,71
2025-09-28T01:00,27.3,72,0,3.5,81
2025-09-28T02:00,27,75,0,2.1,60
2025-09-28T03:00,26.8,78,0,2.2,73
2025-09-28T04:00,26.8,79,0,3.7,98
2025-09-28T05:00,26.8,80,0,1.2,100
2025-09-28T06:00,26.6,82,0,2.6,100
2025-09-28T07:00,27.7,77,0,1.8,100
2025-09-28T08:00,28.9,72,0,2.3,100
2025-09-28T09:00,29.9,70,0.2,4.2,100
2025-09-28T10:00,30.1,69,0.2,3.5,100
2025-09-28T11:00,31,65,0.3,5.7,99
2025-09-28T12:00,31.3,65,0.5,10.2,100
2025-09-28T13:00,28.9,74,12.3,3.6,100
2025-09-28T14:00,26.8,85,2.8,8.6,100
2025-09-28T15:00,27.2,81,3,1.4,100
2025-09-28T16:00,27.8,83,0,1.1,100
2025-09-28T17:00,28.4,79,0,2.7,100
2025-09-28T18:00,28.4,78,0,1.7,100
2025-09-28T19:00,27.6,86,0,4.2,100
2025-09-28T20:00,27.3,88,0,1.2,100
2025-09-28T21:00,26.8,88,0,2.2,100
2025-09-28T22:00,26.7,89,0,0.5,100
2025-09-28T23:00,26.7,90,0,1.8,100
2025-09-29T00:00,26.6,93,0,4.7,100
2025-09-29T01:00,26.5,91,0,4.9,100
2025-09-29T02:00,26.4,90,0,3.7,100
2025-09-29T03:00,26.3,90,0,2.4,100
2025-09-29T04:00,26.4,91,0,4.1,100
2025-09-29T05:00,26.8,90,0.3,6.7,100
2025-09-29T06:00,26.8,90,0.1,5.1,98
2025-09-29T07:00,27.3,85,0.7,1.9,98
2025-09-29T08:00,28,80,0.1,2.8,97
2025-09-29T09:00,29.1,78,0,1.7,97
2025-09-29T10:00,29.9,73,0.2,2.7,98
2025-09-29T11:00,30.4,71,0.2,3,96
2025-09-29T12:00,31,68,0.2,6.8,97
2025-09-29T13:00,28.9,74,0.7,10.5,99
2025-09-29T14:00,29.5,71,0,5.1,90
2025-09-29T15:00,30.2,69,0,0.7,100
2025-09-29T16:00,30.7,66,0,1.7,100
2025-09-29T17:00,30.7,66,0,2.2,100
2025-09-29T18:00,29.9,72,0,6.7,100
2025-09-29T19:00,28.8,81,1.4,6.9,100
2025-09-29T20:00,28.7,83,0,4,99
2025-09-29T21:00,28,80,0,5.1,100
2025-09-29T22:00,27.8,82,0,3.1,93
2025-09-29T23:00,27.5,84,0,3.6,80
2025-09-30T00:00,26.9,85,0,5.1,28
2025-09-30T01:00,26.2,89,0,6.2,10
2025-09-30T02:00,25.7,90,0,6.7,57
2025-09-30T03:00,25.5,90,0,6.3,97
2025-09-30T04:00,25.4,88,0,5.7,100
2025-09-30T05:00,25.3,86,0,5.4,100
2025-09-30T06:00,25.1,85,0,6.3,100
2025-09-30T07:00,26.3,81,0,5.2,99
2025-09-30T08:00,28.1,75,0,2.7,87
2025-09-30T09:00,29.6,71,0,2.7,16
2025-09-30T10:00,30.6,66,0.1,4.6,20
2025-09-30T11:00,30.7,65,0.2,7.2,30
2025-09-30T12:00,30.8,64,0,10.7,44
2025-09-30T13:00,30.6,61,0,13.2,64
2025-09-30T14:00,30,65,0,13.2,65
2025-09-30T15:00,29.5,70,0.1,11.2,76
2025-09-30T16:00,29.8,69,0,9.6,98
2025-09-30T17:00,29.1,73,0,12.1,89
2025-09-30T18:00,28.5,76,0,11.1,52
2025-09-30T19:00,28.3,75,0,13,94
2025-09-30T20:00,28.1,77,0,13.9,64
2025-09-30T21:00,27.7,79,0,13.7,88
2025-09-30T22:00,27.3,81,0,13.9,82
2025-09-30T23:00,26.9,83,0,11.1,93
2025-10-01T00:00,26.4,85,0,8,62
2025-10-01T01:00,26,88,0,5.8,47
2025-10-01T02:00,25.5,90,0,6.3,93
2025-10-01T03:00,25.2,90,0,6.5,34
2025-10-01T04:00,25,89,0,7.6,22
2025-10-01T05:00,24.8,88,0,7.9,17
2025-10-01T06:00,24.6,88,0,7.9,21
2025-10-01T07:00,25.6,83,0,6.7,9
2025-10-01T08:00,27.3,72,0,5.5,2
2025-10-01T09:00,29.1,65,0,4.4,0
2025-10-01T10:00,30.6,56,0,4.8,58
2025-10-01T11:00,31.3,53,0,4.6,38
2025-10-01T12:00,31.1,55,0.1,6.8,20
2025-10-01T13:00,31,57,0.1,10,23
2025-10-01T14:00,30.7,55,0,11.8,51
2025-10-01T15:00,30.6,56,0,12,45
2025-10-01T16:00,29.7,65,0,12.7,7
2025-10-01T17:00,29.1,62,0,13.5,13
2025-10-01T18:00,28.7,65,0,12.8,7
2025-10-01T19:00,28.2,75,0,14.4,2
2025-10-01T20:00,28.4,75,0,15.2,8
2025-10-01T21:00,28.2,71,0,11.5,91
2025-10-01T22:00,27.7,74,0,8.9,81
2025-10-01T23:00,27.4,75,0,5.8,73
2025-10-02T00:00,27.1,76,0,3.5,76
2025-10-02T01:00,26.7,77,0,3.8,71
2025-10-02T02:00,26.1,81,0,2,11
2025-10-02T03:00,25.7,83,0,1.8,9
2025-10-02T04:00,24.8,91,0,5.4,86
2025-10-02T05:00,24.3,91,0,5.6,2
2025-10-02T06:00,24.1,89,0,5.7,2
2025-10-02T07:00,25.3,79,0,4.9,2
2025-10-02T08:00,27.5,74,0,2,53
2025-10-02T09:00,29.4,68,0,5.1,21
2025-10-02T10:00,30.6,60,0,7.4,27
2025-10-02T11:00,31.1,60,0,8.1,8
2025-10-02T12:00,31.5,58,0,8.9,16
2025-10-02T13:00,31.7,51,0,12.3,15
2025-10-02T14:00,31.2,54,0,16.7,13
2025-10-02T15:00,31.2,58,0,16.3,52
2025-10-02T16:00,31.6,57,0,14.9,71
2025-10-02T17:00,32.5,50,0,10.9,66
2025-10-02T18:00,31.7,52,0,7.2,100
2025-10-02T19:00,30.2,62,0,5.3,99
2025-10-02T20:00,30.1,62,0,2,26
2025-10-02T21:00,29.7,63,0,2.7,3
2025-10-02T22:00,28.8,66,0,2.4,31
2025-10-02T23:00,28,70,0,0.4,52
2025-10-03T00:00,27.5,72,0,4.1,99
2025-10-03T01:00,27.2,74,0,5.8,90
2025-10-03T02:00,27,78,0,5.9,26
2025-10-03T03:00,26.6,79,0,0.8,13
2025-10-03T04:00,26,84,0,5.2,12
2025-10-03T05:00,25.7,83,0,7,38
2025-10-03T06:00,25.5,79,0,6.7,26
2025-10-03T07:00,26.8,70,0,4.8,8
2025-10-03T08:00,28.7,62,0,3.3,12
2025-10-03T09:00,29.9,62,0,3,22
2025-10-03T10:00,30.8,57,0.1,5,80
2025-10-03T11:00,31.1,56,0.1,9.7,97
2025-10-03T12:00,31,57,0.3,11.4,98
2025-10-03T13:00,31.5,56,0.7,12.6,88
2025-10-03T14:00,31.9,57,0.6,16.4,95
2025-10-03T15:00,31.6,62,0.3,14.7,73
2025-10-03T16:00,32.4,53,0.1,8.6,50
2025-10-03T17:00,32.5,50,0,7,52
2025-10-03T18:00,31.3,56,0,6.9,70
2025-10-03T19:00,30.2,64,0,5.4,70
2025-10-03T20:00,29.7,65,0,8.5,26
2025-10-03T21:00,29.3,73,0,6.9,17
2025-10-03T22:00,28.6,75,0,6,40
2025-10-03T23:00,28.2,75,0,6.1,45
2025-10-04T00:00,27.8,77,0,3,89
2025-10-04T01:00,27.4,80,0,4.4,95
2025-10-04T02:00,27,81,0,2.7,95
2025-10-04T03:00,27,82,0,2.7,94
2025-10-04T04:00,26.7,81,0,5.8,100
2025-10-04T05:00,26.5,78,0,7,99
2025-10-04T06:00,26.2,77,0,6.8,99
2025-10-04T07:00,27,73,0,4,98
2025-10-04T08:00,28.4,70,0,4.3,94
2025-10-04T09:00,29.8,65,0,3.6,59
2025-10-04T10:00,30.7,61,0,5.6,28
2025-10-04T11:00,31,61,0.1,9.9,63
2025-10-04T12:00,29.7,61,1,13.2,82
2025-10-04T13:00,30.2,58,0.1,10,84
2025-10-04T14:00,30.5,59,0.1,12.5,59
2025-10-04T15:00,29.5,68,1.4,12.1,85
2025-10-04T16:00,28.8,72,0.1,10.1,95
2025-10-04T17:00,28.3,73,0.2,6.5,77
2025-10-04T18:00,27.8,76,0,3.4,78
2025-10-04T19:00,27.8,75,0,5.2,97
2025-10-04T20:00,28.6,72,0,6.7,100
2025-10-04T21:00,28.3,72,0,7.6,93
2025-10-04T22:00,27.8,76,0,7.3,98
2025-10-04T23:00,27.3,80,0,5.7,95
2025-10-05T00:00,26.7,83,0,3.9,60
2025-10-05T01:00,26.3,85,0,3.2,53
2025-10-05T02:00,26,86,0,3.3,47
2025-10-05T03:00,25.7,86,0,3.5,73
2025-10-05T04:00,25.6,86,0,3.6,81
2025-10-05T05:00,25.6,86,0,4,97
2025-10-05T06:00,25.3,87,0,4.2,88
2025-10-05T07:00,26.2,81,0,3.1,97
2025-10-05T08:00,27.6,76,0,4,57
2025-10-05T09:00,28.5,70,0.1,5.9,40
2025-10-05T10:00,29,68,0.4,8.7,47
2025-10-05T11:00,29.4,66,0.1,10.1,51
2025-10-05T12:00,29.6,65,0.1,11.1,40
2025-10-05T13:00,29.6,64,0.1,11.5,34
2025-10-05T14:00,28.8,67,0.1,10.7,54
2025-10-05T15:00,27.5,71,0.3,3.9,70
2025-10-05T16:00,28.1,67,0.2,4.4,28
2025-10-05T17:00,28,68,0,3.3,44
2025-10-05T18:00,27.7,70,0,2.8,80
2025-10-05T19:00,27.7,72,0,2.1,95
2025-10-05T20:00,25.4,86,0,3.4,80
2025-10-05T21:00,25.9,80,0,4,68
2025-10-05T22:00,26.4,78,0,5.9,98
2025-10-05T23:00,26.2,81,0,6,77
2025-10-06T00:00,26,83,0,4,70
2025-10-06T01:00,25.6,87,0,5.2,96
2025-10-06T02:00,25.5,90,0.2,4.3,53
2025-10-06T03:00,25.3,90,0,6.9,30
2025-10-06T04:00,24.8,89,0,8,98
2025-10-06T05:00,24.9,85,0,7.3,98
2025-10-06T06:00,25.2,83,0,6,97
2025-10-06T07:00,26.1,77,0,3,97
2025-10-06T08:00,27.6,70,0,4.6,89
2025-10-06T09:00,29.1,63,0,1.7,63
2025-10-06T10:00,30.2,58,0,5.4,17
2025-10-06T11:00,30.5,58,0,8.3,32
2025-10-06T12:00,28.2,69,0.2,6,89
2025-10-06T13:00,28.3,67,1.2,2.8,87
2025-10-06T14:00,25.1,87,1.4,3,28
2025-10-06T15:00,28.3,71,0.1,2.9,24
2025-10-06T16:00,28.1,71,0,6.7,29
2025-10-06T17:00,27.4,74,0,6.8,98
2025-10-06T18:00,26.9,76,0,7.8,98
2025-10-06T19:00,27.1,76,0,6.9,48
2025-10-06T20:00,27,78,0,8.2,98
2025-10-06T21:00,26.6,80,0,6.3,96
2025-10-06T22:00,26.5,81,0,5.6,41
2025-10-06T23:00,26.3,83,0,4,52
2025-10-07T00:00,25.8,87,0,5.3,91
2025-10-07T01:00,25.3,90,0,6.1,100
2025-10-07T02:00,25.6,82,0,5.1,98
2025-10-07T03:00,25.4,85,0,7.1,100
2025-10-07T04:00,24.9,87,0,8,100
2025-10-07T05:00,24.5,87,0,7.9,97
2025-10-07T06:00,24.5,86,0,6.3,98
2025-10-07T07:00,25.5,79,0,3.4,100
2025-10-07T08:00,27.3,70,0,2.7,100
2025-10-07T09:00,28.9,63,0,2,100
2025-10-07T10:00,30.1,57,0,5.4,100
2025-10-07T11:00,30.9,53,0,7.6,98
2025-10-07T12:00,30.9,54,0.2,11.1,84
2025-10-07T13:00,30.2,60,0.3,13.9,66
2025-10-07T14:00,29.8,61,0.2,11.7,100
2025-10-07T15:00,28.9,71,1.8,11.7,100
2025-10-07T16:00,29.1,69,0,10.5,98
2025-10-07T17:00,28.9,69,0,10,100
2025-10-07T18:00,28.3,73,0,9.5,100
2025-10-07T19:00,28.1,75,0,8,100
2025-10-07T20:00,28,78,0,7,98
2025-10-07T21:00,27.7,80,0,6,97
2025-10-07T22:00,27.3,81,0,5.5,84
2025-10-07T23:00,26.6,84,0,6.9,100
2025-10-08T00:00,26,85,0,7.1,61
2025-10-08T01:00,25.5,86,0,7.1,99
2025-10-08T02:00,25,87,0,5.8,3
2025-10-08T03:00,24.9,86,0,6.6,11
2025-10-08T04:00,24.7,87,0,6.2,49
2025-10-08T05:00,24.7,86,0,6.5,80
2025-10-08T06:00,24.7,86,0,6.2,100
2025-10-08T07:00,25.6,83,0,4.7,96
2025-10-08T08:00,28.2,75,0,6.3,59
2025-10-08T09:00,29.8,64,0,8.9,36
2025-10-08T10:00,30.8,56,0.1,8,48
2025-10-08T11:00,31.5,54,0,8.9,33
2025-10-08T12:00,32,53,0.1,9.1,54
2025-10-08T13:00,32.1,54,0,12.1,53
2025-10-08T14:00,31.8,59,0,15.9,78
2025-10-08T15:00,30.1,62,1.6,14.3,77
2025-10-08T16:00,30.1,65,0.2,9.6,72
2025-10-08T17:00,29.7,67,0.2,8.2,63
2025-10-08T18:00,29.2,70,0,9.3,32
2025-10-08T19:00,28.3,75,0,7.3,61
2025-10-08T20:00,27.9,76,0,5,84
2025-10-08T21:00,27.2,80,0,5.6,95
2025-10-08T22:00,26.7,81,0,5.4,98
2025-10-08T23:00,26.2,81,0,6.1,95
2025-10-09T00:00,26,82,0,6.1,99
2025-10-09T01:00,25.9,84,0,6.1,99
2025-10-09T02:00,25,89,0,6,100
2025-10-09T03:00,24.6,91,0,6.2,100
2025-10-09T04:00,24.3,90,0,6.4,100
2025-10-09T05:00,24,88,0,7.6,100
2025-10-09T06:00,23.9,84,0,7,99
2025-10-09T07:00,25,80,0,6.1,96
2025-10-09T08:00,27.2,72,0,4.9,13
2025-10-09T09:00,28.8,68,0,4.4,5
2025-10-09T10:00,30.2,59,0,4.4,55
2025-10-09T11:00,31.4,52,0,5.3,23
2025-10-09T12:00,31.6,50,0.2,8.1,33
2025-10-09T13:00,31.2,55,0.5,12.5,22
2025-10-09T14:00,30.7,58,0.1,15.1,23
2025-10-09T15:00,30.6,60,0.1,13.7,20
2025-10-09T16:00,30.3,62,0,13.9,21
2025-10-09T17:00,29.7,64,0,14,26
2025-10-09T18:00,28.9,69,0,14.8,2
2025-10-09T19:00,28.5,70,0,15.3,2
2025-10-09T20:00,28.3,71,0,14.7,1
2025-10-09T21:00,28.1,72,0,11.1,2
2025-10-09T22:00,27.5,75,0,6.7,41
2025-10-09T23:00,26.9,79,0,5.4,46
2025-10-10T00:00,26.4,82,0,6.3,1
2025-10-10T01:00,26.2,82,0,3.3,5
2025-10-10T02:00,25.6,89,0,1,22
2025-10-10T03:00,25.5,90,0,1.6,4
2025-10-10T04:00,25,91,0,4.4,12
2025-10-10T05:00,24.5,90,0,5.6,18
2025-10-10T06:00,24.4,86,0,6.5,80
2025-10-10T07:00,25.7,77,0,4,98
2025-10-10T08:00,27.4,72,0,1.5,83
2025-10-10T09:00,29.2,61,0,3.2,69
2025-10-10T10:00,30.4,55,0,5.6,41
2025-10-10T11:00,30.8,54,0,9.7,70
2025-10-10T12:00,30.9,52,0,12.9,100
2025-10-10T13:00,31.3,54,0,12.6,100
2025-10-10T14:00,31.6,52,0,9.4,100
2025-10-10T15:00,31.9,54,0.1,11.2,100
2025-10-10T16:00,31.8,54,0.1,9.1,100
2025-10-10T17:00,31.2,55,0,3.2,100
2025-10-10T18:00,30.2,60,0,2.1,98
2025-10-10T19:00,29.6,62,0,0.2,100
2025-10-10T20:00,29.7,63,0,5.6,82
2025-10-10T21:00,29.2,66,0,8.3,85
2025-10-10T22:00,28.4,72,0,9.8,99
2025-10-10T23:00,28,75,0,5.6,99
2025-10-11T00:00,27.8,74,0,4.1,98
2025-10-11T01:00,27.9,74,0,6,99
2025-10-11T02:00,27.6,74,0,3.2,100
2025-10-11T03:00,27.4,75,0,1.5,100
2025-10-11T04:00,27.3,77,0,3.6,100
2025-10-11T05:00,27.6,77,0,3.1,98
2025-10-11T06:00,27.4,79,0,1.9,98
2025-10-11T07:00,27.9,76,0,2.5,100
2025-10-11T08:00,29,72,0,2.1,100
2025-10-11T09:00,30,68,0,4.3,100
2025-10-11T10:00,30.9,62,0,4.1,100
2025-10-11T11:00,31.6,58,0,6.4,100
2025-10-11T12:00,31.5,60,0.1,7.6,90
2025-10-11T13:00,30.7,65,0.5,3.7,67
2025-10-11T14:00,31.2,63,0.5,5.7,51
2025-10-11T15:00,29.1,71,0.5,9.2,95
2025-10-11T16:00,28.7,71,0.2,11.5,99
2025-10-11T17:00,27.8,77,5,9.4,100
2025-10-11T18:00,27.7,78,0.1,5.2,99
2025-10-11T19:00,27.2,81,0,7.8,99
2025-10-11T20:00,28.1,76,0,5.6,97
2025-10-11T21:00,27.9,75,0,4.8,51
2025-10-11T22:00,27.6,77,0,3.6,56
2025-10-11T23:00,27.3,79,0,4.9,91
2025-10-12T00:00,26.5,84,0,6.2,100
2025-10-12T01:00,26.3,85,0,4.7,94
2025-10-12T02:00,26.2,87,0,4.9,86
2025-10-12T03:00,25.6,87,0,5.2,100
2025-10-12T04:00,25.2,88,0,4.2,100
2025-10-12T05:00,25.2,88,0,3.2,100
2025-10-12T06:00,25.1,89,0,3.1,52
2025-10-12T07:00,26.3,82,0,2.6,13
2025-10-12T08:00,28.9,75,0,5.4,100
2025-10-12T09:00,30.2,68,0,6.2,98
2025-10-12T10:00,31.3,63,0,5.5,98
2025-10-12T11:00,32.2,60,0,6.5,90
2025-10-12T12:00,32.2,62,0.1,9.4,89
2025-10-12T13:00,29.3,75,2.2,6.7,86
2025-10-12T14:00,31.3,61,0,5.8,97
2025-10-12T15:00,31.4,61,0.2,7.7,18
2025-10-12T16:00,31.3,60,0,5.6,98
2025-10-12T17:00,31.3,60,0,1.8,99
2025-10-12T18:00,30.7,63,0,2.9,100
2025-10-12T19:00,30.1,68,0,10.3,99
2025-10-12T20:00,26.1,93,0,7.9,100
2025-10-12T21:00,27.1,86,0,7,100
2025-10-12T22:00,27.2,87,0,5.5,97
2025-10-12T23:00,27.3,87,0,2.6,100
2025-10-13T00:00,27.2,88,0,1.8,100
2025-10-13T01:00,26.8,90,0,3,100
2025-10-13T02:00,26.2,92,0,3.8,100
2025-10-13T03:00,26,92,0,5.8,100
2025-10-13T04:00,25.7,92,0,4.3,100
2025-10-13T05:00,25.4,92,0,4.3,100
2025-10-13T06:00,25.3,90,0.1,4.8,62
2025-10-13T07:00,26.4,81,0,5.2,16
2025-10-13T08:00,28.4,78,0,3.7,31
2025-10-13T09:00,29.7,71,0.1,2.9,13
2025-10-13T10:00,30.7,64,0.1,4.1,20
2025-10-13T11:00,31.1,63,0.1,6.4,45
2025-10-13T12:00,31.1,64,0,11.2,26
2025-10-13T13:00,30.9,66,0.1,11.8,49
2025-10-13T14:00,30.1,67,2.7,8.5,85
2025-10-13T15:00,30.7,63,0,8.4,26
2025-10-13T16:00,30,67,0,10.6,33
2025-10-13T17:00,28.7,72,0,9.2,35
2025-10-13T18:00,28.5,70,0,3.2,15
2025-10-13T19:00,28.7,69,0,3,17
2025-10-13T20:00,28.5,75,0,6,2
2025-10-13T21:00,28.2,79,0,5.8,8
2025-10-13T22:00,28.2,80,0,6.8,39
2025-10-13T23:00,27.7,81,0,10.7,44
2025-10-14T00:00,27.3,83,0,7.9,52
2025-10-14T01:00,27,84,0.1,4.9,22
2025-10-14T02:00,25.9,89,0,5.4,54
2025-10-14T03:00,25.9,88,0.1,6,62
2025-10-14T04:00,25.8,89,0,6.1,23
2025-10-14T05:00,25.4,92,0,5.4,27
2025-10-14T06:00,25.2,93,0,4.2,27
2025-10-14T07:00,26.1,87,0,3.2,22
2025-10-14T08:00,27.9,80,0,1.4,19
2025-10-14T09:00,29.7,70,0,3.2,9
2025-10-14T10:00,30.3,65,0.3,5.8,35
2025-10-14T11:00,30.1,66,0.5,8.4,51
2025-10-14T12:00,28.4,73,0.1,3.4,86
2025-10-14T13:00,30.1,65,0.1,4.7,37
2025-10-14T14:00,29,70,0,4.2,74
2025-10-14T15:00,30,66,0.1,3.1,66
2025-10-14T16:00,29.3,69,0,5.8,38
2025-10-14T17:00,29,71,0,5.5,43
2025-10-14T18:00,28.8,71,0,7.5,34
2025-10-14T19:00,28.7,72,0,8.3,9
2025-10-14T20:00,27.8,80,0,3.6,62
2025-10-14T21:00,27.5,84,0,5.7,5
2025-10-14T22:00,27.1,85,0,4.9,17
2025-10-14T23:00,26.7,86,0,5.1,88
2025-10-15T00:00,26.2,88,0,4,93
2025-10-15T01:00,26.1,88,0,3.6,88
2025-10-15T02:00,26.2,90,0,5.2,88
2025-10-15T03:00,25.6,91,0,6.7,9
2025-10-15T04:00,25,89,0,6.7,1
2025-10-15T05:00,24.8,88,0,4.7,1
2025-10-15T06:00,24.8,89,0,3.8,1
2025-10-15T07:00,26.1,81,0,3.3,0
2025-10-15T08:00,28.1,73,0,1.2,1
2025-10-15T09:00,29.6,66,0,4.2,1
2025-10-15T10:00,30.5,63,0,7.1,10
2025-10-15T11:00,30.8,62,0.1,6.3,28
2025-10-15T12:00,31.1,62,0.1,9.4,16
2025-10-15T13:00,31.3,60,0,11.2,22
2025-10-15T14:00,31.3,59,0,11.3,13
2025-10-15T15:00,31.2,59,0,9.4,24
2025-10-15T16:00,31.2,54,0,9.1,48
2025-10-15T17:00,30.9,57,0,9.6,94
2025-10-15T18:00,30.7,59,0,6.8,89
2025-10-15T19:00,29.8,65,0,5.9,70
2025-10-15T20:00,29.1,70,0,7.8,85
2025-10-15T21:00,28.6,73,0,5.1,98
2025-10-15T22:00,28.2,75,0,2,80
2025-10-15T23:00,27.7,79,0,3.1,91
2025-10-16T00:00,27.1,83,0,3.9,88
2025-10-16T01:00,26.5,85,0,2.8,95
2025-10-16T02:00,25.8,93,0,2,95
2025-10-16T03:00,25.9,92,0,1.1,19
2025-10-16T04:00,25.9,87,0,2.9,0
2025-10-16T05:00,25.4,88,0,5.4,0
2025-10-16T06:00,25.1,87,0,4.1,0
2025-10-16T07:00,26.7,78,0,2.4,0
2025-10-16T08:00,29.2,62,0,4.3,0
2025-10-16T09:00,30.9,52,0,4.7,0
2025-10-16T10:00,31.8,50,0,5.7,22
2025-10-16T11:00,32.3,49,0,8.1,39
2025-10-16T12:00,32.7,49,0,9.8,19
2025-10-16T13:00,32.7,50,0,7.7,56
2025-10-16T14:00,31.7,51,0,4,91
2025-10-16T15:00,32.8,46,0,4.4,95
2025-10-16T16:00,32.3,51,0,3,85
2025-10-16T17:00,31.8,54,0,3.1,50
2025-10-16T18:00,31.2,56,0,1.4,18
2025-10-16T19:00,30.5,59,0,1.1,12
2025-10-16T20:00,30.3,61,0,2.3,48
2025-10-16T21:00,29.7,65,0,5.5,19
2025-10-16T22:00,29.3,70,0,3.1,34
2025-10-16T23:00,28.4,74,0.1,4.3,43
2025-10-17T00:00,28.2,76,0.1,3.6,56
2025-10-17T01:00,27.8,79,0,4.4,30
2025-10-17T02:00,26.9,83,0,3.2,5
2025-10-17T03:00,26.6,84,0,2.4,4
2025-10-17T04:00,26.2,86,0,5.1,2
2025-10-17T05:00,25.9,85,0,8.5,2
2025-10-17T06:00,25.5,87,0,8.1,2
2025-10-17T07:00,26.8,81,0,5.7,0
2025-10-17T08:00,29.5,67,0,4.2,0
2025-10-17T09:00,31,61,0,2.7,15
2025-10-17T10:00,31.6,58,0.1,5.5,20
2025-10-17T11:00,31,63,0.2,10.9,45
2025-10-17T12:00,31.9,59,0.2,12,14
2025-10-17T13:00,32.1,58,0,13.2,21
2025-10-17T14:00,31.5,59,0.1,14.7,33
2025-10-17T15:00,31.5,58,0,13,15
2025-10-17T16:00,32.1,57,0,8.8,21
2025-10-17T17:00,32.3,54,0,1.8,9
2025-10-17T18:00,31.8,58,0,5.4,2
2025-10-17T19:00,30.7,68,0,7.6,49
2025-10-17T20:00,29.5,74,0,4.2,21
2025-10-17T21:00,29.6,77,0,7.8,99
2025-10-17T22:00,29.3,71,0,11.7,100
2025-10-17T23:00,28.7,73,0,12.3,100
2025-10-18T00:00,28.4,75,0,12.5,100
2025-10-18T01:00,28,76,0,10.5,100
2025-10-18T02:00,27.7,78,0,7.8,88
2025-10-18T03:00,27.5,79,0,6,92
2025-10-18T04:00,27,81,0,6.1,100
2025-10-18T05:00,26.5,85,0,5.9,100
2025-10-18T06:00,26.3,86,0,3.8,100
2025-10-18T07:00,27.7,77,0,1.4,100
2025-10-18T08:00,29.4,68,0,4,36
2025-10-18T09:00,30.7,62,0,7.1,27
2025-10-18T10:00,31,60,0.1,7.3,37
2025-10-18T11:00,31.1,62,0.3,9.9,20
2025-10-18T12:00,31.3,61,0.1,14,44
2025-10-18T13:00,28.9,75,3.7,12.1,97
2025-10-18T14:00,30.3,67,0.2,11.2,86
2025-10-18T15:00,29.3,72,0.1,5.7,98
2025-10-18T16:00,27.7,78,1,11,97
2025-10-18T17:00,27.7,79,0,6.6,98
2025-10-18T18:00,27.9,80,0,4.2,90
2025-10-18T19:00,28.4,78,0,1,54
2025-10-18T20:00,29.4,68,0,7.4,95
2025-10-18T21:00,28.9,73,0,4.4,84
2025-10-18T22:00,28.6,76,0,3.5,93
2025-10-18T23:00,28.7,76,0,6.2,99
2025-10-19T00:00,28.7,74,0,9,95
2025-10-19T01:00,27.9,79,0,9.7,73
2025-10-19T02:00,27.1,83,0,8.6,96
2025-10-19T03:00,26.8,84,0,7.3,99
2025-10-19T04:00,26.6,85,0,7.8,87
2025-10-19T05:00,26.3,86,0,7.6,100
2025-10-19T06:00,26,86,0,7.6,100
2025-10-19T07:00,27.2,77,0,5.8,100
2025-10-19T08:00,29,71,0,2.3,100
2025-10-19T09:00,30.4,64,0,1,100
2025-10-19T10:00,31.5,59,0,4.4,100
2025-10-19T11:00,32,57,0,7.4,73
2025-10-19T12:00,32,56,0,10.2,17
2025-10-19T13:00,30.9,64,0,12.4,73
2025-10-19T14:00,30,71,1.9,4.7,100
2025-10-19T15:00,28.6,74,0.1,10.6,58
2025-10-19T16:00,27.6,80,0.6,4.8,60
2025-10-19T17:00,27.6,79,0.4,6.2,98
2025-10-19T18:00,27.6,78,0.2,7.2,91
2025-10-19T19:00,27.3,81,0.1,3.1,98
2025-10-19T20:00,26.2,91,0,1.5,100
2025-10-19T21:00,26.5,89,0,4.2,100
2025-10-19T22:00,26.2,90,0,6.8,100
2025-10-19T23:00,26,90,0,6.1,100
2025-10-20T00:00,25.9,90,0,7.2,100
2025-10-20T01:00,25.7,91,1,1,100
2025-10-20T02:00,25.6,96,4.9,3.2,100
2025-10-20T03:00,25.7,97,0.1,3,100
2025-10-20T04:00,25.5,99,0,3,100
2025-10-20T05:00,25.6,98,0,2,100
2025-10-20T06:00,25.8,98,0,4.6,100
2025-10-20T07:00,26.5,90,0.1,6.1,100
2025-10-20T08:00,27.4,85,0.4,6.2,100
2025-10-20T09:00,28.6,78,0,2.1,100
2025-10-20T10:00,29.7,74,0,3.2,100
2025-10-20T11:00,30.2,73,0.1,7.6,100
2025-10-20T12:00,29.8,71,5.7,8.3,98
2025-10-20T13:00,27.1,85,11.5,6.6,100
2025-10-20T14:00,28.3,80,0.3,4.7,100
2025-10-20T15:00,29.5,76,0.1,4.1,100
2025-10-20T16:00,30.1,72,0,5.5,99
2025-10-20T17:00,27.4,82,1.6,5.9,100
2025-10-20T18:00,27,89,0.3,8.8,99
2025-10-20T19:00,26.8,92,0,6.7,95
2025-10-20T20:00,26.9,90,0,3.1,100
2025-10-20T21:00,26.8,94,0,7,98
2025-10-20T22:00,26.5,97,0,6.3,92
2025-10-20T23:00,26.3,96,0,5.9,98
2025-10-21T00:00,26.1,95,0,4.6,96
2025-10-21T01:00,26.1,94,0,3.4,100
2025-10-21T02:00,26.2,92,0,2,100
2025-10-21T03:00,26.2,93,0,3.5,99
2025-10-21T04:00,25.9,94,0,5.2,90
2025-10-21T05:00,25.6,93,0,6.7,99
2025-10-21T06:00,25.6,93,0,7.2,91
2025-10-21T07:00,26.8,89,0,4.7,94
2025-10-21T08:00,28.4,84,0,7.2,95
2025-10-21T09:00,29,81,0.1,8,77
2025-10-21T10:00,29.5,80,0.1,7.1,84
2025-10-21T11:00,29.8,78,0.1,9.6,54
2025-10-21T12:00,29,82,0.1,6.1,100
2025-10-21T13:00,29.1,82,0.3,3.3,99
2025-10-21T14:00,27.2,88,0.4,5.6,100
2025-10-21T15:00,27.9,83,0.2,7.3,100
2025-10-21T16:00,28.3,80,0.2,5.9,100
2025-10-21T17:00,28.1,80,0.1,5.4,100
2025-10-21T18:00,27.1,88,0.2,7.6,100
2025-10-21T19:00,26.6,89,0,6.5,100
2025-10-21T20:00,26.1,92,0.1,6.9,100
2025-10-21T21:00,25.8,93,0.4,4.5,100
2025-10-21T22:00,25.8,95,0,4.5,100
2025-10-21T23:00,25.9,91,0.1,6.2,100
2025-10-22T00:00,25.8,91,0,6.9,100
2025-10-22T01:00,25.8,92,0,4.9,100
2025-10-22T02:00,25.8,92,0,3,100
2025-10-22T03:00,25.6,94,0,5.1,100
2025-10-22T04:00,25.4,95,0,6.4,97
2025-10-22T05:00,25,95,0.1,5.8,47
2025-10-22T06:00,24.8,95,0,6.3,66
2025-10-22T07:00,25.7,90,0,6,100
2025-10-22T08:00,27.3,85,0,4.6,100
2025-10-22T09:00,28.2,80,0.3,4.1,100
2025-10-22T10:00,28.8,76,0.3,4.9,100
2025-10-22T11:00,29.3,75,0.2,7.2,100
2025-10-22T12:00,29.1,76,0.2,8.2,100
2025-10-22T13:00,29,77,0.1,7,100
2025-10-22T14:00,28.8,78,0.1,4.9,71
2025-10-22T15:00,29.1,77,0.1,1.7,63
2025-10-22T16:00,28.3,79,0.1,1.5,99
2025-10-22T17:00,27,84,2.4,4.2,91
2025-10-22T18:00,25.8,92,0.3,10.1,96
2025-10-22T19:00,24.7,93,2.8,11.1,100
2025-10-22T20:00,24.9,96,1.5,8.1,100
2025-10-22T21:00,25.4,93,0.1,5.9,100
2025-10-22T22:00,25.3,93,0,7.9,100
2025-10-22T23:00,24.7,92,0.3,9.9,100
2025-10-23T00:00,24.6,93,1.3,2.2,100
2025-10-23T01:00,24.7,93,0.3,9.2,100
2025-10-23T02:00,24.7,94,0,11,100
2025-10-23T03:00,24.7,93,0,7.2,100
2025-10-23T04:00,24.4,95,0,8.8,100
2025-10-23T05:00,24.6,93,0,8.3,99
2025-10-23T06:00,24.9,92,0,7.2,97
2025-10-23T07:00,25.9,88,0,6.7,15
2025-10-23T08:00,27.1,83,0,6.1,89
2025-10-23T09:00,28.2,79,0.3,4.5,64
2025-10-23T10:00,28.8,76,0.3,5.7,49
2025-10-23T11:00,28.8,77,0.4,5,59
2025-10-23T12:00,29,76,0.2,6.6,91
2025-10-23T13:00,28.8,79,0.1,5.2,100
2025-10-23T14:00,29.2,75,0.2,4.8,100
2025-10-23T15:00,28.2,80,0.2,3.8,100
2025-10-23T16:00,28.3,78,0.1,3.3,100
2025-10-23T17:00,26.5,86,1.3,10.7,100
2025-10-23T18:00,25.5,91,0.5,7.5,95
2025-10-23T19:00,25.6,93,0,7.2,92
2025-10-23T20:00,24,94,0,4.6,100
2025-10-23T21:00,24.6,96,1.7,5.8,100
2025-10-23T22:00,24.8,95,0.1,7,100
2025-10-23T23:00,25.2,94,0,4.2,100
2025-10-24T00:00,24.9,96,0,7.6,99
2025-10-24T01:00,24.5,97,0,7.5,98
2025-10-24T02:00,24.5,97,0,7,100
2025-10-24T03:00,24.3,98,0,6.1,99
2025-10-24T04:00,24.2,97,0,5.9,100
2025-10-24T05:00,23.9,97,0,6.6,100
2025-10-24T06:00,23.8,95,0,6.9,100
2025-10-24T07:00,24.8,92,0,5.8,100
2025-10-24T08:00,27,82,0,4.5,100
2025-10-24T09:00,28.6,76,0,3.1,100
2025-10-24T10:00,29.5,69,0,4.3,99
2025-10-24T11:00,29.9,67,0,6.8,91
2025-10-24T12:00,29.8,67,0,9.4,37
2025-10-24T13:00,29.7,66,0,9.6,58
2025-10-24T14:00,29.8,69,0,7.7,39
2025-10-24T15:00,29.4,69,0.2,4.7,73
2025-10-24T16:00,29.5,67,0.1,3.5,45
2025-10-24T17:00,29.3,67,0,3.9,13
2025-10-24T18:00,28.6,73,0,4.6,13
2025-10-24T19:00,27.9,80,0,7.5,27
2025-10-24T20:00,28,82,0,5.4,15
2025-10-24T21:00,27.3,87,0,6.9,5
2025-10-24T22:00,26.7,90,0,8.1,93
2025-10-24T23:00,26.4,88,0,6.7,100
2025-10-25T00:00,26.4,86,0,6.3,100
2025-10-25T01:00,26.2,85,0,5.8,100
2025-10-25T02:00,25.7,85,0,6,100
2025-10-25T03:00,25.4,85,0,5.8,100
2025-10-25T04:00,25.3,84,0,5.4,100
2025-10-25T05:00,25.1,87,0,5.7,100
2025-10-25T06:00,25,88,0,7.2,100
2025-10-25T07:00,26.1,84,0,4.4,100
2025-10-25T08:00,27.4,82,0,5.5,100
2025-10-25T09:00,28.4,77,0,3.5,90
2025-10-25T10:00,29.2,73,0.1,4.5,44
2025-10-25T11:00,29.4,73,0.3,5.9,50
2025-10-25T12:00,29.5,72,0,5.7,55
2025-10-25T13:00,29.5,71,0,5.3,84
2025-10-25T14:00,30.3,66,0.1,6.8,100
2025-10-25T15:00,30.4,65,0.1,8.6,99
2025-10-25T16:00,29.6,67,0.8,8.5,77
2025-10-25T17:00,29.1,71,0.3,1.8,46
2025-10-25T18:00,27.7,81,0.1,7,97
2025-10-25T19:00,25.7,92,1.3,6.8,98
2025-10-25T20:00,26.3,93,0.4,2.8,100
2025-10-25T21:00,26.2,93,2.8,4.8,100
2025-10-25T22:00,25.6,96,2.1,3.1,100
2025-10-25T23:00,25.5,94,5,7.3,100
2025-10-26T00:00,25,97,2.5,3.9,100
2025-10-26T01:00,24.9,97,1.2,6.5,100
2025-10-26T02:00,25.4,93,0.4,0.9,100
2025-10-26T03:00,25.3,94,0.1,3.7,99
2025-10-26T04:00,24.8,97,0,7.7,91
2025-10-26T05:00,24.8,97,0,4.6,86
2025-10-26T06:00,24.9,97,0,5,98
2025-10-26T07:00,25.9,90,0,5.4,95
2025-10-26T08:00,26.8,85,0,6.2,89
2025-10-26T09:00,28.3,78,0,3.9,96
2025-10-26T10:00,29.3,73,0,4.9,98
2025-10-26T11:00,29.1,73,0,9.7,98
2025-10-26T12:00,28.6,76,0,4,100
2025-10-26T13:00,28.1,77,0.3,2.4,99
2025-10-26T14:00,28.2,76,0.6,4.6,100
2025-10-26T15:00,27.7,79,0.3,2.8,99
2025-10-26T16:00,27.7,80,0.1,3.1,100
2025-10-26T17:00,27.3,81,0.1,4.4,100
2025-10-26T18:00,26.4,89,1.2,6,100
2025-10-26T19:00,26.1,93,0.7,6.6,100
2025-10-26T20:00,25.5,95,0.2,4.4,100
2025-10-26T21:00,25.1,96,0.6,7.3,100
2025-10-26T22:00,25.2,94,1.9,5.7,100
2025-10-26T23:00,25.5,93,0.3,7.3,100
2025-10-27T00:00,25.3,92,0.1,7.8,100
2025-10-27T01:00,25.1,92,0.2,8.9,100
2025-10-27T02:00,24.7,94,0.5,7.8,100
2025-10-27T03:00,24.5,96,1,8,100
2025-10-27T04:00,24.4,96,0.5,7.1,100
2025-10-27T05:00,24.4,95,3.1,7.1,100
2025-10-27T06:00,24.6,93,0.7,3.7,100
2025-10-27T07:00,25,90,1.5,5.4,99
2025-10-27T08:00,25.6,88,0.2,7.8,100
2025-10-27T09:00,25.9,88,0.2,10.1,100
2025-10-27T10:00,26.9,83,0.5,12.6,100
2025-10-27T11:00,27.7,81,0.2,10.3,100
2025-10-27T12:00,27.9,78,0.1,9.1,100
2025-10-27T13:00,28.4,76,0.1,8,100
2025-10-27T14:00,27.5,77,0.4,5.9,100
2025-10-27T15:00,27.2,76,0.1,2.3,100
2025-10-27T16:00,27,76,0,3,100
2025-10-27T17:00,26.6,78,0.1,3.3,100
2025-10-27T18:00,26,86,0.1,5.6,100
2025-10-27T19:00,25.9,86,0,5,97
2025-10-27T20:00,26.1,86,0,5.1,100
2025-10-27T21:00,26.4,86,0,3.3,99
2025-10-27T22:00,26.1,86,0,5.3,100
2025-10-27T23:00,25.5,87,0,5.8,100
2025-10-28T00:00,25.1,89,0,5.2,100
2025-10-28T01:00,24.7,91,0,5.1,99
2025-10-28T02:00,24.9,92,0,5.4,100
2025-10-28T03:00,24.7,91,0,6.2,98
2025-10-28T04:00,24.3,90,0,7.2,95
2025-10-28T05:00,24.2,87,0,6.7,71
2025-10-28T06:00,24.1,85,0,6.8,36
2025-10-28T07:00,25.4,82,0,5.4,77
2025-10-28T08:00,27.8,76,0,3.5,91
2025-10-28T09:00,29.3,68,0,1.7,78
2025-10-28T10:00,30,67,0,0.4,97
2025-10-28T11:00,30.5,66,0,4.4,100
2025-10-28T12:00,29.8,70,0.1,5.6,100
2025-10-28T13:00,29.6,71,0,3.4,100
2025-10-28T14:00,29.3,71,0.5,1.9,98
2025-10-28T15:00,29.5,70,0.4,1,99
2025-10-28T16:00,29.4,70,0,1,100
2025-10-28T17:00,29.2,71,0,1.2,100
2025-10-28T18:00,29,73,0,1.1,100
2025-10-28T19:00,28.5,78,0,2.1,100
2025-10-28T20:00,28.1,82,0,0.2,100
2025-10-28T21:00,28.2,80,0,1.4,100
2025-10-28T22:00,27.6,86,0,5.1,100
2025-10-28T23:00,27.1,88,0,4.8,100
2025-10-29T00:00,26.6,89,0,5.1,100
2025-10-29T01:00,26.2,89,0,6.2,100
2025-10-29T02:00,26,89,0,4.3,100
2025-10-29T03:00,25.6,90,0.7,2.9,100
2025-10-29T04:00,24.8,93,2.7,6.7,100
2025-10-29T05:00,24.6,93,0.6,6.1,100
2025-10-29T06:00,24.4,94,0.1,10.3,100
2025-10-29T07:00,24.9,92,0,7.7,100
2025-10-29T08:00,26.7,83,0,6.8,100
2025-10-29T09:00,27.8,79,0,6.8,100
2025-10-29T10:00,28.7,76,0,6.6,100
2025-10-29T11:00,28.9,75,0,8,100
2025-10-29T12:00,29.3,75,0.1,8.3,100
2025-10-29T13:00,28.3,76,5.3,11.2,100
2025-10-29T14:00,29.4,70,0.6,6.2,100
2025-10-29T15:00,29.4,67,0.1,4.5,100
2025-10-29T16:00,29,71,0.5,6.5,99
2025-10-29T17:00,28.5,76,0.9,6.8,60
2025-10-29T18:00,27.8,82,0,6.6,98
2025-10-29T19:00,27.6,82,0.2,7,100
2025-10-29T20:00,25.5,92,0,7.9,100
2025-10-29T21:00,25.4,94,3.6,8,100
2025-10-29T22:00,25,94,8.1,10.3,100
2025-10-29T23:00,24.7,95,4.2,9.8,100
2025-10-30T00:00,24.6,95,1.1,8.2,100
2025-10-30T01:00,24.8,94,0.3,8.7,100
2025-10-30T02:00,25.1,93,0.1,8.2,100
2025-10-30T03:00,25,93,0.1,8.7,100
2025-10-30T04:00,24.8,93,0,9.5,98
2025-10-30T05:00,24.7,92,0,10.3,98
2025-10-30T06:00,24.8,91,0,8.8,100
2025-10-30T07:00,25.6,87,0,8,99
2025-10-30T08:00,27.3,81,0,8.7,99
2025-10-30T09:00,28.4,75,0,7.1,100
2025-10-30T10:00,29.2,71,0,6.4,99
2025-10-30T11:00,30,66,0,4.9,77
2025-10-30T12:00,30.2,65,0,5.8,91
2025-10-30T13:00,30.4,65,0,4.7,99
2025-10-30T14:00,30.8,63,0,6.3,100
2025-10-30T15:00,30.2,66,0,4.5,100
2025-10-30T16:00,30.2,67,0,4.7,98
2025-10-30T17:00,29.8,69,0,4.2,100
2025-10-30T18:00,29,75,0,5.5,100
2025-10-30T19:00,28.5,79,0,5.4,100
2025-10-30T20:00,28.6,82,0,2.6,100
2025-10-30T21:00,28.2,88,0,3.5,22
2025-10-30T22:00,27.6,90,0,6.8,27
2025-10-30T23:00,27.1,89,0,6.5,36
2025-10-31T00:00,26.8,89,0,6,63
2025-10-31T01:00,26.6,87,0,6,100
2025-10-31T02:00,26.3,91,0,3.6,99
2025-10-31T03:00,25.2,85,2.6,5.1,100
2025-10-31T04:00,24.7,92,0.2,4.3,100
2025-10-31T05:00,24.9,92,0,1.7,85
2025-10-31T06:00,24.7,95,0,6.6,30
2025-10-31T07:00,25.3,92,0,7.3,10
2025-10-31T08:00,28.4,78,0,2.7,91
2025-10-31T09:00,29.3,74,0.1,4,94
2025-10-31T10:00,29.7,74,0.1,4.3,100
2025-10-31T11:00,30.1,71,0.1,4.2,66
2025-10-31T12:00,30.4,70,0.1,7.4,57
2025-10-31T13:00,30,74,0.2,3.8,84
2025-10-31T14:00,28.6,80,0.3,2.2,76
2025-10-31T15:00,28.4,79,0.3,7.1,100
2025-10-31T16:00,27.1,81,1.7,6.5,20
2025-10-31T17:00,27.4,80,0,6.7,24
2025-10-31T18:00,27.3,82,0,4.5,74
2025-10-31T19:00,27,86,0,3.9,28
2025-10-31T20:00,27.3,85,0,5.4,18
2025-10-31T21:00,26.9,88,0,5.2,74
2025-10-31T22:00,26.5,87,0,5.4,13
2025-10-31T23:00,25.9,88,0,6,22
2025-11-01T00:00,26.1,87,0,3.6,9
2025-11-01T01:00,26.2,85,0,6,94
2025-11-01T02:00,25.6,90,0,5,70
2025-11-01T03:00,25.1,93,0,3.4,94
2025-11-01T04:00,24.9,93,0,3.4,84
2025-11-01T05:00,24.7,92,0,4.1,2
2025-11-01T06:00,24.8,91,0,3,0
2025-11-01T07:00,26.3,86,0,3.4,0
2025-11-01T08:00,27.8,80,0,2.1,0
2025-11-01T09:00,29.1,76,0,1.7,19
2025-11-01T10:00,30.2,69,0,3.2,30
2025-11-01T11:00,31,61,0,5.6,20
2025-11-01T12:00,31.1,59,0,7.1,21
2025-11-01T13:00,31.2,60,0,6.4,23
2025-11-01T14:00,30.4,65,0,5.5,48
2025-11-01T15:00,30.2,66,0,1.4,43
2025-11-01T16:00,30.4,63,0,4,88
2025-11-01T17:00,28.8,71,0,7.7,70
2025-11-01T18:00,27.3,80,0,9.7,29
2025-11-01T19:00,26.9,83,0,7.5,61
2025-11-01T20:00,28.1,87,0,3.2,27
2025-11-01T21:00,28,86,0,3.1,45
2025-11-01T22:00,27.6,90,0,4.2,56
2025-11-01T23:00,27.3,90,0,6.3,61
2025-11-02T00:00,26.9,90,0,4.3,34
2025-11-02T01:00,26.6,90,0,3.3,30
2025-11-02T02:00,26.5,92,0,4.5,56
2025-11-02T03:00,26.1,93,0,4.9,63
2025-11-02T04:00,25.6,94,0,5.3,38
2025-11-02T05:00,25.5,90,0,5.6,16
2025-11-02T06:00,25.2,90,0,5,13
2025-11-02T07:00,26.7,83,0,4.5,6
2025-11-02T08:00,28.9,73,0,2.4,9
2025-11-02T09:00,30.2,69,0,2.4,7
2025-11-02T10:00,31,64,0,5.5,3
2025-11-02T11:00,31.5,63,0,8.1,12
2025-11-02T12:00,30.8,67,0,9.4,21
2025-11-02T13:00,30.4,69,0.2,2.9,71
2025-11-02T14:00,30.1,68,0,2,77
2025-11-02T15:00,29.6,69,0.2,4.4,73
2025-11-02T16:00,29.1,71,0.1,5.4,91
2025-11-02T17:00,27.9,77,0.6,8.3,99
2025-11-02T18:00,27.5,80,0,6.5,88
2025-11-02T19:00,27.2,83,0,5.5,76
2025-11-02T20:00,26,87,0,6.5,51
2025-11-02T21:00,26.2,87,0,6.2,51
2025-11-02T22:00,26.3,86,0,6.5,100
2025-11-02T23:00,26.2,86,0,4.8,88
2025-11-03T00:00,25.9,88,0,4,13
2025-11-03T01:00,25.5,89,0,5.2,17
2025-11-03T02:00,25,91,0,4.5,5
2025-11-03T03:00,24.8,90,0,4.5,8
2025-11-03T04:00,24.6,89,0,4.9,87
2025-11-03T05:00,24.3,89,0,7.1,99
2025-11-03T06:00,24.4,86,0,5.2,99
2025-11-03T07:00,25.6,82,0,7.2,99
2025-11-03T08:00,28,74,0,3.3,63
2025-11-03T09:00,29.7,67,0,1.5,64
2025-11-03T10:00,30.6,63,0,2.8,95
2025-11-03T11:00,31,62,0,6.6,98
2025-11-03T12:00,30.4,68,0,8.7,97
2025-11-03T13:00,30.8,65,0.1,7.6,89
2025-11-03T14:00,31,65,0.1,6,91
2025-11-03T15:00,30.9,64,0,5.1,85
2025-11-03T16:00,30.6,64,0,4.9,69
2025-11-03T17:00,30.3,63,0,3.1,100
2025-11-03T18:00,29.9,65,0,2.9,100
2025-11-03T19:00,29.1,72,0,4.5,84
2025-11-03T20:00,29.1,72,0,2.8,98
2025-11-03T21:00,28.3,80,0,6.6,98
2025-11-03T22:00,27.5,84,0,8.1,100
2025-11-03T23:00,27,83,0,8.1,99
2025-11-04T00:00,26.7,80,0,6.8,100
2025-11-04T01:00,26.4,82,0,7.2,99
2025-11-04T02:00,26.6,82,0,6,100
2025-11-04T03:00,26.5,82,0,2.5,100
2025-11-04T04:00,25.4,86,0,17.3,99
2025-11-04T05:00,25.7,85,0,7,60
2025-11-04T06:00,25.3,87,0,4.4,79
2025-11-04T07:00,25.9,84,0,7,96
2025-11-04T08:00,28.3,76,0,6.4,100
2025-11-04T09:00,27.8,77,0.1,13.9,100
2025-11-04T10:00,28.3,74,0,9.7,100
2025-11-04T11:00,29.3,70,0,6.6,100
2025-11-04T12:00,30.2,66,0,9.4,98
2025-11-04T13:00,30.2,66,0,10.1,99
2025-11-04T14:00,30.2,64,0,11.1,95
2025-11-04T15:00,30.3,63,0,9.3,94
2025-11-04T16:00,30,64,0,8.9,98
2025-11-04T17:00,29.4,66,0,8.1,100
2025-11-04T18:00,28.9,69,0,7.8,98
2025-11-04T19:00,28.9,69,0,5.1,99
2025-11-04T20:00,29,71,0,6.8,100
2025-11-04T21:00,28.7,74,0,6.9,99
2025-11-04T22:00,28,79,0,6.4,97
2025-11-04T23:00,27.4,83,0,6.6,99
2025-11-05T00:00,26.8,86,0,7.4,100
2025-11-05T01:00,26.4,85,0,6.8,100
2025-11-05T02:00,26,86,0,5.6,100
2025-11-05T03:00,25.6,85,0,6.5,100
2025-11-05T04:00,25.1,83,0,7.6,99
2025-11-05T05:00,24.9,82,0,7.4,100
2025-11-05T06:00,24.8,80,0,7.4,100
2025-11-05T07:00,26.2,74,0,7.2,93
2025-11-05T08:00,28.7,66,0,7.1,89
2025-11-05T09:00,30,64,0,4,98
2025-11-05T10:00,30.9,59,0,5.3,97
2025-11-05T11:00,31.3,57,0.1,6.7,98
2025-11-05T12:00,31.9,54,0.2,8.3,96
2025-11-05T13:00,31.4,58,0.2,9.1,85
2025-11-05T14:00,31.5,55,0.1,10.4,98
2025-11-05T15:00,31.2,56,0,7.9,100
2025-11-05T16:00,31,58,0,5.9,100
2025-11-05T17:00,29.9,61,0,1.8,100
2025-11-05T18:00,29.9,62,0,2.2,98
2025-11-05T19:00,29.6,63,0,4.4,93
2025-11-05T20:00,28,73,0,8.9,95
2025-11-05T21:00,27.5,76,0.1,7.7,99
2025-11-05T22:00,27.3,76,0,7,98
2025-11-05T23:00,27.3,76,0,6.5,100
2025-11-06T00:00,26.9,81,0,7.8,98
2025-11-06T01:00,26.5,81,0,7.2,100
2025-11-06T02:00,26.3,80,0,7.8,100
2025-11-06T03:00,26.3,78,0,7.1,99
2025-11-06T04:00,26.1,77,0,5.9,100
2025-11-06T05:00,25.8,77,0,7.3,100
2025-11-06T06:00,25.8,75,0,6.1,100
2025-11-06T07:00,27.1,70,0,6,35
2025-11-06T08:00,29.2,63,0,3,100
2025-11-06T09:00,30.5,60,0,2.5,99
2025-11-06T10:00,31,57,0,4.5,100
2025-11-06T11:00,31.4,56,0.2,5.9,100
2025-11-06T12:00,31.5,58,0.1,7.3,100
2025-11-06T13:00,30.9,61,0,8.7,89
2025-11-06T14:00,28.8,70,0,7.3,100
2025-11-06T15:00,29,69,0.2,5,100
2025-11-06T16:00,29,69,0.2,2.8,100
2025-11-06T17:00,28,74,0.1,4.8,100
2025-11-06T18:00,27.1,79,0.1,3.3,100
2025-11-06T19:00,27.4,78,0,1.4,100
2025-11-06T20:00,27,84,0,5.5,100
2025-11-06T21:00,26.9,84,0,9.1,100
2025-11-06T22:00,26.6,83,0,7.9,98
2025-11-06T23:00,26.7,82,0,7.3,100
2025-11-07T00:00,27,80,0,6.9,100
2025-11-07T01:00,26.8,82,0,5,97
2025-11-07T02:00,26.5,81,0,3.8,99
2025-11-07T03:00,26.5,83,0,4.1,99
2025-11-07T04:00,26.2,87,0,6.3,95
2025-11-07T05:00,26.1,89,0,6.7,59
2025-11-07T06:00,26.1,89,0,9,98
2025-11-07T07:00,26.9,83,0,9.9,96
2025-11-07T08:00,28.8,70,0.1,9.9,97
2025-11-07T09:00,29.4,70,0,10.8,60
2025-11-07T10:00,29.8,69,0.1,11.9,84
2025-11-07T11:00,29.8,69,0.1,10.6,95
2025-11-07T12:00,29.9,67,0.1,8.9,100
2025-11-07T13:00,29.2,69,0,8.1,100
2025-11-07T14:00,28,75,0.3,5.3,89
2025-11-07T15:00,28.4,75,0.3,7,67
2025-11-07T16:00,28.1,75,0.2,10.4,83
2025-11-07T17:00,27.7,77,0,10.7,96
2025-11-07T18:00,27.3,80,0,9,76
2025-11-07T19:00,26.9,83,0,9.2,91
2025-11-07T20:00,26.6,86,0,9.7,100
2025-11-07T21:00,26.9,83,0,9,88
2025-11-07T22:00,26.9,84,0,6.8,100
2025-11-07T23:00,26.8,86,0,6.4,98
2025-11-08T00:00,25.8,89,2.3,6.3,100
2025-11-08T01:00,24.6,89,13.5,7.7,100
2025-11-08T02:00,25.4,93,0.7,9,100
2025-11-08T03:00,25,95,0.3,7.6,100
2025-11-08T04:00,24.5,96,0.3,7.7,100
2025-11-08T05:00,24.5,95,0.7,5.8,100
2025-11-08T06:00,24.5,93,2.7,5.3,100
2025-11-08T07:00,24.7,94,0.4,5.4,41
2025-11-08T08:00,25.3,91,0.1,7.4,98
2025-11-08T09:00,26,88,0.1,5.4,23
2025-11-08T10:00,27.9,83,0.2,2.4,87
2025-11-08T11:00,29,77,0.1,4.9,65
2025-11-08T12:00,29.6,74,0,6,84
2025-11-08T13:00,29.6,72,0,6.3,53
2025-11-08T14:00,30.2,66,0,6.3,100
2025-11-08T15:00,29.9,68,0,6.3,100
2025-11-08T16:00,29.7,71,0,4.1,99
2025-11-08T17:00,29.5,72,0,2.2,99
2025-11-08T18:00,29,77,0,3.1,100
2025-11-08T19:00,28.9,81,0,3.7,100
2025-11-08T20:00,28.7,86,0,1.1,95
2025-11-08T21:00,29,79,0,3.1,58
2025-11-08T22:00,27.7,86,0,5.2,15
2025-11-08T23:00,26.8,88,0,6.6,41
2025-11-09T00:00,26.2,83,0,6.7,98
2025-11-09T01:00,25.7,81,0,7,98
2025-11-09T02:00,25.8,86,0,3.8,100
2025-11-09T03:00,25.2,86,0,5.4,97
2025-11-09T04:00,24.9,86,0,5.8,89
2025-11-09T05:00,24.8,85,0,5.1,94
2025-11-09T06:00,24.9,83,0,3,39
2025-11-09T07:00,26.2,81,0,3.3,99
2025-11-09T08:00,26.9,78,0,14.3,100
2025-11-09T09:00,26.5,86,1.5,5.8,100
2025-11-09T10:00,26.9,82,0.3,4.6,100
2025-11-09T11:00,28.2,78,0.1,5.2,100
2025-11-09T12:00,28.6,75,0.3,9.3,100
2025-11-09T13:00,28.6,74,0.4,10,92
2025-11-09T14:00,25.7,86,0.5,14,100
2025-11-09T15:00,26.2,86,2.4,14.2,100
2025-11-09T16:00,26.2,85,0.5,11.8,100
2025-11-09T17:00,26.3,87,2.7,7.7,100
2025-11-09T18:00,26.1,93,0.4,3.9,100
2025-11-09T19:00,25.3,93,2.2,5.4,100
2025-11-09T20:00,25.3,96,3.1,5,100
2025-11-09T21:00,25.1,94,1.8,7.8,100
2025-11-09T22:00,25,96,0.2,6.6,100
2025-11-09T23:00,24.9,95,0.2,8.3,100
2025-11-10T00:00,24.9,94,0.1,8.2,100
2025-11-10T01:00,25,93,0,8.3,100
2025-11-10T02:00,24.9,92,0,8.6,100
2025-11-10T03:00,25,92,0.1,9.4,100
2025-11-10T04:00,24.7,92,0.2,11.1,100
2025-11-10T05:00,24.7,92,0.1,9.7,100
2025-11-10T06:00,24.9,91,0.1,9.1,100
2025-11-10T07:00,25.6,90,0.1,6.8,100
2025-11-10T08:00,26.3,86,0.2,6.2,100
2025-11-10T09:00,27,83,0.2,7.8,100
2025-11-10T10:00,27.6,79,0.2,8.1,100
2025-11-10T11:00,26.7,82,2.3,5.5,100
2025-11-10T12:00,27.1,81,0.1,4.2,100
2025-11-10T13:00,27.6,82,0.2,4.4,100
2025-11-10T14:00,27.8,80,0.4,4.5,100
2025-11-10T15:00,27.1,82,0.5,2.2,100
2025-11-10T16:00,26.6,84,1.7,3.1,100
2025-11-10T17:00,26.4,84,2.6,4.6,100
2025-11-10T18:00,25.5,94,0.4,7.9,100
2025-11-10T19:00,25.4,95,0.3,6.7,100
2025-11-10T20:00,25.1,94,0.1,6.6,100
2025-11-10T21:00,25.2,94,0,7.7,100
2025-11-10T22:00,25.2,94,0,7.3,100
2025-11-10T23:00,25.2,94,0,5.7,100
2025-11-11T00:00,25.2,93,0.2,7.1,100
2025-11-11T01:00,25,94,0.3,4.7,98
2025-11-11T02:00,25,93,0.1,7,100
2025-11-11T03:00,24.9,93,0,7.3,100
2025-11-11T04:00,25,92,0,8.1,84
2025-11-11T05:00,24.9,92,0,6.5,100
2025-11-11T06:00,25,92,0,5,100
2025-11-11T07:00,25.2,93,0,2.5,98
2025-11-11T08:00,26.4,83,0,4.5,100
2025-11-11T09:00,27.4,80,0.1,3.6,100
2025-11-11T10:00,28.2,79,0.1,5.4,95
2025-11-11T11:00,28.4,79,0.1,5.9,64
2025-11-11T12:00,28.2,79,0.2,8.1,95
2025-11-11T13:00,28,80,0.2,3.8,100
2025-11-11T14:00,27.8,78,0.2,4.9,99
2025-11-11T15:00,27.1,82,0.2,3.8,100
2025-11-11T16:00,26.3,86,0.4,5.2,100
2025-11-11T17:00,26.1,86,0.4,2.2,100
2025-11-11T18:00,25.9,88,0.1,4.8,99
2025-11-11T19:00,25.6,93,0.1,7.5,80
2025-11-11T20:00,25.6,90,0,4.8,100
2025-11-11T21:00,25.3,93,0.1,7,99
2025-11-11T22:00,25.3,93,0.2,5.1,100
2025-11-11T23:00,25.2,93,0.1,4.5,100
2025-11-12T00:00,25,93,0,5.3,99
2025-11-12T01:00,25,91,0.1,6.3,100
2025-11-12T02:00,25.1,90,0,4.8,100
2025-11-12T03:00,25,90,0,6.4,100
2025-11-12T04:00,24.6,91,0,6.3,100
2025-11-12T05:00,24.6,91,0,6.8,100
2025-11-12T06:00,24.7,90,0.1,5.6,100
2025-11-12T07:00,25.3,86,0.1,5.8,100
2025-11-12T08:00,27.1,78,0,5.1,38
2025-11-12T09:00,28.2,73,0,5.1,85
2025-11-12T10:00,28.5,74,0.1,5.8,98
2025-11-12T11:00,29,72,0.7,10.6,95
2025-11-12T12:00,27.7,82,1.2,9.3,98
2025-11-12T13:00,27.7,80,0.1,13.5,96
2025-11-12T14:00,26.6,86,0.2,5.6,100
2025-11-12T15:00,26.7,85,0.3,4.7,100
2025-11-12T16:00,26.1,87,0.3,6.6,100
2025-11-12T17:00,25.9,85,0.7,7.9,100
2025-11-12T18:00,25.5,92,1,7.5,100
2025-11-12T19:00,25.4,90,4.8,9,100
2025-11-12T20:00,25.4,97,2.1,4.9,100
2025-11-12T21:00,25.3,90,6.6,2.9,100
2025-11-12T22:00,25.3,93,2.6,1,100
2025-11-12T23:00,25.2,91,2.3,2.7,100
2025-11-13T00:00,24.7,94,3.1,5.6,100
2025-11-13T01:00,24.6,92,0.6,8.2,100
2025-11-13T02:00,24.7,96,0.4,6.7,100
2025-11-13T03:00,24.6,95,0.5,6,100
2025-11-13T04:00,24.4,95,0.5,8.7,100
2025-11-13T05:00,24.7,94,0.5,8.4,100
2025-11-13T06:00,24.5,96,0.7,8.8,100
2025-11-13T07:00,25.3,90,0.6,9.3,100
2025-11-13T08:00,25,93,0.5,6.4,100
2025-11-13T09:00,25.7,90,0.6,8.3,100
2025-11-13T10:00,26.1,88,1,11.1,100
2025-11-13T11:00,26.6,84,0.6,9,100
2025-11-13T12:00,26.7,84,0.2,9.8,100
2025-11-13T13:00,26.5,87,0.3,10,100
2025-11-13T14:00,26.3,87,0.5,5.8,100
2025-11-13T15:00,26.3,85,0.3,9.3,100
2025-11-13T16:00,25.6,86,0.3,13.1,100
2025-11-13T17:00,26.1,84,0.3,7.8,100
2025-11-13T18:00,26,86,0.1,12,100
2025-11-13T19:00,25.9,87,0.2,11.9,100
2025-11-13T20:00,24.7,95,0.3,10.3,100
2025-11-13T21:00,25.2,92,1.1,11.7,100
2025-11-13T22:00,25.6,91,0.8,12.6,100
2025-11-13T23:00,25.3,91,2.7,15.8,100
2025-11-14T00:00,25.2,93,4.2,14.6,100
2025-11-14T01:00,25.3,93,1.9,11.8,100
2025-11-14T02:00,25.2,95,3.9,10.9,100
2025-11-14T03:00,25.3,94,1.2,8.2,100
2025-11-14T04:00,25,91,2.7,12.7,100
2025-11-14T05:00,25,93,2.1,6.2,100
2025-11-14T06:00,24.8,93,0.6,5.5,100
2025-11-14T07:00,24.2,94,1.8,4.9,100
2025-11-14T08:00,24.9,89,0.9,4.5,100
2025-11-14T09:00,25,94,1.4,6.9,100
2025-11-14T10:00,25.6,92,1.3,10.1,100
2025-11-14T11:00,26.3,87,0.4,9.2,100
2025-11-14T12:00,27,81,0,10.6,100
2025-11-14T13:00,26.8,82,1,14.3,100
2025-11-14T14:00,26.3,86,0.1,13,100
2025-11-14T15:00,27.1,80,0.2,12.2,100
2025-11-14T16:00,26.4,89,3.7,13,100
2025-11-14T17:00,26.8,86,0.3,10.6,100
2025-11-14T18:00,26.3,87,0.1,9.6,100
2025-11-14T19:00,26.2,89,0.2,3.8,100
2025-11-14T20:00,25.7,89,0.1,2.7,100
2025-11-14T21:00,25.8,90,0.2,1.8,100
2025-11-14T22:00,25.4,90,0.3,1.6,100
2025-11-14T23:00,25.3,89,0.3,3.9,100
2025-11-15T00:00,25,89,1.7,0.7,100
2025-11-15T01:00,25,93,1,6,100
2025-11-15T02:00,24.5,95,0.2,4.4,100
2025-11-15T03:00,24.2,96,0.6,3.4,100
2025-11-15T04:00,24.3,95,0.3,5.8,100
2025-11-15T05:00,23.9,95,0.1,10,100
2025-11-15T06:00,24.1,93,0.2,7.7,100
2025-11-15T07:00,24.9,92,0.3,4.9,100
2025-11-15T08:00,26.6,83,2.1,6.6,100
2025-11-15T09:00,27.3,78,0.4,10.1,100
2025-11-15T10:00,26.1,84,1.8,17.1,100
2025-11-15T11:00,26.6,85,0.7,3.2,100
2025-11-15T12:00,27.3,83,0.8,1,100
2025-11-15T13:00,27.6,83,0.6,2.9,95
2025-11-15T14:00,28.2,78,0.4,14.7,99
2025-11-15T15:00,26.7,81,1.6,2.4,99
2025-11-15T16:00,25.7,87,0.4,4.9,100
2025-11-15T17:00,25.1,88,1.7,12.4,100
2025-11-15T18:00,25,91,0.2,9.4,100
2025-11-15T19:00,25.3,90,0.2,7,100
2025-11-15T20:00,25.6,95,0.2,1.4,100
2025-11-15T21:00,25.4,94,0.2,5.4,100
2025-11-15T22:00,25,95,0.3,8.7,100
2025-11-15T23:00,24.8,95,0.4,8.3,100
2025-11-16T00:00,24.8,92,0.2,6.9,100
2025-11-16T01:00,24.8,92,0.1,7.4,100
2025-11-16T02:00,24.9,91,0,5.5,100
2025-11-16T03:00,25,91,0,5.7,100
2025-11-16T04:00,25,91,0,6.6,100
2025-11-16T05:00,25,89,0,6.2,100
2025-11-16T06:00,25.1,88,0,6.3,100
2025-11-16T07:00,25.7,89,0,4.8,100
2025-11-16T08:00,26.4,87,0,6.2,100
2025-11-16T09:00,27.7,78,0,4.6,59
2025-11-16T10:00,29,72,0,4.3,66
2025-11-16T11:00,29.3,70,0.1,7.1,100
2025-11-16T12:00,29.4,70,0.1,8.2,89
2025-11-16T13:00,29.6,70,0,10,86
2025-11-16T14:00,29.9,67,0,9.7,95
2025-11-16T15:00,29.9,67,0,6,84
2025-11-16T16:00,29.7,67,0,4.2,93
2025-11-16T17:00,29.3,69,0,5.1,92
2025-11-16T18:00,28.5,76,0,5.2,84
2025-11-16T19:00,28.2,78,0,5.2,84
2025-11-16T20:00,28.2,81,0,3.4,93
2025-11-16T21:00,28.1,83,0,2.8,100
2025-11-16T22:00,27.5,85,0,4.4,95
2025-11-16T23:00,26.8,89,0,6.4,97
2025-11-17T00:00,26.3,91,0,6.9,99
2025-11-17T01:00,26.1,91,0,6.8,100
2025-11-17T02:00,26.1,92,0,5.4,100
2025-11-17T03:00,26,91,0,7.2,100
2025-11-17T04:00,25.8,90,0,7.7,100
2025-11-17T05:00,25.6,90,0,8.5,99
2025-11-17T06:00,25.3,89,0,8.5,99
2025-11-17T07:00,26.5,85,0,6.8,95
2025-11-17T08:00,27.9,79,0,7.8,100
2025-11-17T09:00,28.9,77,0,7.3,100
2025-11-17T10:00,29.5,74,0,6.2,100
2025-11-17T11:00,29.7,74,0,6.9,99
2025-11-17T12:00,29.8,75,0,7.9,99
2025-11-17T13:00,30,73,0,8.9,100
2025-11-17T14:00,30.5,59,0,9.9,100
2025-11-17T15:00,29.6,72,0.1,6,100
2025-11-17T16:00,29.8,68,0,2.9,100
2025-11-17T17:00,29.3,70,0,3.3,100
2025-11-17T18:00,28,82,0,9,98
2025-11-17T19:00,26.8,88,0,9.4,99
2025-11-17T20:00,26.8,88,0,7,98
2025-11-17T21:00,26.8,86,0,6.5,97
2025-11-17T22:00,26.7,85,0,5.8,98
2025-11-17T23:00,26.5,85,0,5.2,99
2025-11-18T00:00,26.2,87,0,5.3,100
2025-11-18T01:00,25.7,88,0,6.8,100
2025-11-18T02:00,25.9,92,0,4.4,100
2025-11-18T03:00,25.9,91,0,4.2,100
2025-11-18T04:00,25.7,90,0,6.3,100
2025-11-18T05:00,25.5,87,0,6.8,100
2025-11-18T06:00,25.4,85,0,6.3,100
2025-11-18T07:00,26.1,84,0,7.4,100
2025-11-18T08:00,27.9,78,0,6,91
2025-11-18T09:00,28.8,74,0.1,6.6,95
2025-11-18T10:00,29.4,71,0.1,7,99
2025-11-18T11:00,30,67,0,6.7,94
2025-11-18T12:00,30.4,64,0,8.2,98
2025-11-18T13:00,30.4,64,0,10.3,98
2025-11-18T14:00,29.3,68,1.2,13.1,100
2025-11-18T15:00,28.4,78,3.5,9.5,100
2025-11-18T16:00,27.4,80,0.4,9.7,100
2025-11-18T17:00,26.7,84,0.2,10.3,100
2025-11-18T18:00,26.5,86,0,7.5,100
2025-11-18T19:00,26.3,89,0,9.3,100
2025-11-18T20:00,27,88,0,9.2,100
2025-11-18T21:00,26.6,90,0.1,8,100
2025-11-18T22:00,26.4,87,0.8,5.9,100
2025-11-18T23:00,26.3,90,0,6,100
2025-11-19T00:00,26.1,92,0,6.6,100
2025-11-19T01:00,26.2,91,0,7.4,100
2025-11-19T02:00,26.3,89,0,8.6,100
2025-11-19T03:00,26,90,0,8.1,100
2025-11-19T04:00,25.3,92,1.9,6.1,100
2025-11-19T05:00,25,93,2.3,6.4,100
2025-11-19T06:00,25,95,1.3,4.9,100
2025-11-19T07:00,25,93,0.8,4.4,100
2025-11-19T08:00,25.5,91,0.1,9.3,100
2025-11-19T09:00,26.9,84,0.1,6.2,100
2025-11-19T10:00,27.5,81,0.2,9.4,100
2025-11-19T11:00,28.1,80,0.1,12.7,100
2025-11-19T12:00,27.9,80,0.1,10,100
2025-11-19T13:00,27.4,83,3.1,7.5,100
2025-11-19T14:00,26.5,86,0.1,8.9,100
2025-11-19T15:00,27.1,82,0.1,7.1,100
2025-11-19T16:00,27.2,82,0.1,4.7,100
2025-11-19T17:00,27.2,81,0.2,4,99
2025-11-19T18:00,26.7,87,0,6.9,100
2025-11-19T19:00,26.4,89,0,6.5,100
2025-11-19T20:00,27,87,0,7.3,100
2025-11-19T21:00,26.8,88,0,8.3,100
2025-11-19T22:00,26.5,89,0,8,100
2025-11-19T23:00,26.3,89,0,7.9,100
2025-11-20T00:00,26.1,90,0,8.6,100
2025-11-20T01:00,25.8,90,0.3,5,100
2025-11-20T02:00,24.8,91,2.5,4.3,100
2025-11-20T03:00,25.2,91,0.3,2.3,100
2025-11-20T04:00,25.1,94,0.2,0.5,100
2025-11-20T05:00,24.8,95,0,4.3,100
2025-11-20T06:00,24.5,96,0,7.3,100
2025-11-20T07:00,25.3,93,0,7.2,100
2025-11-20T08:00,26.9,85,0,5,100
2025-11-20T09:00,28,79,0,5.2,99
2025-11-20T10:00,28.7,76,0.1,9.9,96
2025-11-20T11:00,29.1,73,0.2,11.1,91
2025-11-20T12:00,29.4,71,0.1,11.4,94
2025-11-20T13:00,29.5,72,0,11.2,95
2025-11-20T14:00,29.8,68,0,10.3,99
2025-11-20T15:00,29.4,68,0,9.6,98
2025-11-20T16:00,29.1,70,0.2,10.3,99
2025-11-20T17:00,28.2,76,0.4,8.5,100
2025-11-20T18:00,27.9,81,0.1,3.8,100
2025-11-20T19:00,27.7,80,0.2,2.6,100
2025-11-20T20:00,26.5,93,0,6.8,91
2025-11-20T21:00,26.2,92,0.1,5.9,100
2025-11-20T22:00,26.2,88,0.1,6.1,95
2025-11-20T23:00,26,87,0,6.3,100
2025-11-21T00:00,25.6,87,0,7.8,100
2025-11-21T01:00,25.4,88,0,8.8,100
2025-11-21T02:00,25.9,87,0.1,6.5,100
2025-11-21T03:00,25.9,88,0,5.4,100
2025-11-21T04:00,25.7,90,0.1,4.9,100
2025-11-21T05:00,25.7,90,0.2,5.9,100
2025-11-21T06:00,25.8,89,0.1,3.9,100
2025-11-21T07:00,26.1,87,0.1,3.1,100
2025-11-21T08:00,26.9,83,0.1,8.1,100
2025-11-21T09:00,27.1,82,0.2,8.5,100
2025-11-21T10:00,27.7,79,0.2,11.1,100
2025-11-21T11:00,27.5,81,0.1,12,100
2025-11-21T12:00,26.8,83,1.5,11.8,100
2025-11-21T13:00,26.8,84,0.4,9.4,100
2025-11-21T14:00,27.3,81,0.2,8,100
2025-11-21T15:00,27.6,81,0.4,6.9,100
2025-11-21T16:00,27.5,80,0.1,5.7,100
2025-11-21T17:00,27.2,81,0.1,5.3,98
2025-11-21T18:00,26.9,83,0.1,4.8,100
2025-11-21T19:00,26.5,88,0,4.6,100
2025-11-21T20:00,26.6,87,0.1,4.5,100
2025-11-21T21:00,26.3,90,0.1,6.7,100
2025-11-21T22:00,26,91,0,6.7,100
2025-11-21T23:00,25.9,90,0,6.9,100
2025-11-22T00:00,25.7,89,0,7.3,100
2025-11-22T01:00,25.7,88,0,6,100
2025-11-22T02:00,25.8,89,0,4.1,100
2025-11-22T03:00,25.7,90,0,4.9,100
2025-11-22T04:00,25.5,90,0,6.6,98
2025-11-22T05:00,25.3,89,0,6.4,99
2025-11-22T06:00,25.2,88,0,6.5,98
2025-11-22T07:00,25.9,88,0,7.2,85
2025-11-22T08:00,27.5,79,0,6.2,57
2025-11-22T09:00,28.6,75,0,8.1,81
2025-11-22T10:00,29.1,73,0,9.1,44
2025-11-22T11:00,29.3,73,0.2,10.5,74
2025-11-22T12:00,29.6,71,0.1,12.1,99
2025-11-22T13:00,29.6,70,0,12.1,100
2025-11-22T14:00,29.9,67,0,10.6,100
2025-11-22T15:00,29.2,73,3,9,100
2025-11-22T16:00,28.9,75,1.3,4.6,100
2025-11-22T17:00,28.7,75,0,0.3,100
2025-11-22T18:00,27.2,83,0.5,1.2,100
2025-11-22T19:00,26.5,85,0.8,4.7,100
2025-11-22T20:00,26.1,96,0.2,4.9,100
2025-11-22T21:00,26,95,0.1,6.6,100
2025-11-22T22:00,25.9,95,0,5.3,100
2025-11-22T23:00,26.1,93,0,2.3,100
2025-11-23T00:00,26.1,91,0,5,100
2025-11-23T01:00,25.6,94,0,5.6,100
2025-11-23T02:00,25.4,96,0.1,4.3,100
2025-11-23T03:00,25.3,94,0.1,4.6,100
2025-11-23T04:00,25.3,93,0.2,3.8,100
2025-11-23T05:00,25,94,0.1,1.5,100
2025-11-23T06:00,25.7,91,0.1,4.3,100
2025-11-23T07:00,26.5,87,0,6.3,100
2025-11-23T08:00,27.8,83,0,7.4,100
2025-11-23T09:00,28.2,79,0.1,9.2,100
2025-11-23T10:00,28.4,77,0.2,10.6,100
2025-11-23T11:00,27.7,82,0.2,9.8,100
2025-11-23T12:00,26.5,86,1.6,10.1,100
2025-11-23T13:00,27.5,83,0.2,6,100
2025-11-23T14:00,27.5,82,0.1,4.5,100
2025-11-23T15:00,27.4,81,0.2,9.1,100
2025-11-23T16:00,27,82,0.2,7.3,100
2025-11-23T17:00,26.9,83,0.1,5.8,100
2025-11-23T18:00,26.7,84,0,6.6,100
2025-11-23T19:00,26.4,87,0,7.2,100
2025-11-23T20:00,27.3,85,0,6.5,100
2025-11-23T21:00,26.9,88,0,7.4,100
2025-11-23T22:00,26.5,88,0,7.5,100
2025-11-23T23:00,26.3,87,0,8.3,100
2025-11-24T00:00,25.9,87,0,8.5,100
2025-11-24T01:00,25.6,87,0,7.2,100
2025-11-24T02:00,26,85,0,4.8,100
2025-11-24T03:00,25.8,88,0.2,6.4,100
2025-11-24T04:00,25.6,88,0,6.9,100
2025-11-24T05:00,25.4,88,0,7.3,100
2025-11-24T06:00,25.3,86,0,6.5,100
2025-11-24T07:00,25.4,89,0.5,4.3,100
2025-11-24T08:00,26.9,85,0,3.5,100
2025-11-24T09:00,28,81,0,0.4,100
2025-11-24T10:00,28.7,79,0.1,0,100
2025-11-24T11:00,28.1,80,0.2,8.8,100
2025-11-24T12:00,26.1,86,3.1,12,100
2025-11-24T13:00,27.3,80,0.2,7.6,100
2025-11-24T14:00,27.1,81,0.1,5.6,100
2025-11-24T15:00,27.1,79,0.1,4.6,100
2025-11-24T16:00,27.3,80,0,4.3,100
2025-11-24T17:00,27.1,81,0,4.7,100
2025-11-24T18:00,26.9,84,0,4.5,100
2025-11-24T19:00,26.5,87,0,5.9,100
2025-11-24T20:00,26.5,86,0,6.3,100
2025-11-24T21:00,26.6,85,0,6.4,100
2025-11-24T22:00,26.9,83,0,5.4,100
2025-11-24T23:00,26.9,83,0,5.4,100
2025-11-25T00:00,26.5,87,0,5.2,100
2025-11-25T01:00,26.2,89,0,6.2,100
2025-11-25T02:00,25.8,91,0,5.1,100
2025-11-25T03:00,25.7,90,0.1,6.3,100
2025-11-25T04:00,25,93,0.5,0.9,100
2025-11-25T05:00,25.1,91,0.1,2.7,99
2025-11-25T06:00,24.9,92,0,4.9,100
2025-11-25T07:00,25.5,93,0,4.9,58
2025-11-25T08:00,27.3,84,0,3.6,100
2025-11-25T09:00,27.3,84,0.3,8.3,100
2025-11-25T10:00,27.9,80,0.1,8.8,100
2025-11-25T11:00,28.6,76,0,8.8,99
2025-11-25T12:00,29,75,0,8.9,100
2025-11-25T13:00,29,75,0.1,9.8,100
2025-11-25T14:00,29.1,75,0.1,8.5,100
2025-11-25T15:00,29,75,0,8.4,100
2025-11-25T16:00,28.5,77,0,8.5,100
2025-11-25T17:00,28.3,77,0,6.8,100
2025-11-25T18:00,28.1,78,0,6.7,100
2025-11-25T19:00,27.9,80,0,5.5,100
2025-11-25T20:00,26.6,90,0,5.4,100
2025-11-25T21:00,26.5,93,0.1,5.6,100
2025-11-25T22:00,26.5,89,0.6,5.5,100
2025-11-25T23:00,25.7,91,0.1,8.8,100
2025-11-26T00:00,25.6,91,0.3,8.1,100
2025-11-26T01:00,25.1,94,0.1,8.1,99
2025-11-26T02:00,25.1,94,0.1,6.2,100
2025-11-26T03:00,25.1,92,0,6.9,100
2025-11-26T04:00,25.2,91,0,8.1,100
2025-11-26T05:00,25.4,90,0.7,6.1,100
2025-11-26T06:00,25.2,93,1.8,2.4,100
2025-11-26T07:00,25.7,90,0.3,6,100
2025-11-26T08:00,27.2,85,0.5,8,100
2025-11-26T09:00,28.1,81,0.1,8.8,100
2025-11-26T10:00,28.8,77,0.1,9.7,99
2025-11-26T11:00,29.1,77,0.1,10.6,100
2025-11-26T12:00,29.4,76,0.1,10.1,100
2025-11-26T13:00,29.1,77,0,9.8,100
2025-11-26T14:00,29.5,75,0,7.6,100
2025-11-26T15:00,29.3,76,0.1,6.4,100
2025-11-26T16:00,28.9,73,0.6,6.4,100
2025-11-26T17:00,28.1,79,0.1,5.5,100
2025-11-26T18:00,27.7,84,0,2.2,100
2025-11-26T19:00,27.4,88,0,3.3,100
2025-11-26T20:00,26.6,91,0,4.1,100
2025-11-26T21:00,26.7,88,1.4,1.9,100
2025-11-26T22:00,26.4,93,0.1,4.6,100
2025-11-26T23:00,26.2,91,0,6.9,100
2025-11-27T00:00,25.9,90,0,7.1,100
2025-11-27T01:00,25.9,90,0,6.5,100
2025-11-27T02:00,26,90,0,6,100
2025-11-27T03:00,25.9,90,0,7.2,100
2025-11-27T04:00,25.9,88,0,5.8,100
2025-11-27T05:00,26.1,87,0,4,100
2025-11-27T06:00,25.7,88,0,5.8,100
2025-11-27T07:00,26.3,88,0,5.1,100
2025-11-27T08:00,28.2,78,0,5.6,100
2025-11-27T09:00,29.1,76,0,3.9,93
2025-11-27T10:00,29.7,73,0,4.1,98
2025-11-27T11:00,30.1,71,0,4.5,95
2025-11-27T12:00,30.4,68,0,5.1,95
2025-11-27T13:00,30.3,68,0,6.8,98
2025-11-27T14:00,30.9,65,0,5.8,98
2025-11-27T15:00,30.6,68,0,5.5,100
2025-11-27T16:00,30.2,68,0,4.5,100
2025-11-27T17:00,29.9,69,0,3.9,98
2025-11-27T18:00,29.5,72,0,3.1,98
2025-11-27T19:00,29.1,77,0,3.7,99
2025-11-27T20:00,28.8,82,0,2.7,100
2025-11-27T21:00,28.5,84,0,3.3,100
2025-11-27T22:00,27.8,89,0,4.4,100
2025-11-27T23:00,27,93,0,6,100
2025-11-28T00:00,26.4,92,0,7,100
2025-11-28T01:00,26.1,88,0,6.9,100
2025-11-28T02:00,26,87,0,4.2,100
2025-11-28T03:00,26,87,0,4.6,100
2025-11-28T04:00,25.8,87,0,4.5,100
2025-11-28T05:00,25.4,88,0,5.6,100
2025-11-28T06:00,25.2,85,0,6.9,100
2025-11-28T07:00,26,83,0,5.8,100
2025-11-28T08:00,28.3,74,0,4,100
2025-11-28T09:00,29.7,69,0,1.9,100
2025-11-28T10:00,30.3,66,0,3.7,49
2025-11-28T11:00,30.6,66,0,4.5,80
2025-11-28T12:00,30.8,66,0,6.5,22
2025-11-28T13:00,30.6,69,0.1,8.9,98
2025-11-28T14:00,30.8,66,0.3,8.2,93
2025-11-28T15:00,30.6,66,0.1,7.2,99
2025-11-28T16:00,30,67,0,4.8,95
2025-11-28T17:00,30,66,0,6.1,94
2025-11-28T18:00,29.3,71,0,7.3,98
2025-11-28T19:00,28.5,79,0,6.8,96
2025-11-28T20:00,28.6,79,0,4.7,100
2025-11-28T21:00,28.1,81,0,6.9,99
2025-11-28T22:00,27.6,82,0,5.4,100
2025-11-28T23:00,27.1,86,0,4.3,97
2025-11-29T00:00,26.7,89,0,4.9,100
2025-11-29T01:00,26.3,90,0,6.1,100
2025-11-29T02:00,26.3,91,0,4.9,100
2025-11-29T03:00,26.4,90,0,5.3,100
2025-11-29T04:00,26.3,88,0,5.4,100
2025-11-29T05:00,26.1,88,0,4.6,100
2025-11-29T06:00,26.1,89,0,4.2,98
2025-11-29T07:00,27.2,83,0,4.1,96
2025-11-29T08:00,28.6,74,0,3,100
2025-11-29T09:00,29.8,66,0,3.3,100
2025-11-29T10:00,30.5,63,0,4.8,100
2025-11-29T11:00,31,61,0,5.2,100
2025-11-29T12:00,31.6,58,0,5.8,100
2025-11-29T13:00,31.7,57,0,9.2,98
2025-11-29T14:00,29.9,66,0,4.4,100
2025-11-29T15:00,28.6,71,0.3,7.1,100
2025-11-29T16:00,27.7,76,0.6,2.7,100
2025-11-29T17:00,27.1,80,0.8,0.6,100
2025-11-29T18:00,26.7,83,0.2,0.8,100
2025-11-29T19:00,26.6,84,0,4.5,100
2025-11-29T20:00,27.3,79,0,1.7,100
2025-11-29T21:00,26.2,86,1,6.7,100
2025-11-29T22:00,26.1,87,0,6.2,100
2025-11-29T23:00,26.2,87,0,3.9,100
2025-11-30T00:00,25.8,86,0.3,2.9,100
2025-11-30T01:00,25.3,90,0,2,100
2025-11-30T02:00,24.8,93,0.9,9.6,100
2025-11-30T03:00,25.4,91,1.7,6.6,100
2025-11-30T04:00,25.2,93,0.1,7.2,100
2025-11-30T05:00,25,93,1.9,4.9,100
2025-11-30T06:00,25.1,93,0.6,7.3,100
2025-11-30T07:00,25.6,85,3.8,4.9,100
2025-11-30T08:00,26.7,85,0.1,6.2,100
2025-11-30T09:00,27.7,79,0.1,9.1,100
2025-11-30T10:00,28.4,75,0.1,6.2,100
2025-11-30T11:00,28.7,75,0.2,7.7,100
2025-11-30T12:00,28.8,76,0.1,7,99
2025-11-30T13:00,28.5,77,0.1,6,100
2025-11-30T14:00,27.4,82,0.2,6.6,100
2025-11-30T15:00,25.9,84,3.6,7.1,100
2025-11-30T16:00,26,86,0.2,3.5,100
2025-11-30T17:00,25.9,88,0.3,4.6,99
2025-11-30T18:00,25.8,88,0.1,7.2,99
2025-11-30T19:00,25.5,91,0,7.4,100
2025-11-30T20:00,27.1,85,0,2.8,100
2025-11-30T21:00,27.1,86,0,4.6,100
2025-11-30T22:00,26.8,87,0,5.8,100
2025-11-30T23:00,26.5,88,0,5.2,100
2025-12-01T00:00,26.1,91,0,4.5,100
2025-12-01T01:00,25.7,91,0,5.3,100
2025-12-01T02:00,25.5,91,0,5.9,100
2025-12-01T03:00,25.5,89,0,5.4,100
2025-12-01T04:00,25.3,88,0,5.1,100
2025-12-01T05:00,25.2,87,0,5.7,100
2025-12-01T06:00,25.1,86,0,4.7,100
2025-12-01T07:00,25.8,85,0,3.4,100
2025-12-01T08:00,27.6,78,0,4.9,100
2025-12-01T09:00,28.7,75,0,3.9,100
2025-12-01T10:00,29.5,71,0,2.7,100
2025-12-01T11:00,30,68,0,4.6,100
2025-12-01T12:00,30,70,0.1,7.5,100
2025-12-01T13:00,29.9,71,0.1,8,96
2025-12-01T14:00,30.5,67,0,7.5,100
2025-12-01T15:00,29.8,70,0,4.6,100
2025-12-01T16:00,28.6,74,0.2,4.2,100
2025-12-01T17:00,27,82,0.4,10,100
2025-12-01T18:00,26.3,84,0,8.8,100
2025-12-01T19:00,26.4,86,0,5.7,100
2025-12-01T20:00,27.5,84,0,8.6,100
2025-12-01T21:00,27.4,84,0,8.2,100
2025-12-01T22:00,27.2,85,0,7.8,100
2025-12-01T23:00,27.1,85,0,6.9,100
2025-12-02T00:00,26.8,86,0,5.8,100
2025-12-02T01:00,26.8,86,0,5.3,100
2025-12-02T02:00,26.4,89,0,1.8,100
2025-12-02T03:00,26.5,89,0,3.5,89
2025-12-02T04:00,25.4,90,1.9,7.7,88
2025-12-02T05:00,25.3,91,0.1,6.2,95
2025-12-02T06:00,25.2,91,0,7,97
2025-12-02T07:00,25.8,88,0,7.1,92
2025-12-02T08:00,28.1,78,0,10.2,98
2025-12-02T09:00,28.7,76,0.1,8,100
2025-12-02T10:00,29.1,76,0.1,6.2,97
2025-12-02T11:00,29.2,76,0.1,7.7,95
2025-12-02T12:00,29,77,0.1,7.8,100
2025-12-02T13:00,29.1,75,0.1,7.9,100
2025-12-02T14:00,29,75,0.1,7,99
2025-12-02T15:00,29.1,75,0.2,6.8,100
2025-12-02T16:00,28.2,78,1.2,7.5,100
2025-12-02T17:00,25.9,88,8.6,3.7,100
2025-12-02T18:00,25.8,89,0.1,7.4,100
2025-12-02T19:00,26,88,0,5.3,100
2025-12-02T20:00,25.2,92,0.1,6.3,100
2025-12-02T21:00,25.7,92,0.1,4.8,100
2025-12-02T22:00,25.6,94,0.1,4.3,100
2025-12-02T23:00,25.5,94,0,4.4,100
2025-12-03T00:00,25.5,94,0,6.6,100
2025-12-03T01:00,25.6,90,0,5.1,100
2025-12-03T02:00,25.6,92,0,0.4,100
2025-12-03T03:00,26.1,89,0,1.9,100
2025-12-03T04:00,26.1,90,0,4,100
2025-12-03T05:00,25.6,92,0,4.9,100
2025-12-03T06:00,25.4,93,0,6.2,100
2025-12-03T07:00,25.8,91,0,5.6,100
2025-12-03T08:00,27.6,81,0,4,95
2025-12-03T09:00,28.8,75,0,2.6,96
2025-12-03T10:00,29.6,72,0.1,1.7,90
2025-12-03T11:00,29.9,70,0.1,4.7,90
2025-12-03T12:00,29.5,71,0.1,8.1,96
2025-12-03T13:00,28.9,75,0.1,8.9,100
2025-12-03T14:00,27.3,83,0.1,2.9,100
2025-12-03T15:00,27.8,80,0.6,1.9,100
2025-12-03T16:00,28.1,79,0.2,5.2,100
2025-12-03T17:00,28,75,0.2,6.3,100
2025-12-03T18:00,27.4,81,0,7.1,100
2025-12-03T19:00,26.9,85,0,5.9,100
2025-12-03T20:00,27.2,82,0,5.1,100
2025-12-03T21:00,27,83,0,7.3,100
2025-12-03T22:00,26.7,84,0,8.8,100
2025-12-03T23:00,26.5,84,0,8.5,100
2025-12-04T00:00,26.1,85,0,8.3,100
2025-12-04T01:00,25.8,83,0,7.7,100
2025-12-04T02:00,26.1,85,0,6.1,100
2025-12-04T03:00,25.8,86,0,6.2,100
2025-12-04T04:00,25.4,87,0,5.8,100
2025-12-04T05:00,25.2,87,0,6.3,100
2025-12-04T06:00,25.3,87,0,5.8,100
2025-12-04T07:00,26.2,84,0,6.2,100
2025-12-04T08:00,27.3,80,0,5.8,100
2025-12-04T09:00,26,85,0.1,7.1,100
2025-12-04T10:00,26.4,81,0.2,4.4,74
2025-12-04T11:00,27.3,79,0.1,3.9,100
2025-12-04T12:00,28.6,74,0,7.1,100
2025-12-04T13:00,29,74,0,8.7,97
2025-12-04T14:00,28.3,75,0.4,9.2,94
2025-12-04T15:00,28,75,0.2,9,98
2025-12-04T16:00,27.2,78,1.5,7.9,100
2025-12-04T17:00,27.3,80,0.3,5.8,99
2025-12-04T18:00,27.1,81,0,5.5,99
2025-12-04T19:00,26.1,86,0.4,4,100
2025-12-04T20:00,26.1,86,0.2,3.4,100
2025-12-04T21:00,26.2,87,0,4.8,100
2025-12-04T22:00,26.1,88,0,4.9,100
2025-12-04T23:00,25.9,89,0,5.2,100
